{
  "BTC_TSMOM_4H": {
    "ret_1h": 0.08600746839232551,
    "ret_4h": 0.05232315869273987,
    "ret_24h": 0.08009168045325259,
    "ret_7d": 0.09821976267646722,
    "vol_24h": 0.06212859034634488,
    "vol_regime": 0.083724847557827,
    "volume_surge": 0.07262682188267088,
    "skew_4h": 0.07492046127129265,
    "autocorr_1h": 0.06597720132775194,
    "btc_corr_24h": 0.0,
    "trend_strength": 0.09843809983859904,
    "ret_sign_persist": 0.024738428749418884,
    "cfg_lookback_norm": 0.004351627446360775,
    "cfg_holding_norm": 0.0009386538688205508,
    "cfg_threshold_norm": 0.19551319749612833,
    "cfg_long_only": 0.0,
    "cfg_type_tsmom1h": 0.0,
    "cfg_type_tsmom4h": 0.0,
    "cfg_type_daily": 0.0,
    "cfg_type_volscale": 0.0,
    "cfg_type_dual": 0.0,
    "cfg_type_reversal": 0.0
  },
  "BTC_TSMOM_DAILY": {
    "ret_1h": 0.07125399190468364,
    "ret_4h": 0.05292654594205788,
    "ret_24h": 0.21188041409120079,
    "ret_7d": 0.12476281341384747,
    "vol_24h": 0.042044775984581576,
    "vol_regime": 0.058398907536789606,
    "volume_surge": 0.05794222104933802,
    "skew_4h": 0.14901276989748116,
    "autocorr_1h": 0.0668596980616107,
    "btc_corr_24h": 0.0,
    "trend_strength": 0.07168709479836786,
    "ret_sign_persist": 0.024253410690355068,
    "cfg_lookback_norm": 0.025013240717920625,
    "cfg_holding_norm": 0.00013583443249824893,
    "cfg_threshold_norm": 0.04382828147926726,
    "cfg_long_only": 0.0,
    "cfg_type_tsmom1h": 0.0,
    "cfg_type_tsmom4h": 0.0,
    "cfg_type_daily": 0.0,
    "cfg_type_volscale": 0.0,
    "cfg_type_dual": 0.0,
    "cfg_type_reversal": 0.0
  },
  "ETH_TSMOM_4H": {
    "ret_1h": 0.08609036940217275,
    "ret_4h": 0.0550465671327685,
    "ret_24h": 0.06524155249123108,
    "ret_7d": 0.07417678365740063,
    "vol_24h": 0.07155650530606325,
    "vol_regime": 0.08837819156915687,
    "volume_surge": 0.07530573343344536,
    "skew_4h": 0.05782663960999831,
    "autocorr_1h": 0.10958810744411715,
    "btc_corr_24h": 0.09639149812577907,
    "trend_strength": 0.05521875706890756,
    "ret_sign_persist": 0.025176037993208607,
    "cfg_lookback_norm": 0.0033508536873545227,
    "cfg_holding_norm": 0.0006850366688868285,
    "cfg_threshold_norm": 0.13596736640950952,
    "cfg_long_only": 0.0,
    "cfg_type_tsmom1h": 0.0,
    "cfg_type_tsmom4h": 0.0,
    "cfg_type_daily": 0.0,
    "cfg_type_volscale": 0.0,
    "cfg_type_dual": 0.0,
    "cfg_type_reversal": 0.0
  },
  "ETH_TSMOM_DAILY": {
    "ret_1h": 0.04871169144294844,
    "ret_4h": 0.05438323440126049,
    "ret_24h": 0.12166923997530811,
    "ret_7d": 0.12459837775748907,
    "vol_24h": 0.09031351389415859,
    "vol_regime": 0.11938226589144381,
    "volume_surge": 0.05224711875757926,
    "skew_4h": 0.10349903337875509,
    "autocorr_1h": 0.07538522507191127,
    "btc_corr_24h": 0.0575809881796271,
    "trend_strength": 0.05558591695423127,
    "ret_sign_persist": 0.023249449687593744,
    "cfg_lookback_norm": 0.01688026679928214,
    "cfg_holding_norm": 0.00013453496008479632,
    "cfg_threshold_norm": 0.05637914284832684,
    "cfg_long_only": 0.0,
    "cfg_type_tsmom1h": 0.0,
    "cfg_type_tsmom4h": 0.0,
    "cfg_type_daily": 0.0,
    "cfg_type_volscale": 0.0,
    "cfg_type_dual": 0.0,
    "cfg_type_reversal": 0.0
  },
  "SOL_TSMOM_4H": {
    "ret_1h": 0.07128398629653085,
    "ret_4h": 0.07618648826743604,
    "ret_24h": 0.07233276298723966,
    "ret_7d": 0.09810961551955001,
    "vol_24h": 0.08592811798305819,
    "vol_regime": 0.11350107479458943,
    "volume_surge": 0.050713864961734426,
    "skew_4h": 0.0586513418682974,
    "autocorr_1h": 0.1375971053372433,
    "btc_corr_24h": 0.10267348698953864,
    "trend_strength": 0.07783365585684274,
    "ret_sign_persist": 0.03423202356457325,
    "cfg_lookback_norm": 0.0013457474953619483,
    "cfg_holding_norm": 0.001153031065003375,
    "cfg_threshold_norm": 0.018457697013000752,
    "cfg_long_only": 0.0,
    "cfg_type_tsmom1h": 0.0,
    "cfg_type_tsmom4h": 0.0,
    "cfg_type_daily": 0.0,
    "cfg_type_volscale": 0.0,
    "cfg_type_dual": 0.0,
    "cfg_type_reversal": 0.0
  },
  "SOL_TSMOM_DAILY": {
    "ret_1h": 0.061997945373517334,
    "ret_4h": 0.07190398625851498,
    "ret_24h": 0.13724619311236125,
    "ret_7d": 0.09720615501631176,
    "vol_24h": 0.06554698912340126,
    "vol_regime": 0.09009869408883155,
    "volume_surge": 0.04581006329762195,
    "skew_4h": 0.15150973306920623,
    "autocorr_1h": 0.08414845254118083,
    "btc_corr_24h": 0.08371407453618228,
    "trend_strength": 0.05876248232928876,
    "ret_sign_persist": 0.03302346793933275,
    "cfg_lookback_norm": 0.014288879272772021,
    "cfg_holding_norm": 0.00011187371620079064,
    "cfg_threshold_norm": 0.004631010325276326,
    "cfg_long_only": 0.0,
    "cfg_type_tsmom1h": 0.0,
    "cfg_type_tsmom4h": 0.0,
    "cfg_type_daily": 0.0,
    "cfg_type_volscale": 0.0,
    "cfg_type_dual": 0.0,
    "cfg_type_reversal": 0.0
  }
}