{
  "BTC_SPREAD": {
    "binance_8h_pct": 0.07512615944756824,
    "bybit_8h_pct": 0.055073982105932145,
    "spread_ann": 0.06289126618243476,
    "spread_7d_avg": 0.07294196792972692,
    "spread_trend": 0.05706239195389776,
    "spread_pct_positive_30d": 0.2104317621376467,
    "spread_vol_30d": 0.17047970071855992,
    "binance_basis_pct": 0.07075309375100074,
    "spot_vol_24h_ann": 0.024217034247249657,
    "vol_regime": 0.028823026695157305,
    "cfg_min_spread_norm": 0.01195973696557685,
    "cfg_hold_days_norm": 0.0004092580798948605,
    "cfg_min_pct_pos_norm": 0.15983061978535407
  },
  "ETH_SPREAD": {
    "binance_8h_pct": 0.05178119936929361,
    "bybit_8h_pct": 0.07466882390059311,
    "spread_ann": 0.046742801559338625,
    "spread_7d_avg": 0.14874684517057643,
    "spread_trend": 0.026410547391419088,
    "spread_pct_positive_30d": 0.23377928984014198,
    "spread_vol_30d": 0.0880918554928155,
    "binance_basis_pct": 0.05531535756850656,
    "spot_vol_24h_ann": 0.013773591979696836,
    "vol_regime": 0.011335570641674172,
    "cfg_min_spread_norm": 0.038721087722075144,
    "cfg_hold_days_norm": 0.000991223979742681,
    "cfg_min_pct_pos_norm": 0.20964180538412625
  },
  "SOL_SPREAD": {
    "binance_8h_pct": 0.06570070597936437,
    "bybit_8h_pct": 0.03825609077068298,
    "spread_ann": 0.06521683587267355,
    "spread_7d_avg": 0.058896185364294175,
    "spread_trend": 0.036274830258590525,
    "spread_pct_positive_30d": 0.17893436500367374,
    "spread_vol_30d": 0.17709890042632517,
    "binance_basis_pct": 0.028612565376989387,
    "spot_vol_24h_ann": 0.026186696610365434,
    "vol_regime": 0.02230877848787507,
    "cfg_min_spread_norm": 0.01903534683218712,
    "cfg_hold_days_norm": 0.0012039487398406562,
    "cfg_min_pct_pos_norm": 0.28227475027713794
  },
  "XRP_SPREAD": {
    "binance_8h_pct": 0.022971823008998776,
    "bybit_8h_pct": 0.029887326166372494,
    "spread_ann": 0.019516077432822448,
    "spread_7d_avg": 0.08803085211694826,
    "spread_trend": 0.04377441162828802,
    "spread_pct_positive_30d": 0.2824624336861421,
    "spread_vol_30d": 0.21461992773648852,
    "binance_basis_pct": 0.06700672065603763,
    "spot_vol_24h_ann": 0.034135559699420594,
    "vol_regime": 0.03207386413520377,
    "cfg_min_spread_norm": 0.00501778548424723,
    "cfg_hold_days_norm": 0.0004927390099090813,
    "cfg_min_pct_pos_norm": 0.16001047923912115
  },
  "ADA_SPREAD": {
    "binance_8h_pct": 0.17537244597274323,
    "bybit_8h_pct": 0.18884263055331815,
    "spread_ann": 0.07164235493712126,
    "spread_7d_avg": 0.08486885712034184,
    "spread_trend": 0.027288436605562558,
    "spread_pct_positive_30d": 0.13872983837482913,
    "spread_vol_30d": 0.0791144546766407,
    "binance_basis_pct": 0.13719579307287064,
    "spot_vol_24h_ann": 0.028453933526874232,
    "vol_regime": 0.02232898753291719,
    "cfg_min_spread_norm": 0.01663823199441623,
    "cfg_hold_days_norm": 0.0021534000757236593,
    "cfg_min_pct_pos_norm": 0.02737063555664127
  },
  "AVAX_SPREAD": {
    "binance_8h_pct": 0.03305791080880987,
    "bybit_8h_pct": 0.03972975931184634,
    "spread_ann": 0.030423890250262053,
    "spread_7d_avg": 0.062469765171949396,
    "spread_trend": 0.01983239707540189,
    "spread_pct_positive_30d": 0.1671906041357098,
    "spread_vol_30d": 0.12068453115542924,
    "binance_basis_pct": 0.05666349754187547,
    "spot_vol_24h_ann": 0.031894235020361913,
    "vol_regime": 0.03395540823159886,
    "cfg_min_spread_norm": 0.00957360430532097,
    "cfg_hold_days_norm": 0.0009735188097234221,
    "cfg_min_pct_pos_norm": 0.39355087818171075
  }
}