{
  "timestamp": "2026-03-03T09:54:29.762597",
  "n_assets": 11,
  "n_obs": 1258,
  "n_train": 880,
  "n_test": 378,
  "n_ranked": 11,
  "n_oos_passed": 6,
  "n_backtested": 6,
  "phase_times": {
    "scan": 0.8782495999475941,
    "surface_rank": 17.73361780005507,
    "oos_validation": 1.3111530999885872,
    "backtest": 1.1428058999590576,
    "metrics": 0.005516899982467294
  },
  "score_weights": {
    "adf_t": 0.25,
    "vr_eigen2_proj": 0.25,
    "hurst": 0.1,
    "half_life": 0.1,
    "vr_eigen1_proj": 0.1,
    "vr_eigen3_proj": 0.1,
    "vr_mahalanobis": 0.1
  },
  "ranked_baskets": [
    {
      "rank": 1,
      "target": "PSKY",
      "basket": [
        "XYZ",
        "DXCM",
        "LYV"
      ],
      "composite_score": 0.5403849115382697,
      "score_components": {
        "adf_t": -0.00033704472551706683,
        "vr_eigen2_proj": 0.35920823714893696,
        "hurst": -0.03249488470325488,
        "half_life": -0.08326989351171445,
        "vr_eigen1_proj": 0.07533696097960851,
        "vr_eigen3_proj": 0.13692178975808109,
        "vr_mahalanobis": 0.08501974659212957
      },
      "adf_t": -4.976496461770194,
      "adf_p": 2.469709638620053e-05,
      "hurst": 0.9825475315281437,
      "half_life": 23.53810319721686
    },
    {
      "rank": 2,
      "target": "HD",
      "basket": [
        "KKR",
        "BF-B",
        "PSKY"
      ],
      "composite_score": -0.15557917513259092,
      "score_components": {
        "adf_t": -0.0020354698988952883,
        "vr_eigen2_proj": -0.11492569551767483,
        "hurst": -0.02010855739180746,
        "half_life": 0.0024867893698142917,
        "vr_eigen1_proj": 0.00398525894026594,
        "vr_eigen3_proj": -0.06498990238696922,
        "vr_mahalanobis": 0.040008401752675664
      },
      "adf_t": -4.94264199242529,
      "adf_p": 2.8787538705412856e-05,
      "hurst": 0.9704852970790944,
      "half_life": 12.688517875047081
    },
    {
      "rank": 3,
      "target": "XYZ",
      "basket": [
        "TRMB",
        "CB",
        "PSKY"
      ],
      "composite_score": -0.1665329523137223,
      "score_components": {
        "adf_t": -0.03710875192242286,
        "vr_eigen2_proj": -0.11951633129348545,
        "hurst": -0.003794975567637556,
        "half_life": -0.032215019502625813,
        "vr_eigen1_proj": -0.036871034590203744,
        "vr_eigen3_proj": 0.004404605929848941,
        "vr_mahalanobis": 0.05856855463280417
      },
      "adf_t": -4.243531210447807,
      "adf_p": 0.0005555977022023212,
      "hurst": 0.9811032370429196,
      "half_life": 17.07861181254806
    },
    {
      "rank": 4,
      "target": "TRMB",
      "basket": [
        "KKR",
        "XYZ",
        "PSKY"
      ],
      "composite_score": -0.25316807609978964,
      "score_components": {
        "adf_t": -0.043555016525968986,
        "vr_eigen2_proj": -0.0959036300697418,
        "hurst": -0.013177436372104435,
        "half_life": -0.03473864376438436,
        "vr_eigen1_proj": -0.08068859763704084,
        "vr_eigen3_proj": -0.03964021402011191,
        "vr_mahalanobis": 0.054535462289562714
      },
      "adf_t": -4.115038727628669,
      "adf_p": 0.0009145494677447695,
      "hurst": 0.9355131007436643,
      "half_life": 17.39789030580996
    },
    {
      "rank": 5,
      "target": "KKR",
      "basket": [
        "HD",
        "PSKY",
        "CB"
      ],
      "composite_score": -0.2539781782761677,
      "score_components": {
        "adf_t": -0.00024911615170405694,
        "vr_eigen2_proj": -0.2294538472910611,
        "hurst": -0.016005403499102757,
        "half_life": 0.0015740134250882953,
        "vr_eigen1_proj": 0.02452281512298431,
        "vr_eigen3_proj": -0.0953447908731234,
        "vr_mahalanobis": 0.060978150990751046
      },
      "adf_t": -4.978249129625895,
      "adf_p": 2.4501348223639856e-05,
      "hurst": 0.9531498844252189,
      "half_life": 12.803984632260734
    },
    {
      "rank": 6,
      "target": "LYV",
      "basket": [
        "CB",
        "XYZ",
        "PSKY"
      ],
      "composite_score": -0.2882743775060451,
      "score_components": {
        "adf_t": -0.07303471544715316,
        "vr_eigen2_proj": -0.16928325379540005,
        "hurst": -0.016297396160214396,
        "half_life": -0.016877008319529024,
        "vr_eigen1_proj": -0.01803618534326783,
        "vr_eigen3_proj": -0.04363757443679051,
        "vr_mahalanobis": 0.04889175599630989
      },
      "adf_t": -3.5274240484143116,
      "adf_p": 0.0073100944369615456,
      "hurst": 0.9339321231078676,
      "half_life": 15.138151766924468
    },
    {
      "rank": 7,
      "target": "BRK-B",
      "basket": [
        "CB",
        "DXCM",
        "TRMB"
      ],
      "composite_score": -0.3146594211667209,
      "score_components": {
        "adf_t": -0.09780719291455248,
        "vr_eigen2_proj": -0.1467788889266059,
        "hurst": -0.043399056304062,
        "half_life": -0.20604855549605025,
        "vr_eigen1_proj": 0.1760117929269589,
        "vr_eigen3_proj": -0.042118017670030886,
        "vr_mahalanobis": 0.045480497217621665
      },
      "adf_t": -3.033637750281861,
      "adf_p": 0.03187024339903299,
      "hurst": 1.0,
      "half_life": 39.07303917141066
    },
    {
      "rank": 8,
      "target": "MRSH",
      "basket": [
        "KKR",
        "XYZ",
        "BF-B"
      ],
      "composite_score": -0.3781340178300231,
      "score_components": {
        "adf_t": -0.06355387731137065,
        "vr_eigen2_proj": -0.08704094333116447,
        "hurst": -0.02264271961066099,
        "half_life": -0.06884024315956729,
        "vr_eigen1_proj": -0.09328546473923029,
        "vr_eigen3_proj": -0.09637758485876641,
        "vr_mahalanobis": 0.053606815180736934
      },
      "adf_t": -3.7164042572941822,
      "adf_p": 0.0038882418026686626,
      "hurst": 0.982122514375335,
      "half_life": 21.7124148465618
    },
    {
      "rank": 9,
      "target": "DXCM",
      "basket": [
        "HD",
        "CB",
        "XYZ"
      ],
      "composite_score": -0.4262443283072731,
      "score_components": {
        "adf_t": -0.10433906217309266,
        "vr_eigen2_proj": -0.1556871066533761,
        "hurst": -0.03511382713835424,
        "half_life": -0.18548758761349943,
        "vr_eigen1_proj": 0.03450384583087557,
        "vr_eigen3_proj": -0.002828518713110843,
        "vr_mahalanobis": 0.02270792815328468
      },
      "adf_t": -2.903438921952951,
      "adf_p": 0.04494955661123149,
      "hurst": 1.0,
      "half_life": 36.47145992927848
    },
    {
      "rank": 10,
      "target": "CB",
      "basket": [
        "BRK-B",
        "XYZ",
        "PSKY"
      ],
      "composite_score": -0.45278977945271215,
      "score_components": {
        "adf_t": -0.08187239644240243,
        "vr_eigen2_proj": -0.23805077736993094,
        "hurst": -0.0407535307733945,
        "half_life": -0.14789392457425904,
        "vr_eigen1_proj": 0.10397629189934383,
        "vr_eigen3_proj": -0.08436112234973812,
        "vr_mahalanobis": 0.036165680157669126
      },
      "adf_t": -3.351263800071666,
      "adf_p": 0.012736818474607088,
      "hurst": 1.0,
      "half_life": 31.7147657264931
    },
    {
      "rank": 11,
      "target": "BF-B",
      "basket": [
        "HD",
        "XYZ",
        "PSKY"
      ],
      "composite_score": -0.6102422221807396,
      "score_components": {
        "adf_t": -0.10486005820342972,
        "vr_eigen2_proj": -0.24828398319601927,
        "hurst": -0.017866308994786317,
        "half_life": -0.15828243873816403,
        "vr_eigen1_proj": -0.07153388490878147,
        "vr_eigen3_proj": -0.060481601824873304,
        "vr_mahalanobis": 0.051066053685314354
      },
      "adf_t": -2.8930539815891785,
      "adf_p": 0.046161707701524966,
      "hurst": 1.0,
      "half_life": 33.02921069379716
    }
  ],
  "performance": [
    {
      "target": "HD",
      "basket": [
        "KKR",
        "BF-B",
        "PSKY"
      ],