{
  "timestamp": "2026-03-02T20:41:05.817525",
  "n_assets": 5,
  "n_obs": 1258,
  "n_train": 880,
  "n_test": 378,
  "n_ranked": 5,
  "n_oos_passed": 4,
  "n_backtested": 4,
  "phase_times": {
    "scan": 0.4450182000291534,
    "surface_rank": 10.503359399968758,
    "oos_validation": 0.3358469999511726,
    "backtest": 0.914629100007005,
    "metrics": 0.0026742999907583
  },
  "score_weights": {
    "adf_t": 0.25,
    "vr_eigen2_proj": 0.25,
    "hurst": 0.1,
    "half_life": 0.1,
    "vr_eigen1_proj": 0.1,
    "vr_eigen3_proj": 0.1,
    "vr_mahalanobis": 0.1
  },
  "ranked_baskets": [
    {
      "rank": 1,
      "target": "PSKY",
      "basket": [
        "XYZ",
        "BF-B",
        "BRK-B"
      ],
      "composite_score": 0.689120972409406,
      "score_components": {
        "adf_t": -0.024724628100037283,
        "vr_eigen2_proj": 0.6301631105858946,
        "hurst": -0.03190347806396509,
        "half_life": -0.1424259090349876,
        "vr_eigen1_proj": 0.070210531658278,
        "vr_eigen3_proj": 0.09643797307346244,
        "vr_mahalanobis": 0.09136337229076097
      },
      "adf_t": -3.894291166589918,
      "adf_p": 0.002077265001490223,
      "hurst": 0.9781532955295883,
      "half_life": 42.109083335693526
    },
    {
      "rank": 2,
      "target": "MRSH",
      "basket": [
        "BRK-B",
        "PSKY",
        "XYZ"
      ],
      "composite_score": -0.09873526926494781,
      "score_components": {
        "adf_t": -0.06387231642624712,
        "vr_eigen2_proj": -0.045536513828696876,
        "hurst": -0.03491709971388828,
        "half_life": -0.14704335095836646,
        "vr_eigen1_proj": 0.03517506883828751,
        "vr_eigen3_proj": 0.08715722418316287,
        "vr_mahalanobis": 0.07030171864080052
      },
      "adf_t": -3.2175527572582787,
      "adf_p": 0.0189908748105177,
      "hurst": 1.0,
      "half_life": 42.904490036315124
    },
    {
      "rank": 3,
      "target": "BRK-B",
      "basket": [
        "MRSH",
        "PSKY",
        "XYZ"
      ],
      "composite_score": -0.12782567110189058,
      "score_components": {
        "adf_t": -0.07016767261506192,
        "vr_eigen2_proj": -0.11170627746766817,
        "hurst": -0.0287920497493615,
        "half_life": -0.13719799106134853,
        "vr_eigen1_proj": 0.04668793814433419,
        "vr_eigen3_proj": 0.10162883429308023,
        "vr_mahalanobis": 0.07172154735413512
      },
      "adf_t": -3.108726169647426,
      "adf_p": 0.025914116508272175,
      "hurst": 1.0,
      "half_life": 41.208516058996935
    },
    {
      "rank": 4,
      "target": "BF-B",
      "basket": [
        "XYZ",
        "MRSH",
        "PSKY"
      ],
      "composite_score": -0.37852025457185456,
      "score_components": {
        "adf_t": -0.07623977669464048,
        "vr_eigen2_proj": -0.1983324828277512,
        "hurst": -0.020665895174249698,
        "half_life": -0.07588851663374743,
        "vr_eigen1_proj": -0.037597047132509664,
        "vr_eigen3_proj": -0.041729621901178245,
        "vr_mahalanobis": 0.07193308579222212
      },
      "adf_t": -3.003758897458356,
      "adf_p": 0.0345448545392071,
      "hurst": 0.9949769418162998,
      "half_life": 30.647367885453622
    },
    {
      "rank": 5,
      "target": "XYZ",
      "basket": [
        "BF-B",
        "PSKY",
        "MRSH"
      ],
      "composite_score": -0.4386694847366961,
      "score_components": {
        "adf_t": -0.12100871818183498,
        "vr_eigen2_proj": -0.08005362850882478,
        "hurst": -0.011329497358552749,
        "half_life": -0.19464104523630466,
        "vr_eigen1_proj": -0.07695303668744696,
        "vr_eigen3_proj": -0.040833596585682974,
        "vr_mahalanobis": 0.08615003782195109
      },
      "adf_t": -2.229846987333611,
      "adf_p": 0.1955915764363591,
      "hurst": 0.9815047975401919,
      "half_life": 51.103765032772635
    }
  ],
  "performance": [
    {
      "target": "MRSH",
      "basket": [
        "BRK-B",
        "PSKY",
        "XYZ"
      ],
      "sharpe": -0.03294377330818023,
      "sortino": -0.029080472263822748,
      "calmar": -0.010734531784876872,
      "annual_return": -0.003841315680610189,
      "annual_vol": 0.11660217682642797,
      "max_drawdown": -0.3578465980250716,
      "max_dd_duration": 426,
      "win_rate": 0.7272727272727273,
      "avg_win": 0.030708995310421473,
      "avg_loss": -0.019543783995989703,
      "profit_factor": 4.807314110821722,
      "n_trades": 33,
      "avg_hold_days": 12.303030303030303,
      "total_costs": 16.530886230468752,
      "turnover": 13.220985691573928,
      "composite_score": -0.09873526926494781,
      "score_components": {
        "adf_t": -0.06387231642624712,
        "vr_eigen2_proj": -0.045536513828696876,
        "hurst": -0.03491709971388828,
        "half_life": -0.14704335095836646,
        "vr_eigen1_proj": 0.03517506883828751,
        "vr_eigen3_proj": 0.08715722418316287,
        "vr_mahalanobis": 0.07030171864080052
      }
    },
    {
      "target": "BF-B",
      "basket": [
        "XYZ",
        "MRSH",
        "PSKY"
      ],
      "sharpe": -0.3713974469163363,
      "sortino": -0.31366410382466536,
      "calmar": -0.0929042412120856,
      "annual_return": -0.04077849814991504,
      "annual_vol": 0.10979746492199528,
      "max_drawdown": -0.43893042575768115,
      "max_dd_duration": 671,
      "win_rate": 0.8387096774193549,
      "avg_win": 0.05318533973519924,
      "avg_loss": -0.02881618922942104,
      "profit_factor": 9.724437951841677,
      "n_trades": 31,
      "avg_hold_days": 17.161290322580644,
      "total_costs": 5.862071113586426,
      "turnover": 12.419713831478537,
      "composite_score": -0.37852025457185456,
      "score_components": {
        "adf_t": -0.07623977669464048,
        "vr_eigen2_proj": -0.1983324828277512,
        "hurst": -0.020665895174249698,
        "half_life": -0.07588851663374743,
        "vr_eigen1_proj": -0.037597047132509664,
        "vr_eigen3_proj": -0.041729621901178245,
        "vr_mahalanobis": 0.07193308579222212
      }
    },
    {
      "target": "BRK-B",
      "basket": [
        "MRSH",
        "PSKY",
        "XYZ"
      ],
      "sharpe": -1.0329872209580417,
      "sortino": -0.935842591667127,
      "calmar": -0.1833283779246932,
      "annual_return": -0.11059715855915928,
      "annual_vol": 0.10706536955663999,
      "max_drawdown": -0.6032735346875205,
      "max_dd_duration": 748,
      "win_rate": 0.4411764705882353,
      "avg_win": 0.03786622006658703,
      "avg_loss": -0.035323549705707794,
      "profit_factor": 0.8523174808954654,
      "n_trades": 34,
      "avg_hold_days": 13.794117647058824,
      "total_costs": 31.441560379028324,
      "turnover": 13.621621621621621,
      "composite_score": -0.12782567110189058,
      "score_components": {
        "adf_t": -0.07016767261506192,
        "vr_eigen2_proj": -0.11170627746766817,
        "hurst": -0.0287920497493615,
        "half_life": -0.13719799106134853,
        "vr_eigen1_proj": 0.04668793814433419,
        "vr_eigen3_proj": 0.10162883429308023,
        "vr_mahalanobis": 0.07172154735413512
      }
    },
    {
      "target": "PSKY",
      "basket": [
        "XYZ",
        "BF-B",
        "BRK-B"
      ],
      "sharpe": -1.038545929889926,
      "sortino": -0.6651810182360702,
      "calmar": -0.19442349824421196,
      "annual_return": -0.35133645926100854,
      "annual_vol": 0.33829650586396903,
      "max_drawdown": -1.8070678824002073,
      "max_dd_duration": 753,
      "win_rate": 0.72,
      "avg_win": 0.10329777733306177,
      "avg_loss": -0.10789904612073062,
      "profit_factor": 1.7946435351668637,
      "n_trades": 25,
      "avg_hold_days": 18.0,
      "total_costs": 2.227418706893921,
      "turnover": 10.015898251192368,
      "composite_score": 0.689120972409406,
      "score_components": {
        "adf_t": -0.024724628100037283,
        "vr_eigen2_proj": 0.6301631105858946,
        "hurst": -0.03190347806396509,