{
  "ES_MACD": {
    "ret_24h": 0.1010904810751068,
    "ret_7d": 0.17223393290686753,
    "vol_24h": 0.10919867194699656,
    "vol_7d": 0.07246167533245644,
    "vol_ratio": 0.1332094933280922,
    "volume_ratio": 0.0753563197443293,
    "rsi_14": 0.08718908918579653,
    "trend_strength": 0.09050196896822206,
    "benchmark_corr_7d": 0.0,
    "high_low_range": 0.148563097052195,
    "cfg_period": 0.0,
    "cfg_threshold_lo": 0.0,
    "cfg_threshold_hi": 0.0,
    "cfg_hold_hours": 0.006768124862251378,
    "cfg_fast_period": 0.0017597639345970498,
    "cfg_slow_period": 0.0005512536528910985,
    "cfg_signal_period": 0.0011161280101978552,
    "cfg_multiplier": 0.0,
    "cfg_vol_multiplier": 0.0
  },
  "ES_EMA_CROSS": {
    "ret_24h": 0.06500399921314129,
    "ret_7d": 0.06502102977575457,
    "vol_24h": 0.07963752153822369,
    "vol_7d": 0.06162492317738395,
    "vol_ratio": 0.06744936512578646,
    "volume_ratio": 0.09016382197307553,
    "rsi_14": 0.10934839261397346,
    "trend_strength": 0.22506985426561046,
    "benchmark_corr_7d": 0.0,
    "high_low_range": 0.06863047655426294,
    "cfg_period": 0.0,
    "cfg_threshold_lo": 0.0,
    "cfg_threshold_hi": 0.0,
    "cfg_hold_hours": 0.002774561531893529,
    "cfg_fast_period": 0.05503278482435104,
    "cfg_slow_period": 0.11024326940654314,
    "cfg_signal_period": 0.0,
    "cfg_multiplier": 0.0,
    "cfg_vol_multiplier": 0.0
  },
  "ES_ATR_BREAK": {
    "ret_24h": 0.06881886549077178,
    "ret_7d": 0.06300952735225294,
    "vol_24h": 0.07780678274157464,
    "vol_7d": 0.09514449038467003,
    "vol_ratio": 0.050634366368743036,
    "volume_ratio": 0.0621558764412003,
    "rsi_14": 0.0804186141888077,
    "trend_strength": 0.12528482235812738,
    "benchmark_corr_7d": 0.0,
    "high_low_range": 0.0826086754363946,
    "cfg_period": 0.021925751298456916,
    "cfg_threshold_lo": 0.0,
    "cfg_threshold_hi": 0.0,
    "cfg_hold_hours": 0.0017948705185548515,
    "cfg_fast_period": 0.0,
    "cfg_slow_period": 0.0,
    "cfg_signal_period": 0.0,
    "cfg_multiplier": 0.27039735742044596,
    "cfg_vol_multiplier": 0.0
  },
  "NQ_MACD": {
    "ret_24h": 0.07928980934633884,
    "ret_7d": 0.11156320410032766,
    "vol_24h": 0.09380053461059562,
    "vol_7d": 0.10460129743280132,
    "vol_ratio": 0.1067754636663524,
    "volume_ratio": 0.05716634085206302,
    "rsi_14": 0.053020122829794576,
    "trend_strength": 0.19271608590027503,
    "benchmark_corr_7d": 0.08236919354824468,
    "high_low_range": 0.11008008622364716,
    "cfg_period": 0.0,
    "cfg_threshold_lo": 0.0,
    "cfg_threshold_hi": 0.0,
    "cfg_hold_hours": 0.004853226620983416,
    "cfg_fast_period": 0.002063891403657547,
    "cfg_slow_period": 0.0008259960135475268,
    "cfg_signal_period": 0.0008747474513713105,
    "cfg_multiplier": 0.0,
    "cfg_vol_multiplier": 0.0
  },
  "NQ_EMA_CROSS": {
    "ret_24h": 0.06561329714888768,
    "ret_7d": 0.08904149597301216,
    "vol_24h": 0.05499783582981786,
    "vol_7d": 0.05173991732631688,
    "vol_ratio": 0.06158688691243261,
    "volume_ratio": 0.12474594673813305,
    "rsi_14": 0.082577186001543,
    "trend_strength": 0.08929895449323942,
    "benchmark_corr_7d": 0.13865447600068154,
    "high_low_range": 0.056882937280695496,
    "cfg_period": 0.0,
    "cfg_threshold_lo": 0.0,
    "cfg_threshold_hi": 0.0,
    "cfg_hold_hours": 0.001110093629431302,
    "cfg_fast_period": 0.07468715211647893,
    "cfg_slow_period": 0.1090638205493301,
    "cfg_signal_period": 0.0,
    "cfg_multiplier": 0.0,
    "cfg_vol_multiplier": 0.0
  },
  "NQ_ATR_BREAK": {
    "ret_24h": 0.08587960527639465,
    "ret_7d": 0.05007520002472002,
    "vol_24h": 0.06898397292552583,
    "vol_7d": 0.052807211472989876,
    "vol_ratio": 0.04489104599981276,
    "volume_ratio": 0.09584644019498147,
    "rsi_14": 0.053408636310212206,
    "trend_strength": 0.10287497678337049,
    "benchmark_corr_7d": 0.12859504147506534,
    "high_low_range": 0.05094501887219817,
    "cfg_period": 0.027761618917436573,
    "cfg_threshold_lo": 0.0,
    "cfg_threshold_hi": 0.0,
    "cfg_hold_hours": 0.0010974928661001714,
    "cfg_fast_period": 0.0,
    "cfg_slow_period": 0.0,
    "cfg_signal_period": 0.0,
    "cfg_multiplier": 0.23683373888119252,
    "cfg_vol_multiplier": 0.0
  },
  "YM_MACD": {
    "ret_24h": 0.08026214746825988,
    "ret_7d": 0.12177185827983013,
    "vol_24h": 0.0990542620480405,
    "vol_7d": 0.07147584347999243,
    "vol_ratio": 0.0808933668536569,
    "volume_ratio": 0.10415183968649805,
    "rsi_14": 0.13684948471140204,
    "trend_strength": 0.09099140367133694,
    "benchmark_corr_7d": 0.06674127142917545,
    "high_low_range": 0.13671878128598292,
    "cfg_period": 0.0,
    "cfg_threshold_lo": 0.0,
    "cfg_threshold_hi": 0.0,
    "cfg_hold_hours": 0.008275990797792803,
    "cfg_fast_period": 0.001413797178015155,
    "cfg_slow_period": 0.0005957729419560539,
    "cfg_signal_period": 0.0008041801680608318,
    "cfg_multiplier": 0.0,
    "cfg_vol_multiplier": 0.0
  },
  "YM_EMA_CROSS": {
    "ret_24h": 0.0580966041333375,
    "ret_7d": 0.06368753071866307,
    "vol_24h": 0.09008461411691826,
    "vol_7d": 0.06481660322655722,
    "vol_ratio": 0.1117510541039731,
    "volume_ratio": 0.06488058775697371,
    "rsi_14": 0.07827654787136029,
    "trend_strength": 0.09055124069039479,
    "benchmark_corr_7d": 0.06674735431593042,
    "high_low_range": 0.09138519326571405,
    "cfg_period": 0.0,
    "cfg_threshold_lo": 0.0,
    "cfg_threshold_hi": 0.0,
    "cfg_hold_hours": 0.002936142190689004,
    "cfg_fast_period": 0.07951792475414361,
    "cfg_slow_period": 0.13726860285534506,
    "cfg_signal_period": 0.0,
    "cfg_multiplier": 0.0,
    "cfg_vol_multiplier": 0.0
  },
  "YM_ATR_BREAK": {
    "ret_24h": 0.14063474339395365,
    "ret_7d": 0.045889960804620156,
    "vol_24h": 0.06130720752795034,
    "vol_7d": 0.05353611552656387,
    "vol_ratio": 0.053560359299401415,
    "volume_ratio": 0.05118769613019089,
    "rsi_14": 0.0852079745022918,
    "trend_strength": 0.07360327171250675,
    "benchmark_corr_7d": 0.063567802377238,
    "high_low_range": 0.10632790177670792,
    "cfg_period": 0.0105072230127607,
    "cfg_threshold_lo": 0.0,
    "cfg_threshold_hi": 0.0,
    "cfg_hold_hours": 0.0012164892762817896,
    "cfg_fast_period": 0.0,
    "cfg_slow_period": 0.0,
    "cfg_signal_period": 0.0,
    "cfg_multiplier": 0.2534532546595327,
    "cfg_vol_multiplier": 0.0
  },
  "RTY_MACD": {
    "ret_24h": 0.10937149803584396,
    "ret_7d": 0.08593508334224068,
    "vol_24h": 0.16288650407995806,
    "vol_7d": 0.06085743620400282,
    "vol_ratio": 0.09376560509078528,
    "volume_ratio": 0.10492358699859966,
    "rsi_14": 0.12047427843708744,
    "trend_strength": 0.12216272196322064,
    "benchmark_corr_7d": 0.04786781228034981,
    "high_low_range": 0.08044475181714938,
    "cfg_period": 0.0,
    "cfg_threshold_lo": 0.0,
    "cfg_threshold_hi": 0.0,
    "cfg_hold_hours": 0.007057311956559918,
    "cfg_fast_period": 0.0017793835695343032,
    "cfg_slow_period": 0.0011563608727231062,
    "cfg_signal_period": 0.0013176653519450508,
    "cfg_multiplier": 0.0,
    "cfg_vol_multiplier": 0.0
  },
  "RTY_EMA_CROSS": {
    "ret_24h": 0.08042604700137554,
    "ret_7d": 0.05955428599957816,
    "vol_24h": 0.08116416590322607,
    "vol_7d": 0.08816950703524602,
    "vol_ratio": 0.11089247900465021,
    "volume_ratio": 0.08200822875535822,
    "rsi_14": 0.08976209822012571,
    "trend_strength": 0.08922838503070979,
    "benchmark_corr_7d": 0.08628839273817256,
    "high_low_range": 0.10111418863005406,
    "cfg_period": 0.0,
    "cfg_threshold_lo": 0.0,
    "cfg_threshold_hi": 0.0,
    "cfg_hold_hours": 0.0017226414971507492,
    "cfg_fast_period": 0.03271231734256998,
    "cfg_slow_period": 0.09695726284178285,
    "cfg_signal_period": 0.0,
    "cfg_multiplier": 0.0,
    "cfg_vol_multiplier": 0.0
  },
  "RTY_ATR_BREAK": {
    "ret_24h": 0.052754036256690534,
    "ret_7d": 0.05044478417598159,
    "vol_24h": 0.054575449854224155,