formation,holding,quantile,residualize,spread_mult,tier,n_periods,avg_names,gross_sharpe,net_sharpe,gross_mean_bps,net_mean_bps,gross_ann_return,net_ann_return,avg_turnover,avg_cost_bps,mean_ic,net_max_drawdown,hit_rate
3,3,0.1,demean,0.5,T1_liquid,1973,21.14749113025849,-0.34278548220383587,-2.6151630489791495,-2.7149100326389144,-20.712018851763695,-0.09909421619132038,-0.7559886880893749,1.671350815091312,17.99710881912478,-0.011731971620126416,-0.9866090326892754,0.4450076026355803
3,3,0.1,demean,0.5,T2_mid,1973,21.09477952356817,1.4433121756295373,-1.5138629978772937,11.524448971664354,-12.082251185157762,0.42064238746574895,-0.44100216825825833,1.7174374634207377,23.60670015682211,-0.0471574917581441,-0.9390447653348595,0.4683223517486062
3,3,0.1,demean,0.5,T3_illiquid,1973,21.056259503294477,2.3851044284807648,-2.4806662523781386,17.02153778254248,-17.723915640006418,0.6212861290628006,-0.6469229208602343,1.7506950488830872,34.7454534225489,-0.07361559114621974,-0.9767683697173016,0.4414597060314242
3,3,0.1,none,0.5,T1_liquid,1973,21.14749113025849,-0.34278548220383587,-2.6151630489791495,-2.7149100326389144,-20.712018851763695,-0.09909421619132038,-0.7559886880893749,1.671350815091312,17.99710881912478,-0.011731971620126416,-0.9866090326892754,0.4450076026355803
3,3,0.1,none,0.5,T2_mid,1973,21.09477952356817,1.4433121756295373,-1.5138629978772937,11.524448971664354,-12.082251185157762,0.42064238746574895,-0.44100216825825833,1.7174374634207377,23.60670015682211,-0.0471574917581441,-0.9390447653348595,0.4683223517486062
3,3,0.1,none,0.5,T3_illiquid,1973,21.056259503294477,2.3851044284807648,-2.4806662523781386,17.02153778254248,-17.723915640006418,0.6212861290628006,-0.6469229208602343,1.7506950488830872,34.7454534225489,-0.07361559114621974,-0.9767683697173016,0.4414597060314242
3,3,0.2,demean,0.5,T1_liquid,1973,43.334009123162694,-0.7028877507248594,-3.9167327939902785,-3.585311555494233,-19.98706369191653,-0.13086387177553951,-0.7295278247549533,1.5223675266945749,16.401752136422292,-0.011731971620126416,-0.9823078651397098,0.40141915864166244
3,3,0.2,demean,0.5,T2_mid,1973,43.19006588950836,1.297140124462889,-2.900870127403081,6.657580177233135,-14.884512093050498,0.24300167646900944,-0.5432846913963432,1.563794912244161,21.542092270283632,-0.0471574917581441,-0.9567130242657376,0.43689812468322353
3,3,0.2,demean,0.5,T3_illiquid,1973,43.099847947288396,3.0061089813467303,-3.6683760464166104,14.255868013763193,-17.409267935351846,0.5203391825023566,-0.6354382796403424,1.5925018290905326,31.665135949115033,-0.07361559114621974,-0.9709299538073402,0.39178915357323874
3,3,0.2,none,0.5,T1_liquid,1973,43.334009123162694,-0.7028877507248594,-3.9167327939902785,-3.585311555494233,-19.98706369191653,-0.13086387177553951,-0.7295278247549533,1.5223675266945749,16.401752136422292,-0.011731971620126416,-0.9823078651397098,0.40141915864166244
3,3,0.2,none,0.5,T2_mid,1973,43.19006588950836,1.297140124462889,-2.900870127403081,6.657580177233135,-14.884512093050498,0.24300167646900944,-0.5432846913963432,1.563794912244161,21.542092270283632,-0.0471574917581441,-0.9567130242657376,0.43689812468322353
3,3,0.2,none,0.5,T3_illiquid,1973,43.099847947288396,3.0061089813467303,-3.6683760464166104,14.255868013763193,-17.409267935351846,0.5203391825023566,-0.6354382796403424,1.5925018290905326,31.665135949115033,-0.07361559114621974,-0.9709299538073402,0.39178915357323874
3,3,0.3,demean,0.5,T1_liquid,1973,65.33198175367461,-0.7374341639481318,-4.481523870866876,-2.9218164312391948,-17.768645003661597,-0.10664629974023061,-0.6485555426336482,1.3775263004993383,14.846828572422401,-0.011731971620126416,-0.9710906894667882,0.3968575772934617
3,3,0.3,demean,0.5,T2_mid,1973,65.06943740496706,1.2027582523485771,-3.794823464480807,4.679064033231726,-14.763160789688582,0.17078583721295798,-0.5388553688236333,1.4093049970199523,19.44222482292031,-0.0471574917581441,-0.950081388230496,0.40598073998986317
3,3,0.3,demean,0.5,T3_illiquid,1973,64.8362899138368,2.650724057911767,-5.013648000027547,9.776920972321323,-18.508276847902295,0.35685761548972833,-0.6755521049484338,1.4218522441182981,28.285197820223615,-0.07361559114621974,-0.9752738490884545,0.35631018753167765
3,3,0.3,none,0.5,T1_liquid,1973,65.33198175367461,-0.7374341639481318,-4.481523870866876,-2.9218164312391948,-17.768645003661597,-0.10664629974023061,-0.6485555426336482,1.3775263004993383,14.846828572422401,-0.011731971620126416,-0.9710906894667882,0.3968575772934617
3,3,0.3,none,0.5,T2_mid,1973,65.06943740496706,1.2027582523485771,-3.794823464480807,4.679064033231726,-14.763160789688582,0.17078583721295798,-0.5388553688236333,1.4093049970199523,19.44222482292031,-0.0471574917581441,-0.950081388230496,0.40598073998986317
3,3,0.3,none,0.5,T3_illiquid,1973,64.8362899138368,2.650724057911767,-5.013648000027547,9.776920972321323,-18.508276847902295,0.35685761548972833,-0.6755521049484338,1.4218522441182981,28.285197820223615,-0.07361559114621974,-0.9752738490884545,0.35631018753167765
3,6,0.1,demean,0.5,T1_liquid,1973,21.14749113025849,0.3640945303784156,-1.1574301684791197,4.305970327197333,-13.691138491927452,0.15716791694270263,-0.49972655495535195,1.671350815091312,17.99710881912478,-0.014451624593464428,-0.9641880042331132,0.47237709072478457
3,6,0.1,demean,0.5,T2_mid,1973,21.09477952356817,1.9180235338890448,-0.047570418837392235,23.03548664818599,-0.5712135086361215,0.8407952626587886,-0.020849293065218436,1.7174374634207377,23.60670015682211,-0.043761464994025015,-0.6526672002001562,0.5220476431829701
3,6,0.1,demean,0.5,T3_illiquid,1973,21.056259503294477,2.653163239412233,-0.6307303605700764,28.07099800696223,-6.67445541558667,1.0245914272541214,-0.24361762266891343,1.7506950488830872,34.7454534225489,-0.07067043302626748,-0.8375777168904271,0.48808920425747593
3,6,0.1,none,0.5,T1_liquid,1973,21.14749113025849,0.3640945303784156,-1.1574301684791197,4.305970327197333,-13.691138491927452,0.15716791694270263,-0.49972655495535195,1.671350815091312,17.99710881912478,-0.014451624593464428,-0.9641880042331132,0.47237709072478457
3,6,0.1,none,0.5,T2_mid,1973,21.09477952356817,1.9180235338890448,-0.047570418837392235,23.03548664818599,-0.5712135086361215,0.8407952626587886,-0.020849293065218436,1.7174374634207377,23.60670015682211,-0.043761464994025015,-0.6526672002001562,0.5220476431829701
3,6,0.1,none,0.5,T3_illiquid,1973,21.056259503294477,2.653163239412233,-0.6307303605700764,28.07099800696223,-6.67445541558667,1.0245914272541214,-0.24361762266891343,1.7506950488830872,34.7454534225489,-0.07067043302626748,-0.8375777168904271,0.48808920425747593
3,6,0.2,demean,0.5,T1_liquid,1973,43.334009123162694,0.06622633467772464,-2.1061006084386094,0.49974233640189686,-15.902009800020396,0.018240595278669235,-0.5804233577007444,1.5223675266945749,16.401752136422292,-0.014451624593464428,-0.966800890284675,0.45311708058793715
3,6,0.2,demean,0.5,T2_mid,1973,43.19006588950836,1.4761808216099217,-1.4082732976379828,11.026656129714548,-10.515436140569086,0.40247294873458095,-0.38381341913077166,1.563794912244161,21.542092270283632,-0.043761464994025015,-0.9009845389817936,0.4769386720729853
3,6,0.2,demean,0.5,T3_illiquid,1973,43.099847947288396,3.0169568406173886,-1.6915112608867928,20.292354208317096,-11.372781740797933,0.740670928603574,-0.4151065335391246,1.5925018290905326,31.665135949115033,-0.07067043302626748,-0.9089731978140524,0.45108971109984797
3,6,0.2,none,0.5,T1_liquid,1973,43.334009123162694,0.06622633467772464,-2.1061006084386094,0.49974233640189686,-15.902009800020396,0.018240595278669235,-0.5804233577007444,1.5223675266945749,16.401752136422292,-0.014451624593464428,-0.966800890284675,0.45311708058793715
3,6,0.2,none,0.5,T2_mid,1973,43.19006588950836,1.4761808216099217,-1.4082732976379828,11.026656129714548,-10.515436140569086,0.40247294873458095,-0.38381341913077166,1.563794912244161,21.542092270283632,-0.043761464994025015,-0.9009845389817936,0.4769386720729853
3,6,0.2,none,0.5,T3_illiquid,1973,43.099847947288396,3.0169568406173886,-1.6915112608867928,20.292354208317096,-11.372781740797933,0.740670928603574,-0.4151065335391246,1.5925018290905326,31.665135949115033,-0.07067043302626748,-0.9089731978140524,0.45108971109984797
3,6,0.3,demean,0.5,T1_liquid,1973,65.33198175367461,0.02134117145107915,-2.511180127696579,0.1250515500271941,-14.721777022395205,0.0045643815759925845,-0.537344861317425,1.3775263004993383,14.846828572422401,-0.014451624593464428,-0.9536713676497912,0.44703497212366955
3,6,0.3,demean,0.5,T2_mid,1973,65.06943740496706,1.3340572878210126,-2.0749310248628112,7.609813570156308,-11.832411252764,0.2777581953107052,-0.431883010725886,1.4093049970199523,19.44222482292031,-0.043761464994025015,-0.9126355766510177,0.4546376077040041
3,6,0.3,demean,0.5,T3_illiquid,1973,64.8362899138368,2.7088640910597515,-2.572851907814384,14.50994657292737,-13.775251247296252,0.529613049911849,-0.5027966705263132,1.4218522441182981,28.285197820223615,-0.07067043302626748,-0.939551131993875,0.41713127217435375
3,6,0.3,none,0.5,T1_liquid,1973,65.33198175367461,0.02134117145107915,-2.511180127696579,0.1250515500271941,-14.721777022395205,0.0045643815759925845,-0.537344861317425,1.3775263004993383,14.846828572422401,-0.014451624593464428,-0.9536713676497912,0.44703497212366955
3,6,0.3,none,0.5,T2_mid,1973,65.06943740496706,1.3340572878210126,-2.0749310248628112,7.609813570156308,-11.832411252764,0.2777581953107052,-0.431883010725886,1.4093049970199523,19.44222482292031,-0.043761464994025015,-0.9126355766510177,0.4546376077040041
3,6,0.3,none,0.5,T3_illiquid,1973,64.8362899138368,2.7088640910597515,-2.572851907814384,14.50994657292737,-13.775251247296252,0.529613049911849,-0.5027966705263132,1.4218522441182981,28.285197820223615,-0.07067043302626748,-0.939551131993875,0.41713127217435375
3,12,0.1,demean,0.5,T1_liquid,1973,21.14749113025849,-0.07227186627985965,-1.2076836544015763,-1.1454837783656262,-19.14259259749041,-0.04181015791034536,-0.6987046298084,1.671350815091312,17.99710881912478,-0.007666473675213313,-0.9936420791158883,0.4728839330968069
3,12,0.1,demean,0.5,T2_mid,1973,21.09477952356817,1.3767077295815038,-0.17804041310660973,20.903537878984068,-2.703162277838047,0.7629791325829185,-0.09866542314108873,1.7174374634207377,23.60670015682211,-0.03488115248300531,-0.8489334952314527,0.5190065889508363
3,12,0.1,demean,0.5,T3_illiquid,1973,21.056259503294477,2.5891008933996384,0.09912906953256193,36.12848879888379,1.383035376334885,1.318689841159258,0.0504807912362233,1.7506950488830872,34.7454534225489,-0.05634954838661476,-0.7649832568980581,0.48808920425747593
3,12,0.1,none,0.5,T1_liquid,1973,21.14749113025849,-0.07227186627985965,-1.2076836544015763,-1.1454837783656262,-19.14259259749041,-0.04181015791034536,-0.6987046298084,1.671350815091312,17.99710881912478,-0.007666473675213313,-0.9936420791158883,0.4728839330968069
3,12,0.1,none,0.5,T2_mid,1973,21.09477952356817,1.3767077295815038,-0.17804041310660973,20.903537878984068,-2.703162277838047,0.7629791325829185,-0.09866542314108873,1.7174374634207377,23.60670015682211,-0.03488115248300531,-0.8489334952314527,0.5190065889508363
3,12,0.1,none,0.5,T3_illiquid,1973,21.056259503294477,2.5891008933996384,0.09912906953256193,36.12848879888379,1.383035376334885,1.318689841159258,0.0504807912362233,1.7506950488830872,34.7454534225489,-0.05634954838661476,-0.7649832568980581,0.48808920425747593
3,12,0.2,demean,0.5,T1_liquid,1973,43.334009123162694,-0.21520728295314503,-1.8499666422693555,-2.158134842665027,-18.55988697908732,-0.07877192175727349,-0.6774358747366872,1.5223675266945749,16.401752136422292,-0.007666473675213313,-0.9844691435471211,0.4642676127724278
3,12,0.2,demean,0.5,T2_mid,1973,43.19006588950836,0.9149173186317561,-1.294600736320361,8.921610662127973,-12.620481608155664,0.32563878916767103,-0.46064757869768175,1.563794912244161,21.542092270283632,-0.03488115248300531,-0.9426536438909219,0.486568677141409
3,12,0.2,demean,0.5,T3_illiquid,1973,43.099847947288396,2.726766277772825,-0.8409038145961006,24.20406054860754,-7.461075400507494,0.8834482100241752,-0.27232925211852355,1.5925018290905326,31.665135949115033,-0.05634954838661476,-0.860334685700826,0.45919918905220475
3,12,0.2,none,0.5,T1_liquid,1973,43.334009123162694,-0.21520728295314503,-1.8499666422693555,-2.158134842665027,-18.55988697908732,-0.07877192175727349,-0.6774358747366872,1.5223675266945749,16.401752136422292,-0.007666473675213313,-0.9844691435471211,0.4642676127724278
3,12,0.2,none,0.5,T2_mid,1973,43.19006588950836,0.9149173186317561,-1.294600736320361,8.921610662127973,-12.620481608155664,0.32563878916767103,-0.46064757869768175,1.563794912244161,21.542092270283632,-0.03488115248300531,-0.9426536438909219,0.486568677141409
3,12,0.2,none,0.5,T3_illiquid,1973,43.099847947288396,2.726766277772825,-0.8409038145961006,24.20406054860754,-7.461075400507494,0.8834482100241752,-0.27232925211852355,1.5925018290905326,31.665135949115033,-0.05634954838661476,-0.860334685700826,0.45919918905220475
3,12,0.3,demean,0.5,T1_liquid,1973,65.33198175367461,-0.2423026664660169,-2.1729309804836396,-1.8622869898607721,-16.70911556228317,-0.06797347512991819,-0.6098827180233356,1.3775263004993383,14.846828572422401,-0.007666473675213313,-0.9738482950445086,0.45869234668018244
3,12,0.3,demean,0.5,T2_mid,1973,65.06943740496706,0.8707615559195401,-1.7405974748166269,6.483807766208906,-12.9584170567114,0.23665898346662506,-0.47298222256996614,1.4093049970199523,19.44222482292031,-0.03488115248300531,-0.9359331870830829,0.4744044602128738
3,12,0.3,demean,0.5,T3_illiquid,1973,64.8362899138368,2.4256501526806367,-1.501463734553737,17.471929213255162,-10.813268606968457,0.6377254162838134,-0.3946843041543487,1.4218522441182981,28.285197820223615,-0.05634954838661476,-0.9128593940682158,0.45311708058793715
3,12,0.3,none,0.5,T1_liquid,1973,65.33198175367461,-0.2423026664660169,-2.1729309804836396,-1.8622869898607721,-16.70911556228317,-0.06797347512991819,-0.6098827180233356,1.3775263004993383,14.846828572422401,-0.007666473675213313,-0.9738482950445086,0.45869234668018244
3,12,0.3,none,0.5,T2_mid,1973,65.06943740496706,0.8707615559195401,-1.7405974748166269,6.483807766208906,-12.9584170567114,0.23665898346662506,-0.47298222256996614,1.4093049970199523,19.44222482292031,-0.03488115248300531,-0.9359331870830829,0.4744044602128738
3,12,0.3,none,0.5,T3_illiquid,1973,64.8362899138368,2.4256501526806367,-1.501463734553737,17.471929213255162,-10.813268606968457,0.6377254162838134,-0.3946843041543487,1.4218522441182981,28.285197820223615,-0.05634954838661476,-0.9128593940682158,0.45311708058793715
3,24,0.1,demean,0.5,T1_liquid,1973,21.14749113025849,-0.567732130204571,-1.3917448685103833,-12.39781992701128,-30.394928746136063,-0.45252042733591175,-1.1094148992339663,1.671350815091312,17.99710881912478,-0.005939893953559503,-0.9997785503020843,0.4728839330968069
3,24,0.1,demean,0.5,T2_mid,1973,21.09477952356817,1.2619565674362976,0.13771115533305078,26.498764284086075,2.892064127263953,0.9672048963691418,0.10556034064513428,1.7174374634207377,23.60670015682211,-0.03375958690451426,-0.9191835780321352,0.5210339584389255
3,24,0.1,demean,0.5,T3_illiquid,1973,21.056259503294477,2.61676319419676,0.7325073667408788,48.25118817700161,13.505734754452707,1.7611683684605588,0.4929593185375238,1.7506950488830872,34.7454534225489,-0.04990437876419322,-0.6736441845048472,0.518499746578814
3,24,0.1,none,0.5,T1_liquid,1973,21.14749113025849,-0.567732130204571,-1.3917448685103833,-12.39781992701128,-30.394928746136063,-0.45252042733591175,-1.1094148992339663,1.671350815091312,17.99710881912478,-0.005939893953559503,-0.9997785503020843,0.4728839330968069
3,24,0.1,none,0.5,T2_mid,1973,21.09477952356817,1.2619565674362976,0.13771115533305078,26.498764284086075,2.892064127263953,0.9672048963691418,0.10556034064513428,1.7174374634207377,23.60670015682211,-0.03375958690451426,-0.9191835780321352,0.5210339584389255
3,24,0.1,none,0.5,T3_illiquid,1973,21.056259503294477,2.61676319419676,0.7325073667408788,48.25118817700161,13.505734754452707,1.7611683684605588,0.4929593185375238,1.7506950488830872,34.7454534225489,-0.04990437876419322,-0.6736441845048472,0.518499746578814
3,24,0.2,demean,0.5,T1_liquid,1973,43.334009123162694,-0.9401109635581003,-2.1161966116074002,-13.107239856068428,-29.508991992490724,-0.4784142547464976,-1.0770782077259113,1.5223675266945749,16.401752136422292,-0.005939893953559503,-0.9989849475712207,0.45717181956411557
3,24,0.2,demean,0.5,T2_mid,1973,43.19006588950836,1.0397791682376523,-0.5136828259936351,14.418141381165485,-7.123950889118145,0.5262621604125403,-0.2600242074528123,1.563794912244161,21.542092270283632,-0.03375958690451426,-0.8981840619258652,0.49873289406994425
3,24,0.2,demean,0.5,T3_illiquid,1973,43.099847947288396,2.630157359209464,0.136707583840527,33.40161447205604,1.7364785229410071,1.2191589282300455,0.06338146608734677,1.5925018290905326,31.665135949115033,-0.04990437876419322,-0.7768945715274204,0.4845413076533198
3,24,0.2,none,0.5,T1_liquid,1973,43.334009123162694,-0.9401109635581003,-2.1161966116074002,-13.107239856068428,-29.508991992490724,-0.4784142547464976,-1.0770782077259113,1.5223675266945749,16.401752136422292,-0.005939893953559503,-0.9989849475712207,0.45717181956411557
3,24,0.2,none,0.5,T2_mid,1973,43.19006588950836,1.0397791682376523,-0.5136828259936351,14.418141381165485,-7.123950889118145,0.5262621604125403,-0.2600242074528123,1.563794912244161,21.542092270283632,-0.03375958690451426,-0.8981840619258652,0.49873289406994425
3,24,0.2,none,0.5,T3_illiquid,1973,43.099847947288396,2.630157359209464,0.136707583840527,33.40161447205604,1.7364785229410071,1.2191589282300455,0.06338146608734677,1.5925018290905326,31.665135949115033,-0.04990437876419322,-0.7768945715274204,0.4845413076533198
3,24,0.3,demean,0.5,T1_liquid,1973,65.33198175367461,-0.7987292162768694,-2.183436442555386,-8.559576109409962,-23.40640468183236,-0.3124245279934636,-0.8543337708868811,1.3775263004993383,14.846828572422401,-0.005939893953559503,-0.9948385501561223,0.45717181956411557
3,24,0.3,demean,0.5,T2_mid,1973,65.06943740496706,0.8074032725202587,-0.9816735382643216,8.773242547303774,-10.668982275616536,0.3202233529765877,-0.38941785306000354,1.4093049970199523,19.44222482292031,-0.03375958690451426,-0.9319198403659705,0.4906234161175874
3,24,0.3,demean,0.5,T3_illiquid,1973,64.8362899138368,2.2584991101966523,-0.497210107509064,23.179879741951677,-5.105318078271946,0.8460656105812362,-0.18634410985692604,1.4218522441182981,28.285197820223615,-0.04990437876419322,-0.7946512927050366,0.46021287379624937
3,24,0.3,none,0.5,T1_liquid,1973,65.33198175367461,-0.7987292162768694,-2.183436442555386,-8.559576109409962,-23.40640468183236,-0.3124245279934636,-0.8543337708868811,1.3775263004993383,14.846828572422401,-0.005939893953559503,-0.9948385501561223,0.45717181956411557
3,24,0.3,none,0.5,T2_mid,1973,65.06943740496706,0.8074032725202587,-0.9816735382643216,8.773242547303774,-10.668982275616536,0.3202233529765877,-0.38941785306000354,1.4093049970199523,19.44222482292031,-0.03375958690451426,-0.9319198403659705,0.4906234161175874
3,24,0.3,none,0.5,T3_illiquid,1973,64.8362899138368,2.2584991101966523,-0.497210107509064,23.179879741951677,-5.105318078271946,0.8460656105812362,-0.18634410985692604,1.4218522441182981,28.285197820223615,-0.04990437876419322,-0.7946512927050366,0.46021287379624937
6,3,0.1,demean,0.5,T1_liquid,1973,21.14749113025849,1.164836937215644,-1.034258027679289,9.534246538771422,-8.470938967421429,0.3479999986651569,-0.30918927231088217,1.6723484939906634,18.005185506192852,-0.022549751412214766,-0.8521548685975547,0.4637607704004055
6,3,0.1,demean,0.5,T2_mid,1973,21.09477952356817,2.4738793610486636,-0.46037460425026466,20.006231553908094,-3.7227982622590106,0.7302274517176455,-0.13588213657245388,1.7268817289597826,23.729029816167106,-0.05426013787899001,-0.7215243798306041,0.4972123669538773
6,3,0.1,demean,0.5,T3_illiquid,1973,21.056259503294477,3.1509479683515362,-1.8794493439047089,22.04588517086653,-13.154126639948949,0.8046748087366283,-0.4801256223581366,1.7738658368156595,35.200011810815475,-0.07567829737495746,-0.942487956369567,0.4668018246325393
6,3,0.1,none,0.5,T1_liquid,1973,21.14749113025849,1.164836937215644,-1.034258027679289,9.534246538771422,-8.470938967421429,0.3479999986651569,-0.30918927231088217,1.6723484939906634,18.005185506192852,-0.022549751412214766,-0.8521548685975547,0.4637607704004055
6,3,0.1,none,0.5,T2_mid,1973,21.09477952356817,2.4738793610486636,-0.46037460425026466,20.006231553908094,-3.7227982622590106,0.7302274517176455,-0.13588213657245388,1.7268817289597826,23.729029816167106,-0.05426013787899001,-0.7215243798306041,0.4972123669538773
6,3,0.1,none,0.5,T3_illiquid,1973,21.056259503294477,3.1509479683515362,-1.8794493439047089,22.04588517086653,-13.154126639948949,0.8046748087366283,-0.4801256223581366,1.7738658368156595,35.200011810815475,-0.07567829737495746,-0.942487956369567,0.4668018246325393
6,3,0.2,demean,0.5,T1_liquid,1973,43.334009123162694,1.1407925703946358,-2.0956180180100437,5.84554266657903,-10.74836671031102,0.21336230733013462,-0.39231538492635226,1.5403856566356513,16.593909376890053,-0.022549751412214766,-0.8904554222475999,0.44652812975164724
6,3,0.2,demean,0.5,T2_mid,1973,43.19006588950836,2.596754258707142,-1.652568257303005,13.407674204795361,-8.532514049517896,0.48938010847503066,-0.31143676280740323,1.5930330193059121,21.94018825431326,-0.05426013787899001,-0.8375479902500829,0.46224024328433855
6,3,0.2,demean,0.5,T3_illiquid,1973,43.099847947288396,3.3521942222358425,-3.4723148420059005,16.026257186199896,-16.612572727955264,0.5849583872962962,-0.6063589045703672,1.6412559101008883,32.63882991415516,-0.07567829737495746,-0.9676938815693905,0.3902686264571718
6,3,0.2,none,0.5,T1_liquid,1973,43.334009123162694,1.1407925703946358,-2.0956180180100437,5.84554266657903,-10.74836671031102,0.21336230733013462,-0.39231538492635226,1.5403856566356513,16.593909376890053,-0.022549751412214766,-0.8904554222475999,0.44652812975164724
6,3,0.2,none,0.5,T2_mid,1973,43.19006588950836,2.596754258707142,-1.652568257303005,13.407674204795361,-8.532514049517896,0.48938010847503066,-0.31143676280740323,1.5930330193059121,21.94018825431326,-0.05426013787899001,-0.8375479902500829,0.46224024328433855
6,3,0.2,none,0.5,T3_illiquid,1973,43.099847947288396,3.3521942222358425,-3.4723148420059005,16.026257186199896,-16.612572727955264,0.5849583872962962,-0.6063589045703672,1.6412559101008883,32.63882991415516,-0.07567829737495746,-0.9676938815693905,0.3902686264571718
6,3,0.3,demean,0.5,T1_liquid,1973,65.33198175367461,0.880189489834764,-2.9150973540853915,3.505814929653553,-11.623917666878905,0.12796224493235467,-0.42427299484108005,1.4038421045488156,15.12973259653246,-0.022549751412214766,-0.9035025440070228,0.4237202230106437
6,3,0.3,demean,0.5,T2_mid,1973,65.06842372022301,2.5854826800381403,-2.6096567612880124,9.985211260040417,-10.08136729824436,0.3644602109914752,-0.3679699063859191,1.4547783729725243,20.066578558284778,-0.05426013787899001,-0.8766589588160002,0.44298023314749113
6,3,0.3,demean,0.5,T3_illiquid,1973,64.8362899138368,3.150528029962389,-4.697068757765913,11.86475112742691,-17.712357949317497,0.43306341615108224,-0.6465010651500886,1.4865115469060504,29.577109076744406,-0.07567829737495746,-0.9709780355093452,0.36188545362392294
6,3,0.3,none,0.5,T1_liquid,1973,65.33198175367461,0.880189489834764,-2.9150973540853915,3.505814929653553,-11.623917666878905,0.12796224493235467,-0.42427299484108005,1.4038421045488156,15.12973259653246,-0.022549751412214766,-0.9035025440070228,0.4237202230106437
6,3,0.3,none,0.5,T2_mid,1973,65.06842372022301,2.5854826800381403,-2.6096567612880124,9.985211260040417,-10.08136729824436,0.3644602109914752,-0.3679699063859191,1.4547783729725243,20.066578558284778,-0.05426013787899001,-0.8766589588160002,0.44298023314749113
6,3,0.3,none,0.5,T3_illiquid,1973,64.8362899138368,3.150528029962389,-4.697068757765913,11.86475112742691,-17.712357949317497,0.43306341615108224,-0.6465010651500886,1.4865115469060504,29.577109076744406,-0.07567829737495746,-0.9709780355093452,0.36188545362392294
6,6,0.1,demean,0.5,T1_liquid,1973,21.14749113025849,0.9088668821025433,-0.5461874525214508,11.244040292205517,-6.761145213987338,0.4104074706655013,-0.2467818003105378,1.6723484939906634,18.005185506192852,-0.028219006226350422,-0.8651613382961755,0.4875823618854536
6,6,0.1,demean,0.5,T2_mid,1973,21.09477952356817,2.180526096248955,0.2623410806006683,26.975401747548442,3.2463719313813355,0.9846021637855181,0.11849257549541874,1.7268817289597826,23.729029816167106,-0.05387977276082284,-0.6439847973097867,0.5331981753674607
6,6,0.1,demean,0.5,T3_illiquid,1973,21.056259503294477,2.9757374422839664,-0.4107751555992027,30.931188452952913,-4.268823357862562,1.1289883785327814,-0.15581205256198352,1.7738658368156595,35.200011810815475,-0.07630869747813296,-0.790871872315722,0.5139381652306133
6,6,0.1,none,0.5,T1_liquid,1973,21.14749113025849,0.9088668821025433,-0.5461874525214508,11.244040292205517,-6.761145213987338,0.4104074706655013,-0.2467818003105378,1.6723484939906634,18.005185506192852,-0.028219006226350422,-0.8651613382961755,0.4875823618854536
6,6,0.1,none,0.5,T2_mid,1973,21.09477952356817,2.180526096248955,0.2623410806006683,26.975401747548442,3.2463719313813355,0.9846021637855181,0.11849257549541874,1.7268817289597826,23.729029816167106,-0.05387977276082284,-0.6439847973097867,0.5331981753674607
6,6,0.1,none,0.5,T3_illiquid,1973,21.056259503294477,2.9757374422839664,-0.4107751555992027,30.931188452952913,-4.268823357862562,1.1289883785327814,-0.15581205256198352,1.7738658368156595,35.200011810815475,-0.07630869747813296,-0.790871872315722,0.5139381652306133
6,6,0.2,demean,0.5,T1_liquid,1973,43.334009123162694,1.1169404003520835,-1.060127621909789,8.509268370560255,-8.084641006329795,0.3105882955254493,-0.2950893967310375,1.5403856566356513,16.593909376890053,-0.028219006226350422,-0.8476047785482772,0.4774455144450076
6,6,0.2,demean,0.5,T2_mid,1973,43.19006588950836,2.304804950162377,-0.6219159428785115,17.276951170467566,-4.663237083845694,0.6306087177220661,-0.1702081535603678,1.5930330193059121,21.94018825431326,-0.05387977276082284,-0.7085209850649193,0.49265078560567666
6,6,0.2,demean,0.5,T3_illiquid,1973,43.099847947288396,3.1155632142505767,-1.5000082125648742,22.034416628033494,-10.604413286121673,0.8042562069232225,-0.38706108494344105,1.6412559101008883,32.63882991415516,-0.07630869747813296,-0.917614367402815,0.45717181956411557
6,6,0.2,none,0.5,T1_liquid,1973,43.334009123162694,1.1169404003520835,-1.060127621909789,8.509268370560255,-8.084641006329795,0.3105882955254493,-0.2950893967310375,1.5403856566356513,16.593909376890053,-0.028219006226350422,-0.8476047785482772,0.4774455144450076
6,6,0.2,none,0.5,T2_mid,1973,43.19006588950836,2.304804950162377,-0.6219159428785115,17.276951170467566,-4.663237083845694,0.6306087177220661,-0.1702081535603678,1.5930330193059121,21.94018825431326,-0.05387977276082284,-0.7085209850649193,0.49265078560567666
6,6,0.2,none,0.5,T3_illiquid,1973,43.099847947288396,3.1155632142505767,-1.5000082125648742,22.034416628033494,-10.604413286121673,0.8042562069232225,-0.38706108494344105,1.6412559101008883,32.63882991415516,-0.07630869747813296,-0.917614367402815,0.45717181956411557
6,6,0.3,demean,0.5,T1_liquid,1973,65.33198175367461,0.9771747634639603,-1.5900017665956652,5.7545203836526015,-9.375212212879855,0.21003999400331996,-0.34219524577011473,1.4038421045488156,15.12973259653246,-0.028219006226350422,-0.8679234161895135,0.45108971109984797
6,6,0.3,demean,0.5,T2_mid,1973,65.06842372022301,2.231623543562086,-1.3533450485036838,12.490834046073365,-7.5757445122114095,0.45591544268167783,-0.27651467469571644,1.4547783729725243,20.066578558284778,-0.05387977276082284,-0.7996362962554875,0.47237709072478457
6,6,0.3,demean,0.5,T3_illiquid,1973,64.8362899138368,3.0178681339530264,-2.391869544500923,16.49785983249397,-13.07924924425043,0.6021718838860299,-0.47739259741514073,1.4865115469060504,29.577109076744406,-0.07630869747813296,-0.9329918422049923,0.4353775975671566
6,6,0.3,none,0.5,T1_liquid,1973,65.33198175367461,0.9771747634639603,-1.5900017665956652,5.7545203836526015,-9.375212212879855,0.21003999400331996,-0.34219524577011473,1.4038421045488156,15.12973259653246,-0.028219006226350422,-0.8679234161895135,0.45108971109984797
6,6,0.3,none,0.5,T2_mid,1973,65.06842372022301,2.231623543562086,-1.3533450485036838,12.490834046073365,-7.5757445122114095,0.45591544268167783,-0.27651467469571644,1.4547783729725243,20.066578558284778,-0.05387977276082284,-0.7996362962554875,0.47237709072478457
6,6,0.3,none,0.5,T3_illiquid,1973,64.8362899138368,3.0178681339530264,-2.391869544500923,16.49785983249397,-13.07924924425043,0.6021718838860299,-0.47739259741514073,1.4865115469060504,29.577109076744406,-0.07630869747813296,-0.9329918422049923,0.4353775975671566
6,12,0.1,demean,0.5,T1_liquid,1973,21.14749113025849,0.8567157697356412,-0.23325149633158695,14.15144563490397,-3.853739871288883,0.5165277656739949,-0.14066150530204422,1.6723484939906634,18.005185506192852,-0.02340942318321293,-0.8732633167854769,0.5058286872782565
6,12,0.1,demean,0.5,T2_mid,1973,21.09477952356817,2.5604263320916814,1.0039865003020008,39.03620453227217,15.307174716105072,1.4248214654279343,0.5587118771378351,1.7268817289597826,23.729029816167106,-0.04842826298334907,-0.6409014248430571,0.5321844906234161
6,12,0.1,demean,0.5,T3_illiquid,1973,21.056259503294477,3.159466105116732,0.6967761288274099,45.15523216301039,9.955220352194917,1.6481659739498793,0.3633655428551145,1.7738658368156595,35.200011810815475,-0.06710212644484326,-0.8934478484937589,0.523568170299037
6,12,0.1,none,0.5,T1_liquid,1973,21.14749113025849,0.8567157697356412,-0.23325149633158695,14.15144563490397,-3.853739871288883,0.5165277656739949,-0.14066150530204422,1.6723484939906634,18.005185506192852,-0.02340942318321293,-0.8732633167854769,0.5058286872782565
6,12,0.1,none,0.5,T2_mid,1973,21.09477952356817,2.5604263320916814,1.0039865003020008,39.03620453227217,15.307174716105072,1.4248214654279343,0.5587118771378351,1.7268817289597826,23.729029816167106,-0.04842826298334907,-0.6409014248430571,0.5321844906234161
6,12,0.1,none,0.5,T3_illiquid,1973,21.056259503294477,3.159466105116732,0.6967761288274099,45.15523216301039,9.955220352194917,1.6481659739498793,0.3633655428551145,1.7738658368156595,35.200011810815475,-0.06710212644484326,-0.8934478484937589,0.523568170299037
6,12,0.2,demean,0.5,T1_liquid,1973,43.334009123162694,1.0643575082269738,-0.547475788352972,10.955473568307099,-5.638435808582956,0.3998747852432091,-0.20580290701327789,1.5403856566356513,16.593909376890053,-0.02340942318321293,-0.8036434475611105,0.49569183983781046
6,12,0.2,demean,0.5,T2_mid,1973,43.19006588950836,2.4408196706853924,0.1393740463268103,23.268936005586593,1.3287477512733343,0.8493161642039107,0.04849929292147671,1.5930330193059121,21.94018825431326,-0.04842826298334907,-0.7520247110232934,0.5119107957425241
6,12,0.2,demean,0.5,T3_illiquid,1973,43.099847947288396,3.251706497326622,-0.07296212113445111,31.922808573716182,-0.7160213404389757,1.1651825129406406,-0.026134778926022614,1.6412559101008883,32.63882991415516,-0.06710212644484326,-0.8930878408218262,0.481500253421186
6,12,0.2,none,0.5,T1_liquid,1973,43.334009123162694,1.0643575082269738,-0.547475788352972,10.955473568307099,-5.638435808582956,0.3998747852432091,-0.20580290701327789,1.5403856566356513,16.593909376890053,-0.02340942318321293,-0.8036434475611105,0.49569183983781046
6,12,0.2,none,0.5,T2_mid,1973,43.19006588950836,2.4408196706853924,0.1393740463268103,23.268936005586593,1.3287477512733343,0.8493161642039107,0.04849929292147671,1.5930330193059121,21.94018825431326,-0.04842826298334907,-0.7520247110232934,0.5119107957425241
6,12,0.2,none,0.5,T3_illiquid,1973,43.099847947288396,3.251706497326622,-0.07296212113445111,31.922808573716182,-0.7160213404389757,1.1651825129406406,-0.026134778926022614,1.6412559101008883,32.63882991415516,-0.06710212644484326,-0.8930878408218262,0.481500253421186
6,12,0.3,demean,0.5,T1_liquid,1973,65.33198175367461,0.8992074139687197,-1.051129399255992,6.972131089798476,-8.157601506733979,0.2544827847776444,-0.29775245499579023,1.4038421045488156,15.12973259653246,-0.02340942318321293,-0.8507376729976348,0.4870755195134313
6,12,0.3,demean,0.5,T2_mid,1973,65.06842372022301,2.135202453028859,-0.6201358339778591,15.549170182849643,-4.517408375435133,0.567544711674012,-0.16488540570338237,1.4547783729725243,20.066578558284778,-0.04842826298334907,-0.7906909437170531,0.49214394323365435
6,12,0.3,demean,0.5,T3_illiquid,1973,64.8362899138368,3.105886843107568,-0.720143044097923,24.01117474945134,-5.565934327293067,0.8764078783549739,-0.20315660294619695,1.4865115469060504,29.577109076744406,-0.06710212644484326,-0.8796060221923939,0.4668018246325393
6,12,0.3,none,0.5,T1_liquid,1973,65.33198175367461,0.8992074139687197,-1.051129399255992,6.972131089798476,-8.157601506733979,0.2544827847776444,-0.29775245499579023,1.4038421045488156,15.12973259653246,-0.02340942318321293,-0.8507376729976348,0.4870755195134313
6,12,0.3,none,0.5,T2_mid,1973,65.06842372022301,2.135202453028859,-0.6201358339778591,15.549170182849643,-4.517408375435133,0.567544711674012,-0.16488540570338237,1.4547783729725243,20.066578558284778,-0.04842826298334907,-0.7906909437170531,0.49214394323365435
6,12,0.3,none,0.5,T3_illiquid,1973,64.8362899138368,3.105886843107568,-0.720143044097923,24.01117474945134,-5.565934327293067,0.8764078783549739,-0.20315660294619695,1.4865115469060504,29.577109076744406,-0.06710212644484326,-0.8796060221923939,0.4668018246325393
6,24,0.1,demean,0.5,T1_liquid,1973,21.14749113025849,-0.043940806390150036,-0.8725939918488537,-0.9546701783178493,-18.95985568451071,-0.0348454615086015,-0.6920347324846409,1.6723484939906634,18.005185506192852,-0.01631745436616645,-0.9971784339576076,0.48960973137354286
6,24,0.1,demean,0.5,T2_mid,1973,21.09477952356817,2.2744744461153052,1.1617360983865637,48.50480714774646,24.775777331579352,1.7704254608927459,0.9043158726026463,1.7268817289597826,23.729029816167106,-0.04506233909522083,-0.6877737443299223,0.5428281804358844
6,24,0.1,demean,0.5,T3_illiquid,1973,21.056259503294477,2.8518204520509673,1.0631542036664485,56.12323253570525,20.923220724889777,2.0484979875532416,0.7636975564584768,1.7738658368156595,35.200011810815475,-0.0602506754706539,-0.8281534797865144,0.52863659401926
6,24,0.1,none,0.5,T1_liquid,1973,21.14749113025849,-0.043940806390150036,-0.8725939918488537,-0.9546701783178493,-18.95985568451071,-0.0348454615086015,-0.6920347324846409,1.6723484939906634,18.005185506192852,-0.01631745436616645,-0.9971784339576076,0.48960973137354286
6,24,0.1,none,0.5,T2_mid,1973,21.09477952356817,2.2744744461153052,1.1617360983865637,48.50480714774646,24.775777331579352,1.7704254608927459,0.9043158726026463,1.7268817289597826,23.729029816167106,-0.04506233909522083,-0.6877737443299223,0.5428281804358844
6,24,0.1,none,0.5,T3_illiquid,1973,21.056259503294477,2.8518204520509673,1.0631542036664485,56.12323253570525,20.923220724889777,2.0484979875532416,0.7636975564584768,1.7738658368156595,35.200011810815475,-0.0602506754706539,-0.8281534797865144,0.52863659401926
6,24,0.2,demean,0.5,T1_liquid,1973,43.334009123162694,0.16127788413796101,-1.0353097164051352,2.235958562557624,-14.357950814332431,0.08161248753335328,-0.5240652047231338,1.5403856566356513,16.593909376890053,-0.01631745436616645,-0.9762432545332893,0.4759249873289407
6,24,0.2,demean,0.5,T2_mid,1973,43.19006588950836,1.8947573426908964,0.3569679390619901,27.032809772988834,5.09262151867558,0.9866975567140924,0.1858806854316587,1.5930330193059121,21.94018825431326,-0.04506233909522083,-0.6921081344104119,0.5306639635073492
6,24,0.2,demean,0.5,T3_illiquid,1973,43.099847947288396,3.2007347110144493,0.6889216334022937,41.594742780063015,8.95591286590786,1.5182081114723,0.32689081960563693,1.6412559101008883,32.63882991415516,-0.0602506754706539,-0.8692079105171396,0.4997465788139889
6,24,0.2,none,0.5,T1_liquid,1973,43.334009123162694,0.16127788413796101,-1.0353097164051352,2.235958562557624,-14.357950814332431,0.08161248753335328,-0.5240652047231338,1.5403856566356513,16.593909376890053,-0.01631745436616645,-0.9762432545332893,0.4759249873289407
6,24,0.2,none,0.5,T2_mid,1973,43.19006588950836,1.8947573426908964,0.3569679390619901,27.032809772988834,5.09262151867558,0.9866975567140924,0.1858806854316587,1.5930330193059121,21.94018825431326,-0.04506233909522083,-0.6921081344104119,0.5306639635073492
6,24,0.2,none,0.5,T3_illiquid,1973,43.099847947288396,3.2007347110144493,0.6889216334022937,41.594742780063015,8.95591286590786,1.5182081114723,0.32689081960563693,1.6412559101008883,32.63882991415516,-0.0602506754706539,-0.8692079105171396,0.4997465788139889
6,24,0.3,demean,0.5,T1_liquid,1973,65.33198175367461,0.01509362335632209,-1.3987410498375275,0.1614615314081835,-14.968271065124274,0.005893345896398698,-0.546341893877036,1.4038421045488156,15.12973259653246,-0.01631745436616645,-0.9683594773323603,0.4683223517486062
6,24,0.3,demean,0.5,T2_mid,1973,65.06842372022301,1.9011202375476786,0.07498943245111568,20.890823660306154,0.8242451020213767,0.7625150636011746,0.03008494622378025,1.4547783729725243,20.066578558284778,-0.04506233909522083,-0.6635273933891361,0.5159655347187024
6,24,0.3,demean,0.5,T3_illiquid,1973,64.8362899138368,3.0942710378343623,0.27351678140105457,32.444907553891184,2.8677984771467817,1.1842391257170282,0.10467464441585753,1.4865115469060504,29.577109076744406,-0.0602506754706539,-0.854809632042825,0.4840344652812975
6,24,0.3,none,0.5,T1_liquid,1973,65.33198175367461,0.01509362335632209,-1.3987410498375275,0.1614615314081835,-14.968271065124274,0.005893345896398698,-0.546341893877036,1.4038421045488156,15.12973259653246,-0.01631745436616645,-0.9683594773323603,0.4683223517486062
6,24,0.3,none,0.5,T2_mid,1973,65.06842372022301,1.9011202375476786,0.07498943245111568,20.890823660306154,0.8242451020213767,0.7625150636011746,0.03008494622378025,1.4547783729725243,20.066578558284778,-0.04506233909522083,-0.6635273933891361,0.5159655347187024
6,24,0.3,none,0.5,T3_illiquid,1973,64.8362899138368,3.0942710378343623,0.27351678140105457,32.444907553891184,2.8677984771467817,1.1842391257170282,0.10467464441585753,1.4865115469060504,29.577109076744406,-0.0602506754706539,-0.854809632042825,0.4840344652812975
12,3,0.1,demean,0.5,T1_liquid,1973,21.14749113025849,0.5854857896152749,-1.0114895404894186,4.9303123388679015,-8.518650943372748,0.1799564003686784,-0.3109307594331053,1.2484221767419943,13.448963282240651,-0.019703572427301013,-0.8657579503791861,0.45919918905220475
12,3,0.1,demean,0.5,T2_mid,1973,21.09477952356817,2.8086042433778715,0.6040849558217753,23.25467930505101,5.001922281952191,0.8487957946343618,0.18257016329125497,1.3284965991377546,18.252757023098823,-0.06412165166219701,-0.7427911005390081,0.52863659401926
12,3,0.1,demean,0.5,T3_illiquid,1973,21.056259503294477,3.6245775726916807,-0.15721587258970024,26.102397341906517,-1.1321087868200308,0.9527375029795879,-0.04132197071893112,1.3751154530551388,27.23450612872654,-0.07787576596255488,-0.8171135658759019,0.49163710086163204
12,3,0.1,none,0.5,T1_liquid,1973,21.14749113025849,0.5854857896152749,-1.0114895404894186,4.9303123388679015,-8.518650943372748,0.1799564003686784,-0.3109307594331053,1.2484221767419943,13.448963282240651,-0.019703572427301013,-0.8657579503791861,0.45919918905220475
12,3,0.1,none,0.5,T2_mid,1973,21.09477952356817,2.8086042433778715,0.6040849558217753,23.25467930505101,5.001922281952191,0.8487957946343618,0.18257016329125497,1.3284965991377546,18.252757023098823,-0.06412165166219701,-0.7427911005390081,0.52863659401926
12,3,0.1,none,0.5,T3_illiquid,1973,21.056259503294477,3.6245775726916807,-0.15721587258970024,26.102397341906517,-1.1321087868200308,0.9527375029795879,-0.04132197071893112,1.3751154530551388,27.23450612872654,-0.07787576596255488,-0.8171135658759019,0.49163710086163204
12,3,0.2,demean,0.5,T1_liquid,1973,43.334009123162694,0.49234457648697955,-1.7612861450488042,2.60225934071092,-9.314483337133328,0.09498246593594858,-0.3399786418053665,1.1053188533888962,11.916742677844248,-0.019703572427301013,-0.8629143619750568,0.45007602635580335
12,3,0.2,demean,0.5,T2_mid,1973,43.19006588950836,2.5835573601348316,-0.4250964922520971,13.88435358466509,-2.283950727298693,0.5067789058402757,-0.0833642015464023,1.173541847104757,16.16830431196378,-0.06412165166219701,-0.7534914215540122,0.49113025848960973
12,3,0.2,demean,0.5,T3_illiquid,1973,43.099847947288396,3.364915461082901,-1.348630103048088,17.16554831107234,-6.877095370051082,0.6265425133541404,-0.2510139810068645,1.2113208362818517,24.04264368112342,-0.07787576596255488,-0.8717802305900948,0.44602128737962493
12,3,0.2,none,0.5,T1_liquid,1973,43.334009123162694,0.49234457648697955,-1.7612861450488042,2.60225934071092,-9.314483337133328,0.09498246593594858,-0.3399786418053665,1.1053188533888962,11.916742677844248,-0.019703572427301013,-0.8629143619750568,0.45007602635580335
12,3,0.2,none,0.5,T2_mid,1973,43.19006588950836,2.5835573601348316,-0.4250964922520971,13.88435358466509,-2.283950727298693,0.5067789058402757,-0.0833642015464023,1.173541847104757,16.16830431196378,-0.06412165166219701,-0.7534914215540122,0.49113025848960973
12,3,0.2,none,0.5,T3_illiquid,1973,43.099847947288396,3.364915461082901,-1.348630103048088,17.16554831107234,-6.877095370051082,0.6265425133541404,-0.2510139810068645,1.2113208362818517,24.04264368112342,-0.07787576596255488,-0.8717802305900948,0.44602128737962493
12,3,0.3,demean,0.5,T1_liquid,1973,65.33198175367461,0.58461573322998,-1.9661954120718825,2.4181284096123186,-8.134670791832622,0.08826168695084963,-0.2969154839018907,0.9780515999034197,10.552799201444943,-0.019703572427301013,-0.8118615773555488,0.43993917891535733
12,3,0.3,demean,0.5,T2_mid,1973,65.06741003547897,2.686454431391249,-0.8489721426793261,10.8981197515108,-3.4424354504584542,0.39778137093014415,-0.12564889394173356,1.0386838909305305,14.34055520196925,-0.06412165166219701,-0.6935811200723215,0.4845413076533198
12,3,0.3,demean,0.5,T3_illiquid,1973,64.8362899138368,3.49117479450863,-1.9513890947489763,13.53986316470733,-7.569311898184268,0.49420500551181756,-0.2762798842837258,1.0629693025678646,21.109175062891598,-0.07787576596255488,-0.8336797548012067,0.44044602128737964
12,3,0.3,none,0.5,T1_liquid,1973,65.33198175367461,0.58461573322998,-1.9661954120718825,2.4181284096123186,-8.134670791832622,0.08826168695084963,-0.2969154839018907,0.9780515999034197,10.552799201444943,-0.019703572427301013,-0.8118615773555488,0.43993917891535733
12,3,0.3,none,0.5,T2_mid,1973,65.06741003547897,2.686454431391249,-0.8489721426793261,10.8981197515108,-3.4424354504584542,0.39778137093014415,-0.12564889394173356,1.0386838909305305,14.34055520196925,-0.06412165166219701,-0.6935811200723215,0.4845413076533198
12,3,0.3,none,0.5,T3_illiquid,1973,64.8362899138368,3.49117479450863,-1.9513890947489763,13.53986316470733,-7.569311898184268,0.49420500551181756,-0.2762798842837258,1.0629693025678646,21.109175062891598,-0.07787576596255488,-0.8336797548012067,0.44044602128737964
12,6,0.1,demean,0.5,T1_liquid,1973,21.14749113025849,0.21764161003752985,-0.852893872132412,2.734032260445503,-10.714931021795145,0.09979217750626086,-0.3910949822955228,1.2484221767419943,13.448963282240651,-0.029262374444045454,-0.9445638510201988,0.476431829700963
12,6,0.1,demean,0.5,T2_mid,1973,21.09477952356817,2.4267422591527166,0.894436837994277,28.91399085902774,10.661233835928918,1.0553606663545125,0.3891350350114055,1.3284965991377546,18.252757023098823,-0.06763155554981104,-0.7910381799886759,0.5499239736441967
12,6,0.1,demean,0.5,T3_illiquid,1973,21.056259503294477,3.3473312095587437,0.8701204634424557,36.79790257838389,9.563396449657347,1.3431234441110118,0.34906397041249315,1.3751154530551388,27.23450612872654,-0.08400503662056404,-0.7272507132062864,0.5478966041561074
12,6,0.1,none,0.5,T1_liquid,1973,21.14749113025849,0.21764161003752985,-0.852893872132412,2.734032260445503,-10.714931021795145,0.09979217750626086,-0.3910949822955228,1.2484221767419943,13.448963282240651,-0.029262374444045454,-0.9445638510201988,0.476431829700963
12,6,0.1,none,0.5,T2_mid,1973,21.09477952356817,2.4267422591527166,0.894436837994277,28.91399085902774,10.661233835928918,1.0553606663545125,0.3891350350114055,1.3284965991377546,18.252757023098823,-0.06763155554981104,-0.7910381799886759,0.5499239736441967
12,6,0.1,none,0.5,T3_illiquid,1973,21.056259503294477,3.3473312095587437,0.8701204634424557,36.79790257838389,9.563396449657347,1.3431234441110118,0.34906397041249315,1.3751154530551388,27.23450612872654,-0.08400503662056404,-0.7272507132062864,0.5478966041561074
12,6,0.2,demean,0.5,T1_liquid,1973,43.334009123162694,0.48761216555428377,-1.0371433764375022,3.810124593404002,-8.106618084440246,0.13906954765924606,-0.29589156008206896,1.1053188533888962,11.916742677844248,-0.029262374444045454,-0.8558207767343987,0.4840344652812975
12,6,0.2,demean,0.5,T2_mid,1973,43.19006588950836,2.216184695834808,0.08612640699848173,16.822198934827256,0.6538946228634726,0.6140102611211948,0.023867153734516748,1.173541847104757,16.16830431196378,-0.06763155554981104,-0.7499782563487734,0.5220476431829701
12,6,0.2,demean,0.5,T3_illiquid,1973,43.099847947288396,3.2064350251630724,0.07448853961518617,24.614263441638432,0.5716197605150121,0.8984206156198028,0.02086412125879794,1.2113208362818517,24.04264368112342,-0.08400503662056404,-0.7823230924792814,0.501773948302078
12,6,0.2,none,0.5,T1_liquid,1973,43.334009123162694,0.48761216555428377,-1.0371433764375022,3.810124593404002,-8.106618084440246,0.13906954765924606,-0.29589156008206896,1.1053188533888962,11.916742677844248,-0.029262374444045454,-0.8558207767343987,0.4840344652812975
12,6,0.2,none,0.5,T2_mid,1973,43.19006588950836,2.216184695834808,0.08612640699848173,16.822198934827256,0.6538946228634726,0.6140102611211948,0.023867153734516748,1.173541847104757,16.16830431196378,-0.06763155554981104,-0.7499782563487734,0.5220476431829701
12,6,0.2,none,0.5,T3_illiquid,1973,43.099847947288396,3.2064350251630724,0.07448853961518617,24.614263441638432,0.5716197605150121,0.8984206156198028,0.02086412125879794,1.2113208362818517,24.04264368112342,-0.08400503662056404,-0.7823230924792814,0.501773948302078
12,6,0.3,demean,0.5,T1_liquid,1973,65.33198175367461,0.6571789094863666,-1.0972353009261475,3.9526062340742976,-6.600192967370642,0.14427012754371188,-0.24090704330902846,0.9780515999034197,10.552799201444943,-0.029262374444045454,-0.779281936336632,0.4759249873289407
12,6,0.3,demean,0.5,T2_mid,1973,65.06741003547897,2.1205486579019395,-0.30819028187890407,12.520431754442841,-1.8201234475264108,0.4569957590371637,-0.066434505834714,1.0386838909305305,14.34055520196925,-0.06763155554981104,-0.6749270883204741,0.5038013177901672
12,6,0.3,demean,0.5,T3_illiquid,1973,64.8362899138368,3.2816899381123332,-0.4097524581588253,18.76758757714755,-2.341587485744046,0.6850169465658856,-0.08546794322965767,1.0629693025678646,21.109175062891598,-0.08400503662056404,-0.7472586724949857,0.4830207805372529
12,6,0.3,none,0.5,T1_liquid,1973,65.33198175367461,0.6571789094863666,-1.0972353009261475,3.9526062340742976,-6.600192967370642,0.14427012754371188,-0.24090704330902846,0.9780515999034197,10.552799201444943,-0.029262374444045454,-0.779281936336632,0.4759249873289407
12,6,0.3,none,0.5,T2_mid,1973,65.06741003547897,2.1205486579019395,-0.30819028187890407,12.520431754442841,-1.8201234475264108,0.4569957590371637,-0.066434505834714,1.0386838909305305,14.34055520196925,-0.06763155554981104,-0.6749270883204741,0.5038013177901672
12,6,0.3,none,0.5,T3_illiquid,1973,64.8362899138368,3.2816899381123332,-0.4097524581588253,18.76758757714755,-2.341587485744046,0.6850169465658856,-0.08546794322965767,1.0629693025678646,21.109175062891598,-0.08400503662056404,-0.7472586724949857,0.4830207805372529
12,12,0.1,demean,0.5,T1_liquid,1973,21.14749113025849,-0.29796325970453097,-1.1089648796373897,-4.941020827070628,-18.389984109311285,-0.18034726018807792,-0.6712344199898619,1.2484221767419943,13.448963282240651,-0.02565749877290502,-0.9948517507409125,0.4779523568170299
12,12,0.1,demean,0.5,T2_mid,1973,21.09477952356817,2.6989057984411526,1.5283899199574589,42.097816047249715,23.845059024150896,1.5365702857246146,0.8703446543815077,1.3284965991377546,18.252757023098823,-0.0637244785562878,-0.7875061521290063,0.5529650278763305
12,12,0.1,demean,0.5,T3_illiquid,1973,21.056259503294477,3.06521397043364,1.2906795313774488,47.02964498250262,19.795138853776077,1.7165820418613456,0.7225225681628268,1.3751154530551388,27.23450612872654,-0.07468827714224868,-0.805235823639165,0.5382665990876837
12,12,0.1,none,0.5,T1_liquid,1973,21.14749113025849,-0.29796325970453097,-1.1089648796373897,-4.941020827070628,-18.389984109311285,-0.18034726018807792,-0.6712344199898619,1.2484221767419943,13.448963282240651,-0.02565749877290502,-0.9948517507409125,0.4779523568170299
12,12,0.1,none,0.5,T2_mid,1973,21.09477952356817,2.6989057984411526,1.5283899199574589,42.097816047249715,23.845059024150896,1.5365702857246146,0.8703446543815077,1.3284965991377546,18.252757023098823,-0.0637244785562878,-0.7875061521290063,0.5529650278763305
12,12,0.1,none,0.5,T3_illiquid,1973,21.056259503294477,3.06521397043364,1.2906795313774488,47.02964498250262,19.795138853776077,1.7165820418613456,0.7225225681628268,1.3751154530551388,27.23450612872654,-0.07468827714224868,-0.805235823639165,0.5382665990876837
12,12,0.2,demean,0.5,T1_liquid,1973,43.334009123162694,0.13840778346519358,-1.002858370350719,1.445057738763649,-10.471684939080601,0.05274460746487318,-0.38221650027644194,1.1053188533888962,11.916742677844248,-0.02565749877290502,-0.94358082553904,0.48859604662949824
12,12,0.2,demean,0.5,T2_mid,1973,43.19006588950836,2.618472094294793,0.995148754813065,26.081407290931253,9.91310297896747,0.9519713661189908,0.36182825873231267,1.173541847104757,16.16830431196378,-0.0637244785562878,-0.6643363195604318,0.5408008109477952
12,12,0.2,demean,0.5,T3_illiquid,1973,43.099847947288396,2.997962145825008,0.7340968422278038,31.833948681071618,7.79130499994819,1.161939126859114,0.28438263249810897,1.2113208362818517,24.04264368112342,-0.07468827714224868,-0.7901332615817471,0.5159655347187024
12,12,0.2,none,0.5,T1_liquid,1973,43.334009123162694,0.13840778346519358,-1.002858370350719,1.445057738763649,-10.471684939080601,0.05274460746487318,-0.38221650027644194,1.1053188533888962,11.916742677844248,-0.02565749877290502,-0.94358082553904,0.48859604662949824
12,12,0.2,none,0.5,T2_mid,1973,43.19006588950836,2.618472094294793,0.995148754813065,26.081407290931253,9.91310297896747,0.9519713661189908,0.36182825873231267,1.173541847104757,16.16830431196378,-0.0637244785562878,-0.6643363195604318,0.5408008109477952
12,12,0.2,none,0.5,T3_illiquid,1973,43.099847947288396,2.997962145825008,0.7340968422278038,31.833948681071618,7.79130499994819,1.161939126859114,0.28438263249810897,1.2113208362818517,24.04264368112342,-0.07468827714224868,-0.7901332615817471,0.5159655347187024
12,12,0.3,demean,0.5,T1_liquid,1973,65.33198175367461,0.26871666571255665,-1.0522608959082802,2.146667119376056,-8.406132082068885,0.07835334985722604,-0.3068238209955143,0.9780515999034197,10.552799201444943,-0.02565749877290502,-0.8869056848258061,0.4840344652812975
12,12,0.3,demean,0.5,T2_mid,1973,65.06741003547897,2.5175417744928428,0.6651470609541583,19.48946184855309,5.148906646583842,0.7113653574721879,0.18793509260031022,1.0386838909305305,14.34055520196925,-0.0637244785562878,-0.6127452105439262,0.5179929042067917
12,12,0.3,demean,0.5,T3_illiquid,1973,64.8362899138368,2.8982583378472473,0.31894412521980375,23.716711491237962,2.6075364283463647,0.8656599694301856,0.0951750796346423,1.0629693025678646,21.109175062891598,-0.07468827714224868,-0.7668687420335456,0.4972123669538773
12,12,0.3,none,0.5,T1_liquid,1973,65.33198175367461,0.26871666571255665,-1.0522608959082802,2.146667119376056,-8.406132082068885,0.07835334985722604,-0.3068238209955143,0.9780515999034197,10.552799201444943,-0.02565749877290502,-0.8869056848258061,0.4840344652812975
12,12,0.3,none,0.5,T2_mid,1973,65.06741003547897,2.5175417744928428,0.6651470609541583,19.48946184855309,5.148906646583842,0.7113653574721879,0.18793509260031022,1.0386838909305305,14.34055520196925,-0.0637244785562878,-0.6127452105439262,0.5179929042067917
12,12,0.3,none,0.5,T3_illiquid,1973,64.8362899138368,2.8982583378472473,0.31894412521980375,23.716711491237962,2.6075364283463647,0.8656599694301856,0.0951750796346423,1.0629693025678646,21.109175062891598,-0.07468827714224868,-0.7668687420335456,0.4972123669538773
12,24,0.1,demean,0.5,T1_liquid,1973,21.14749113025849,-1.1740886399434143,-1.7362418579981704,-28.085016778127123,-41.53398006036778,-1.02510311240164,-1.515990272203424,1.2484221767419943,13.448963282240651,-0.019038722255718708,-0.9999855352126326,0.47136340598074
12,24,0.1,demean,0.5,T2_mid,1973,21.09477952356817,2.4895778645611792,1.6659749760682594,55.19865003793066,36.94589301483183,2.0147507263844693,1.3485250950413619,1.3284965991377546,18.252757023098823,-0.06114191919572248,-0.752846183659344,0.5631018753167765
12,24,0.1,demean,0.5,T3_illiquid,1973,21.056259503294477,2.6648861534142765,1.3178093987004724,53.87634963456943,26.641843505842896,1.9664867616617843,0.9724272879632656,1.3751154530551388,27.23450612872654,-0.06877879175484623,-0.8282780989776857,0.5387734414597061
12,24,0.1,none,0.5,T1_liquid,1973,21.14749113025849,-1.1740886399434143,-1.7362418579981704,-28.085016778127123,-41.53398006036778,-1.02510311240164,-1.515990272203424,1.2484221767419943,13.448963282240651,-0.019038722255718708,-0.9999855352126326,0.47136340598074
12,24,0.1,none,0.5,T2_mid,1973,21.09477952356817,2.4895778645611792,1.6659749760682594,55.19865003793066,36.94589301483183,2.0147507263844693,1.3485250950413619,1.3284965991377546,18.252757023098823,-0.06114191919572248,-0.752846183659344,0.5631018753167765
12,24,0.1,none,0.5,T3_illiquid,1973,21.056259503294477,2.6648861534142765,1.3178093987004724,53.87634963456943,26.641843505842896,1.9664867616617843,0.9724272879632656,1.3751154530551388,27.23450612872654,-0.06877879175484623,-0.8282780989776857,0.5387734414597061
12,24,0.2,demean,0.5,T1_liquid,1973,43.334009123162694,-0.8378675480355261,-1.6399780279975131,-12.446908523688702,-24.36365120153295,-0.4543121611146376,-0.8892732688559527,1.1053188533888962,11.916742677844248,-0.019038722255718708,-0.9975033431328385,0.4652812975164724
12,24,0.2,demean,0.5,T2_mid,1973,43.19006588950836,2.442656078513038,1.3723513254636484,36.89144224230049,20.723137930336716,1.346537641843968,0.7563945344572901,1.173541847104757,16.16830431196378,-0.06114191919572248,-0.7088043960535257,0.5509376583882413
12,24,0.2,demean,0.5,T3_illiquid,1973,43.099847947288396,3.1502247871920845,1.3895852162338609,43.01162356783478,18.968979886711363,1.5699242602259698,0.6923677658649647,1.2113208362818517,24.04264368112342,-0.06877879175484623,-0.7592853131490579,0.5276229092752154
12,24,0.2,none,0.5,T1_liquid,1973,43.334009123162694,-0.8378675480355261,-1.6399780279975131,-12.446908523688702,-24.36365120153295,-0.4543121611146376,-0.8892732688559527,1.1053188533888962,11.916742677844248,-0.019038722255718708,-0.9975033431328385,0.4652812975164724
12,24,0.2,none,0.5,T2_mid,1973,43.19006588950836,2.442656078513038,1.3723513254636484,36.89144224230049,20.723137930336716,1.346537641843968,0.7563945344572901,1.173541847104757,16.16830431196378,-0.06114191919572248,-0.7088043960535257,0.5509376583882413
12,24,0.2,none,0.5,T3_illiquid,1973,43.099847947288396,3.1502247871920845,1.3895852162338609,43.01162356783478,18.968979886711363,1.5699242602259698,0.6923677658649647,1.2113208362818517,24.04264368112342,-0.06877879175484623,-0.7592853131490579,0.5276229092752154
12,24,0.3,demean,0.5,T1_liquid,1973,65.33198175367461,-0.6816473172900306,-1.6102053307385118,-7.746802518053198,-18.299601719498135,-0.28275829190894175,-0.6679354627616819,0.9780515999034197,10.552799201444943,-0.019038722255718708,-0.9876081156008993,0.4668018246325393
12,24,0.3,demean,0.5,T2_mid,1973,65.06741003547897,2.3931033627651273,1.1628707376106053,27.892208973717388,13.55165377174814,1.0180656275406847,0.4946353626688071,1.0386838909305305,14.34055520196925,-0.06114191919572248,-0.6258778463927135,0.5423213380638622
12,24,0.3,demean,0.5,T3_illiquid,1973,64.8362899138368,3.009617637718636,1.1205517402322147,33.623660785893854,12.51448572300226,1.2272636186851258,0.4567787288895825,1.0629693025678646,21.109175062891598,-0.06877879175484623,-0.7414658195889554,0.5159655347187024
12,24,0.3,none,0.5,T1_liquid,1973,65.33198175367461,-0.6816473172900306,-1.6102053307385118,-7.746802518053198,-18.299601719498135,-0.28275829190894175,-0.6679354627616819,0.9780515999034197,10.552799201444943,-0.019038722255718708,-0.9876081156008993,0.4668018246325393
12,24,0.3,none,0.5,T2_mid,1973,65.06741003547897,2.3931033627651273,1.1628707376106053,27.892208973717388,13.55165377174814,1.0180656275406847,0.4946353626688071,1.0386838909305305,14.34055520196925,-0.06114191919572248,-0.6258778463927135,0.5423213380638622
12,24,0.3,none,0.5,T3_illiquid,1973,64.8362899138368,3.009617637718636,1.1205517402322147,33.623660785893854,12.51448572300226,1.2272636186851258,0.4567787288895825,1.0629693025678646,21.109175062891598,-0.06877879175484623,-0.7414658195889554,0.5159655347187024
24,3,0.1,demean,0.5,T1_liquid,1973,21.14749113025849,0.8607508198250536,-0.2559541003629468,7.644519213705486,-2.2732088352630604,0.27902495130025023,-0.0829721224871017,0.9200343273328575,9.917728048968543,-0.027195961486393822,-0.7399116742968247,0.4997465788139889
24,3,0.1,demean,0.5,T2_mid,1973,21.09477952356817,2.4573803874149354,0.7543763214670199,20.26096230487169,6.219139189160461,0.7395251241278167,0.22699858040435683,1.0226237706090722,14.04182311571123,-0.07062162657700909,-0.6924778722155499,0.5423213380638622
24,3,0.1,demean,0.5,T3_illiquid,1973,21.056259503294477,3.418730028346197,0.3581981700453002,23.87477453206214,2.497758569199751,0.8714292704202682,0.09116818777579092,1.081826487135661,21.377015962862387,-0.07212852952604715,-0.7794478464119439,0.516979219462747
24,3,0.1,none,0.5,T1_liquid,1973,21.14749113025849,0.8607508198250536,-0.2559541003629468,7.644519213705486,-2.2732088352630604,0.27902495130025023,-0.0829721224871017,0.9200343273328575,9.917728048968543,-0.027195961486393822,-0.7399116742968247,0.4997465788139889
24,3,0.1,none,0.5,T2_mid,1973,21.09477952356817,2.4573803874149354,0.7543763214670199,20.26096230487169,6.219139189160461,0.7395251241278167,0.22699858040435683,1.0226237706090722,14.04182311571123,-0.07062162657700909,-0.6924778722155499,0.5423213380638622
24,3,0.1,none,0.5,T3_illiquid,1973,21.056259503294477,3.418730028346197,0.3581981700453002,23.87477453206214,2.497758569199751,0.8714292704202682,0.09116818777579092,1.081826487135661,21.377015962862387,-0.07212852952604715,-0.7794478464119439,0.516979219462747
24,3,0.2,demean,0.5,T1_liquid,1973,43.334009123162694,0.7575930038877632,-0.7926253083228498,4.219628610704272,-4.4146475594240915,0.15401644429070593,-0.16113463591897934,0.8000146656119693,8.634276170128361,-0.027195961486393822,-0.7084299963421455,0.4794728839330968
24,3,0.2,demean,0.5,T2_mid,1973,43.19006588950836,2.924902671721643,0.6080457079105672,15.316143416054043,3.1845173629396375,0.5590392346859726,0.11623488374729678,0.8801810242694774,12.131626053114406,-0.07062162657700909,-0.5567234907308085,0.5190065889508363
24,3,0.2,demean,0.5,T3_illiquid,1973,43.099847947288396,3.4671364358920735,-0.197154814594406,17.284513899179014,-0.9808381181555611,0.630884757320034,-0.03580059131267798,0.9224833776025668,18.265352017334575,-0.07212852952604715,-0.7657402817885949,0.48606183476938675
24,3,0.2,none,0.5,T1_liquid,1973,43.334009123162694,0.7575930038877632,-0.7926253083228498,4.219628610704272,-4.4146475594240915,0.15401644429070593,-0.16113463591897934,0.8000146656119693,8.634276170128361,-0.027195961486393822,-0.7084299963421455,0.4794728839330968
24,3,0.2,none,0.5,T2_mid,1973,43.19006588950836,2.924902671721643,0.6080457079105672,15.316143416054043,3.1845173629396375,0.5590392346859726,0.11623488374729678,0.8801810242694774,12.131626053114406,-0.07062162657700909,-0.5567234907308085,0.5190065889508363
24,3,0.2,none,0.5,T3_illiquid,1973,43.099847947288396,3.4671364358920735,-0.197154814594406,17.284513899179014,-0.9808381181555611,0.630884757320034,-0.03580059131267798,0.9224833776025668,18.265352017334575,-0.07212852952604715,-0.7657402817885949,0.48606183476938675
24,3,0.3,demean,0.5,T1_liquid,1973,65.33198175367461,0.5233208263773549,-1.2551819054083144,2.225512576869606,-5.336516090351838,0.08123120905574062,-0.19478283729784207,0.6998717150308769,7.562028667221442,-0.027195961486393822,-0.7055251634074402,0.4703497212366954
24,3,0.3,demean,0.5,T2_mid,1973,65.06538266599088,2.7733062597498526,0.17105240084217135,11.344989556313458,0.6998777660319828,0.4140921188054412,0.025545538460167376,0.7700057021215713,10.645111790281476,-0.07062162657700909,-0.5388236889278162,0.5073492143943233
24,3,0.3,demean,0.5,T3_illiquid,1973,64.8362899138368,3.6547181412916405,-0.4549894109128011,14.092647656830165,-1.7539778348251283,0.514381639474301,-0.06402019097111718,0.7998306606940775,15.846625491655294,-0.07212852952604715,-0.7163043842504246,0.4683223517486062
24,3,0.3,none,0.5,T1_liquid,1973,65.33198175367461,0.5233208263773549,-1.2551819054083144,2.225512576869606,-5.336516090351838,0.08123120905574062,-0.19478283729784207,0.6998717150308769,7.562028667221442,-0.027195961486393822,-0.7055251634074402,0.4703497212366954
24,3,0.3,none,0.5,T2_mid,1973,65.06538266599088,2.7733062597498526,0.17105240084217135,11.344989556313458,0.6998777660319828,0.4140921188054412,0.025545538460167376,0.7700057021215713,10.645111790281476,-0.07062162657700909,-0.5388236889278162,0.5073492143943233
24,3,0.3,none,0.5,T3_illiquid,1973,64.8362899138368,3.6547181412916405,-0.4549894109128011,14.092647656830165,-1.7539778348251283,0.514381639474301,-0.06402019097111718,0.7998306606940775,15.846625491655294,-0.07212852952604715,-0.7163043842504246,0.4683223517486062
24,6,0.1,demean,0.5,T1_liquid,1973,21.14749113025849,-0.02692388202907236,-0.7897257887643743,-0.350026464434524,-10.26775451340307,-0.012775965951860126,-0.374773039739212,0.9200343273328575,9.917728048968543,-0.03239910399498512,-0.9577007967902976,0.5027876330461226
24,6,0.1,demean,0.5,T2_mid,1973,21.09477952356817,1.8044747984500764,0.623635609042559,21.45777742072361,7.415954305012373,0.7832088758564116,0.2706823321329516,1.0226237706090722,14.04182311571123,-0.07552331356760983,-0.7337969115608709,0.543841865179929
24,6,0.1,demean,0.5,T3_illiquid,1973,21.056259503294477,3.166331143686858,1.1005081560686811,32.75620254869125,11.379186585828858,1.1956013930272307,0.4153403103827533,1.081826487135661,21.377015962862387,-0.07957377562787775,-0.6204859898568521,0.5478966041561074
24,6,0.1,none,0.5,T1_liquid,1973,21.14749113025849,-0.02692388202907236,-0.7897257887643743,-0.350026464434524,-10.26775451340307,-0.012775965951860126,-0.374773039739212,0.9200343273328575,9.917728048968543,-0.03239910399498512,-0.9577007967902976,0.5027876330461226
24,6,0.1,none,0.5,T2_mid,1973,21.09477952356817,1.8044747984500764,0.623635609042559,21.45777742072361,7.415954305012373,0.7832088758564116,0.2706823321329516,1.0226237706090722,14.04182311571123,-0.07552331356760983,-0.7337969115608709,0.543841865179929
24,6,0.1,none,0.5,T3_illiquid,1973,21.056259503294477,3.166331143686858,1.1005081560686811,32.75620254869125,11.379186585828858,1.1956013930272307,0.4153403103827533,1.081826487135661,21.377015962862387,-0.07957377562787775,-0.6204859898568521,0.5478966041561074
24,6,0.2,demean,0.5,T1_liquid,1973,43.334009123162694,-0.07481346286495959,-1.1269311660601158,-0.6140065331983239,-9.248282703326685,-0.02241123846173882,-0.33756231867142406,0.8000146656119693,8.634276170128361,-0.03239910399498512,-0.9039374411264666,0.4804865686771414
24,6,0.2,demean,0.5,T2_mid,1973,43.19006588950836,2.310027484257882,0.682557911366899,17.21911475233205,5.0874886992176425,0.6284976884601199,0.18569333752144396,0.8801810242694774,12.131626053114406,-0.07552331356760983,-0.532228647740341,0.5397871262037507
24,6,0.2,demean,0.5,T3_illiquid,1973,43.099847947288396,3.290704191377716,0.7123538830254275,23.30451487260273,5.039162855268154,0.8506147928499997,0.1839294442172876,0.9224833776025668,18.265352017334575,-0.07957377562787775,-0.6686214460964367,0.5103902686264572
24,6,0.2,none,0.5,T1_liquid,1973,43.334009123162694,-0.07481346286495959,-1.1269311660601158,-0.6140065331983239,-9.248282703326685,-0.02241123846173882,-0.33756231867142406,0.8000146656119693,8.634276170128361,-0.03239910399498512,-0.9039374411264666,0.4804865686771414
24,6,0.2,none,0.5,T2_mid,1973,43.19006588950836,2.310027484257882,0.682557911366899,17.21911475233205,5.0874886992176425,0.6284976884601199,0.18569333752144396,0.8801810242694774,12.131626053114406,-0.07552331356760983,-0.532228647740341,0.5397871262037507
24,6,0.2,none,0.5,T3_illiquid,1973,43.099847947288396,3.290704191377716,0.7123538830254275,23.30451487260273,5.039162855268154,0.8506147928499997,0.1839294442172876,0.9224833776025668,18.265352017334575,-0.07957377562787775,-0.6686214460964367,0.5103902686264572
24,6,0.3,demean,0.5,T1_liquid,1973,65.33198175367461,-0.10608038040974721,-1.3177506259397964,-0.6619992994522031,-8.224027966673646,-0.024162974430005413,-0.30017702078358804,0.6998717150308769,7.562028667221442,-0.03239910399498512,-0.8574923324182557,0.4799797263051191
24,6,0.3,demean,0.5,T2_mid,1973,65.06538266599088,2.1913266960941917,0.3639376796580993,12.765835253149584,2.1207234628681086,0.46595298673995983,0.07740640639468596,0.7700057021215713,10.645111790281476,-0.07552331356760983,-0.45822885504628597,0.5276229092752154
24,6,0.3,demean,0.5,T3_illiquid,1973,64.8362899138368,3.521482112273614,0.7060286818291642,19.823239820998687,3.9766143293433953,0.723548253466452,0.14514642302103392,0.7998306606940775,15.846625491655294,-0.07957377562787775,-0.5886712248998018,0.5038013177901672
24,6,0.3,none,0.5,T1_liquid,1973,65.33198175367461,-0.10608038040974721,-1.3177506259397964,-0.6619992994522031,-8.224027966673646,-0.024162974430005413,-0.30017702078358804,0.6998717150308769,7.562028667221442,-0.03239910399498512,-0.8574923324182557,0.4799797263051191
24,6,0.3,none,0.5,T2_mid,1973,65.06538266599088,2.1913266960941917,0.3639376796580993,12.765835253149584,2.1207234628681086,0.46595298673995983,0.07740640639468596,0.7700057021215713,10.645111790281476,-0.07552331356760983,-0.45822885504628597,0.5276229092752154
24,6,0.3,none,0.5,T3_illiquid,1973,64.8362899138368,3.521482112273614,0.7060286818291642,19.823239820998687,3.9766143293433953,0.723548253466452,0.14514642302103392,0.7998306606940775,15.846625491655294,-0.07957377562787775,-0.5886712248998018,0.5038013177901672
24,12,0.1,demean,0.5,T1_liquid,1973,21.14749113025849,-0.8460737220159793,-1.3986975063379197,-15.186391244818806,-25.104119293787353,-0.5543032804358864,-0.9163003542232383,0.9200343273328575,9.917728048968543,-0.02827928399612501,-0.9990366524125666,0.48808920425747593
24,12,0.1,demean,0.5,T2_mid,1973,21.09477952356817,1.6240101952894377,0.7292109466954478,25.47825743180108,11.436434316089853,0.9299563962607393,0.4174298525372796,1.0226237706090722,14.04182311571123,-0.07365044731107116,-0.8382569526498874,0.5519513431322859
24,12,0.1,demean,0.5,T3_illiquid,1973,21.056259503294477,3.146834696514343,1.6856326417484575,46.031853118122385,24.654837155259997,1.680162638811467,0.8999015561669899,1.081826487135661,21.377015962862387,-0.0744032144280051,-0.6618172603077611,0.5549923973644196
24,12,0.1,none,0.5,T1_liquid,1973,21.14749113025849,-0.8460737220159793,-1.3986975063379197,-15.186391244818806,-25.104119293787353,-0.5543032804358864,-0.9163003542232383,0.9200343273328575,9.917728048968543,-0.02827928399612501,-0.9990366524125666,0.48808920425747593
24,12,0.1,none,0.5,T2_mid,1973,21.09477952356817,1.6240101952894377,0.7292109466954478,25.47825743180108,11.436434316089853,0.9299563962607393,0.4174298525372796,1.0226237706090722,14.04182311571123,-0.07365044731107116,-0.8382569526498874,0.5519513431322859
24,12,0.1,none,0.5,T3_illiquid,1973,21.056259503294477,3.146834696514343,1.6856326417484575,46.031853118122385,24.654837155259997,1.680162638811467,0.8999015561669899,1.081826487135661,21.377015962862387,-0.0744032144280051,-0.6618172603077611,0.5549923973644196
24,12,0.2,demean,0.5,T1_liquid,1973,43.334009123162694,-0.948842184165532,-1.7053306277850484,-10.828287412623734,-19.4625635827521,-0.3952324905607663,-0.7103835707704517,0.8000146656119693,8.634276170128361,-0.02827928399612501,-0.9919501507148196,0.4749113025848961
24,12,0.2,demean,0.5,T2_mid,1973,43.19006588950836,2.102091417122816,0.926834929289717,21.699969159730795,9.56834310661639,0.792048874330174,0.3492445233914983,0.8801810242694774,12.131626053114406,-0.07365044731107116,-0.7114263125985861,0.5402939685757729
24,12,0.2,demean,0.5,T3_illiquid,1973,43.099847947288396,3.0332884248958325,1.2281520178061414,30.68258644955433,12.417234432219747,1.1199144054087329,0.45322905677602077,0.9224833776025668,18.265352017334575,-0.0744032144280051,-0.689391497909619,0.5326913329954385
24,12,0.2,none,0.5,T1_liquid,1973,43.334009123162694,-0.948842184165532,-1.7053306277850484,-10.828287412623734,-19.4625635827521,-0.3952324905607663,-0.7103835707704517,0.8000146656119693,8.634276170128361,-0.02827928399612501,-0.9919501507148196,0.4749113025848961
24,12,0.2,none,0.5,T2_mid,1973,43.19006588950836,2.102091417122816,0.926834929289717,21.699969159730795,9.56834310661639,0.792048874330174,0.3492445233914983,0.8801810242694774,12.131626053114406,-0.07365044731107116,-0.7114263125985861,0.5402939685757729
24,12,0.2,none,0.5,T3_illiquid,1973,43.099847947288396,3.0332884248958325,1.2281520178061414,30.68258644955433,12.417234432219747,1.1199144054087329,0.45322905677602077,0.9224833776025668,18.265352017334575,-0.0744032144280051,-0.689391497909619,0.5326913329954385
24,12,0.3,demean,0.5,T1_liquid,1973,65.33198175367461,-0.8134548918074151,-1.6972991701195743,-6.958612636530635,-14.52064130375208,-0.2539893612333682,-0.530003407586951,0.6998717150308769,7.562028667221442,-0.02827928399612501,-0.9685095728184872,0.4738976178408515
24,12,0.3,demean,0.5,T2_mid,1973,65.06538266599088,2.2607627147051965,0.9207833146632814,17.961941774100666,7.316829983819188,0.6556108747546743,0.2670642944094004,0.7700057021215713,10.645111790281476,-0.07365044731107116,-0.5740365440833146,0.5392802838317283
24,12,0.3,demean,0.5,T3_illiquid,1973,64.8362899138368,3.381451613215909,1.3666856431458483,26.59610401582628,10.749478524170982,0.9707577965776593,0.39235596613224083,0.7998306606940775,15.846625491655294,-0.0744032144280051,-0.647631796231551,0.5291434363912824
24,12,0.3,none,0.5,T1_liquid,1973,65.33198175367461,-0.8134548918074151,-1.6972991701195743,-6.958612636530635,-14.52064130375208,-0.2539893612333682,-0.530003407586951,0.6998717150308769,7.562028667221442,-0.02827928399612501,-0.9685095728184872,0.4738976178408515
24,12,0.3,none,0.5,T2_mid,1973,65.06538266599088,2.2607627147051965,0.9207833146632814,17.961941774100666,7.316829983819188,0.6556108747546743,0.2670642944094004,0.7700057021215713,10.645111790281476,-0.07365044731107116,-0.5740365440833146,0.5392802838317283
24,12,0.3,none,0.5,T3_illiquid,1973,64.8362899138368,3.381451613215909,1.3666856431458483,26.59610401582628,10.749478524170982,0.9707577965776593,0.39235596613224083,0.7998306606940775,15.846625491655294,-0.0744032144280051,-0.647631796231551,0.5291434363912824
24,24,0.1,demean,0.5,T1_liquid,1973,21.14749113025849,-1.491944118882506,-1.907501608559301,-35.60119350852714,-45.51892155749568,-1.2994435630612406,-1.6614406368485923,0.9200343273328575,9.917728048968543,-0.022013952665823712,-0.9999934703844126,0.4835276229092752
24,24,0.1,demean,0.5,T2_mid,1973,21.09477952356817,0.8901837202874197,0.2933910879219528,20.944214608573606,6.902391492862375,0.7644638332129365,0.2519372894894767,1.0226237706090722,14.04182311571123,-0.06462258728537151,-0.9877819989437303,0.5433350228079067
24,24,0.1,demean,0.5,T3_illiquid,1973,21.056259503294477,2.388300882574652,1.2934713923255303,46.63105146187202,25.254035499009632,1.7020333783583288,0.9217722957138516,1.081826487135661,21.377015962862387,-0.06440409293298356,-0.830387736553502,0.5347187024835276
24,24,0.1,none,0.5,T1_liquid,1973,21.14749113025849,-1.491944118882506,-1.907501608559301,-35.60119350852714,-45.51892155749568,-1.2994435630612406,-1.6614406368485923,0.9200343273328575,9.917728048968543,-0.022013952665823712,-0.9999934703844126,0.4835276229092752
24,24,0.1,none,0.5,T2_mid,1973,21.09477952356817,0.8901837202874197,0.2933910879219528,20.944214608573606,6.902391492862375,0.7644638332129365,0.2519372894894767,1.0226237706090722,14.04182311571123,-0.06462258728537151,-0.9877819989437303,0.5433350228079067
24,24,0.1,none,0.5,T3_illiquid,1973,21.056259503294477,2.388300882574652,1.2934713923255303,46.63105146187202,25.254035499009632,1.7020333783583288,0.9217722957138516,1.081826487135661,21.377015962862387,-0.06440409293298356,-0.830387736553502,0.5347187024835276
24,24,0.2,demean,0.5,T1_liquid,1973,43.334009123162694,-1.6410287462037012,-2.190102768098303,-25.790805035666775,-34.425081205795145,-0.9413643838018373,-1.2565154640115228,0.8000146656119693,8.634276170128361,-0.022013952665823712,-0.999729383538265,0.46274708565636086
24,24,0.2,demean,0.5,T2_mid,1973,43.19006588950836,1.369313259675755,0.5755161146474422,20.929530690190326,8.797904637075925,0.7639278701919469,0.3211235192532713,0.8801810242694774,12.131626053114406,-0.06462258728537151,-0.9345227444574642,0.5372529143436391
24,24,0.2,demean,0.5,T3_illiquid,1973,43.099847947288396,2.3347392678711074,1.0865540653400443,34.15882808044378,15.893476063109212,1.246797224936198,0.5801118763034863,0.9224833776025668,18.265352017334575,-0.06440409293298356,-0.7969370235253934,0.5195134313228585
24,24,0.2,none,0.5,T1_liquid,1973,43.334009123162694,-1.6410287462037012,-2.190102768098303,-25.790805035666775,-34.425081205795145,-0.9413643838018373,-1.2565154640115228,0.8000146656119693,8.634276170128361,-0.022013952665823712,-0.999729383538265,0.46274708565636086
24,24,0.2,none,0.5,T2_mid,1973,43.19006588950836,1.369313259675755,0.5755161146474422,20.929530690190326,8.797904637075925,0.7639278701919469,0.3211235192532713,0.8801810242694774,12.131626053114406,-0.06462258728537151,-0.9345227444574642,0.5372529143436391
24,24,0.2,none,0.5,T3_illiquid,1973,43.099847947288396,2.3347392678711074,1.0865540653400443,34.15882808044378,15.893476063109212,1.246797224936198,0.5801118763034863,0.9224833776025668,18.265352017334575,-0.06440409293298356,-0.7969370235253934,0.5195134313228585
24,24,0.3,demean,0.5,T1_liquid,1973,65.33198175367461,-1.326075591527034,-1.9542618063696409,-15.958538237343346,-23.52056690456479,-0.5824866456630321,-0.8585006920166149,0.6998717150308769,7.562028667221442,-0.022013952665823712,-0.9958007611109769,0.4718702483527623
24,24,0.3,demean,0.5,T2_mid,1973,65.06538266599088,1.8158597949924424,0.9350015147751625,21.94652227539239,11.30141048511091,0.8010480630518222,0.41250148270654824,0.7700057021215713,10.645111790281476,-0.06462258728537151,-0.802812890989482,0.5276229092752154
24,24,0.3,demean,0.5,T3_illiquid,1973,64.8362899138368,2.596225011121249,1.188998721083522,29.245844725304238,13.399219233648942,1.0674733324736045,0.48907150202818644,0.7998306606940775,15.846625491655294,-0.06440409293298356,-0.8058519579276386,0.5245818550430816
24,24,0.3,none,0.5,T1_liquid,1973,65.33198175367461,-1.326075591527034,-1.9542618063696409,-15.958538237343346,-23.52056690456479,-0.5824866456630321,-0.8585006920166149,0.6998717150308769,7.562028667221442,-0.022013952665823712,-0.9958007611109769,0.4718702483527623
24,24,0.3,none,0.5,T2_mid,1973,65.06538266599088,1.8158597949924424,0.9350015147751625,21.94652227539239,11.30141048511091,0.8010480630518222,0.41250148270654824,0.7700057021215713,10.645111790281476,-0.06462258728537151,-0.802812890989482,0.5276229092752154
24,24,0.3,none,0.5,T3_illiquid,1973,64.8362899138368,2.596225011121249,1.188998721083522,29.245844725304238,13.399219233648942,1.0674733324736045,0.48907150202818644,0.7998306606940775,15.846625491655294,-0.06440409293298356,-0.8058519579276386,0.5245818550430816
3,3,0.1,demean,1.0,T1_liquid,1973,21.14749113025849,-0.34278548220383587,-2.777232865053278,-2.7149100326389144,-21.995619519975367,-0.09909421619132038,-0.8028401124791009,1.671350815091312,19.280709487336452,-0.011731971620126416,-0.9896075915052092,0.44095286365940195
3,3,0.1,demean,1.0,T2_mid,1973,21.09477952356817,1.4433121756295373,-2.319890967200314,11.524448971664354,-18.5145767077725,0.42064238746574895,-0.6757820498336962,1.7174374634207377,30.039025679436858,-0.0471574917581441,-0.982806775385871,0.44044602128737964
3,3,0.1,demean,1.0,T3_illiquid,1973,21.056259503294477,2.3851044284807648,-4.889392198202653,17.02153778254248,-34.96241857372445,0.6212861290628006,-1.2761282779409424,1.7506950488830872,51.98395635626692,-0.07361559114621974,-0.9992152166115417,0.36594019260010135
3,3,0.1,none,1.0,T1_liquid,1973,21.14749113025849,-0.34278548220383587,-2.777232865053278,-2.7149100326389144,-21.995619519975367,-0.09909421619132038,-0.8028401124791009,1.671350815091312,19.280709487336452,-0.011731971620126416,-0.9896075915052092,0.44095286365940195
3,3,0.1,none,1.0,T2_mid,1973,21.09477952356817,1.4433121756295373,-2.319890967200314,11.524448971664354,-18.5145767077725,0.42064238746574895,-0.6757820498336962,1.7174374634207377,30.039025679436858,-0.0471574917581441,-0.982806775385871,0.44044602128737964
3,3,0.1,none,1.0,T3_illiquid,1973,21.056259503294477,2.3851044284807648,-4.889392198202653,17.02153778254248,-34.96241857372445,0.6212861290628006,-1.2761282779409424,1.7506950488830872,51.98395635626692,-0.07361559114621974,-0.9992152166115417,0.36594019260010135
3,3,0.2,demean,1.0,T1_liquid,1973,43.334009123162694,-0.7028877507248594,-4.147367066243814,-3.585311555494233,-21.165140561393066,-0.13086387177553951,-0.7725276304908469,1.5223675266945749,17.579829005898837,-0.011731971620126416,-0.9859833028945643,0.39584389254941715
3,3,0.2,demean,1.0,T2_mid,1973,43.19006588950836,1.297140124462889,-4.051298867686646,6.657580177233135,-20.78865524089252,0.24300167646900944,-0.758785916292577,1.563794912244161,27.446235418125656,-0.0471574917581441,-0.9864556465892239,0.40446021287379624
3,3,0.2,demean,1.0,T3_illiquid,1973,43.099847947288396,3.0061089813467303,-6.979296578892591,14.255868013763193,-33.149385593561554,0.5203391825023566,-1.2099525741649968,1.5925018290905326,47.40525360732475,-0.07361559114621974,-0.9986924271149631,0.2924480486568677
3,3,0.2,none,1.0,T1_liquid,1973,43.334009123162694,-0.7028877507248594,-4.147367066243814,-3.585311555494233,-21.165140561393066,-0.13086387177553951,-0.7725276304908469,1.5223675266945749,17.579829005898837,-0.011731971620126416,-0.9859833028945643,0.39584389254941715
3,3,0.2,none,1.0,T2_mid,1973,43.19006588950836,1.297140124462889,-4.051298867686646,6.657580177233135,-20.78865524089252,0.24300167646900944,-0.758785916292577,1.563794912244161,27.446235418125656,-0.0471574917581441,-0.9864556465892239,0.40446021287379624
3,3,0.2,none,1.0,T3_illiquid,1973,43.099847947288396,3.0061089813467303,-6.979296578892591,14.255868013763193,-33.149385593561554,0.5203391825023566,-1.2099525741649968,1.5925018290905326,47.40525360732475,-0.07361559114621974,-0.9986924271149631,0.2924480486568677
3,3,0.3,demean,1.0,T1_liquid,1973,65.33198175367461,-0.7374341639481318,-4.751429740232499,-2.9218164312391948,-18.84021057109061,-0.10664629974023061,-0.6876676858448072,1.3775263004993383,15.918394139851411,-0.011731971620126416,-0.9766075804667718,0.3826659908768373
3,3,0.3,demean,1.0,T2_mid,1973,65.06943740496706,1.2027582523485771,-5.168761752754664,4.679064033231726,-20.112335642409366,0.17078583721295798,-0.734100250947942,1.4093049970199523,24.79139967564109,-0.0471574917581441,-0.9825784620906729,0.3684744044602129
3,3,0.3,demean,1.0,T3_illiquid,1973,64.8362899138368,2.650724057911767,-8.813664594392995,9.776920972321323,-32.57495222694293,0.35685761548972833,-1.1889857562834172,1.4218522441182981,42.35187319926426,-0.07361559114621974,-0.9984524512507148,0.2483527622909275
3,3,0.3,none,1.0,T1_liquid,1973,65.33198175367461,-0.7374341639481318,-4.751429740232499,-2.9218164312391948,-18.84021057109061,-0.10664629974023061,-0.6876676858448072,1.3775263004993383,15.918394139851411,-0.011731971620126416,-0.9766075804667718,0.3826659908768373
3,3,0.3,none,1.0,T2_mid,1973,65.06943740496706,1.2027582523485771,-5.168761752754664,4.679064033231726,-20.112335642409366,0.17078583721295798,-0.734100250947942,1.4093049970199523,24.79139967564109,-0.0471574917581441,-0.9825784620906729,0.3684744044602129
3,3,0.3,none,1.0,T3_illiquid,1973,64.8362899138368,2.650724057911767,-8.813664594392995,9.776920972321323,-32.57495222694293,0.35685761548972833,-1.1889857562834172,1.4218522441182981,42.35187319926426,-0.07361559114621974,-0.9984524512507148,0.2483527622909275
3,6,0.1,demean,1.0,T1_liquid,1973,21.14749113025849,0.3640945303784156,-1.2659260070796272,4.305970327197333,-14.974739160139118,0.15716791694270263,-0.5465779793450778,1.671350815091312,19.280709487336452,-0.014451624593464428,-0.9721551897879288,0.4668018246325393
3,6,0.1,demean,1.0,T2_mid,1973,21.09477952356817,1.9180235338890448,-0.5832550047146493,23.03548664818599,-7.003539031250865,0.8407952626587886,-0.25562917464065654,1.7174374634207377,30.039025679436858,-0.043761464994025015,-0.8739826238164662,0.5007602635580335
3,6,0.1,demean,1.0,T3_illiquid,1973,21.056259503294477,2.653163239412233,-2.2592744427506695,28.07099800696223,-23.912958349304702,1.0245914272541214,-0.8728229797496216,1.7506950488830872,51.98395635626692,-0.07067043302626748,-0.9944961841671699,0.4282818043588444
3,6,0.1,none,1.0,T1_liquid,1973,21.14749113025849,0.3640945303784156,-1.2659260070796272,4.305970327197333,-14.974739160139118,0.15716791694270263,-0.5465779793450778,1.671350815091312,19.280709487336452,-0.014451624593464428,-0.9721551897879288,0.4668018246325393
3,6,0.1,none,1.0,T2_mid,1973,21.09477952356817,1.9180235338890448,-0.5832550047146493,23.03548664818599,-7.003539031250865,0.8407952626587886,-0.25562917464065654,1.7174374634207377,30.039025679436858,-0.043761464994025015,-0.8739826238164662,0.5007602635580335
3,6,0.1,none,1.0,T3_illiquid,1973,21.056259503294477,2.653163239412233,-2.2592744427506695,28.07099800696223,-23.912958349304702,1.0245914272541214,-0.8728229797496216,1.7506950488830872,51.98395635626692,-0.07067043302626748,-0.9944961841671699,0.4282818043588444
3,6,0.2,demean,1.0,T1_liquid,1973,43.334009123162694,0.06622633467772464,-2.2620079167086007,0.49974233640189686,-17.08008666949694,0.018240595278669235,-0.6234231634366383,1.5223675266945749,17.579829005898837,-0.014451624593464428,-0.9736445920185813,0.45058286872782566
3,6,0.2,demean,1.0,T2_mid,1973,43.19006588950836,1.4761808216099217,-2.1990648064371476,11.026656129714548,-16.41957928841111,0.40247294873458095,-0.5993146440270055,1.563794912244161,27.446235418125656,-0.043761464994025015,-0.9687770579638645,0.45311708058793715
3,6,0.2,demean,1.0,T3_illiquid,1973,43.099847947288396,3.0169568406173886,-4.032447602549113,20.292354208317096,-27.11289939900765,0.740670928603574,-0.9896208280637792,1.5925018290905326,47.40525360732475,-0.07067043302626748,-0.9959060307521623,0.3806386213887481
3,6,0.2,none,1.0,T1_liquid,1973,43.334009123162694,0.06622633467772464,-2.2620079167086007,0.49974233640189686,-17.08008666949694,0.018240595278669235,-0.6234231634366383,1.5223675266945749,17.579829005898837,-0.014451624593464428,-0.9736445920185813,0.45058286872782566
3,6,0.2,none,1.0,T2_mid,1973,43.19006588950836,1.4761808216099217,-2.1990648064371476,11.026656129714548,-16.41957928841111,0.40247294873458095,-0.5993146440270055,1.563794912244161,27.446235418125656,-0.043761464994025015,-0.9687770579638645,0.45311708058793715
3,6,0.2,none,1.0,T3_illiquid,1973,43.099847947288396,3.0169568406173886,-4.032447602549113,20.292354208317096,-27.11289939900765,0.740670928603574,-0.9896208280637792,1.5925018290905326,47.40525360732475,-0.07067043302626748,-0.9959060307521623,0.3806386213887481
3,6,0.3,demean,1.0,T1_liquid,1973,65.33198175367461,0.02134117145107915,-2.693843357063545,0.1250515500271941,-15.793342589824219,0.0045643815759925845,-0.576457004528584,1.3775263004993383,15.918394139851411,-0.014451624593464428,-0.9624389414100486,0.4424733907754688
3,6,0.3,demean,1.0,T2_mid,1973,65.06943740496706,1.3340572878210126,-3.0129301253835337,7.609813570156308,-17.181586105484786,0.2777581953107052,-0.6271278928501947,1.4093049970199523,24.79139967564109,-0.043761464994025015,-0.9694311608295458,0.4257475924987329
3,6,0.3,demean,1.0,T3_illiquid,1973,64.8362899138368,2.7088640910597515,-5.199424955140863,14.50994657292737,-27.84192662633689,0.529613049911849,-1.0162303218612965,1.4218522441182981,42.35187319926426,-0.07067043302626748,-0.9962077333212811,0.3385707045108971
3,6,0.3,none,1.0,T1_liquid,1973,65.33198175367461,0.02134117145107915,-2.693843357063545,0.1250515500271941,-15.793342589824219,0.0045643815759925845,-0.576457004528584,1.3775263004993383,15.918394139851411,-0.014451624593464428,-0.9624389414100486,0.4424733907754688
3,6,0.3,none,1.0,T2_mid,1973,65.06943740496706,1.3340572878210126,-3.0129301253835337,7.609813570156308,-17.181586105484786,0.2777581953107052,-0.6271278928501947,1.4093049970199523,24.79139967564109,-0.043761464994025015,-0.9694311608295458,0.4257475924987329
3,6,0.3,none,1.0,T3_illiquid,1973,64.8362899138368,2.7088640910597515,-5.199424955140863,14.50994657292737,-27.84192662633689,0.529613049911849,-1.0162303218612965,1.4218522441182981,42.35187319926426,-0.07067043302626748,-0.9962077333212811,0.3385707045108971
3,12,0.1,demean,1.0,T1_liquid,1973,21.14749113025849,-0.07227186627985965,-1.2886577571950322,-1.1454837783656262,-20.42619326570208,-0.04181015791034536,-0.7455560541981259,1.671350815091312,19.280709487336452,-0.007666473675213313,-0.9950454895073773,0.4718702483527623
3,12,0.1,demean,1.0,T2_mid,1973,21.09477952356817,1.3767077295815038,-0.6016911987761318,20.903537878984068,-9.135487800452784,0.7629791325829185,-0.3334453047165266,1.7174374634207377,30.039025679436858,-0.03488115248300531,-0.9424088865024617,0.5058286872782565
3,12,0.1,demean,1.0,T3_illiquid,1973,21.056259503294477,2.5891008933996384,-1.1364465047227035,36.12848879888379,-15.855467557383143,1.318689841159258,-0.5787245658444847,1.7506950488830872,51.98395635626692,-0.05634954838661476,-0.9837232534829835,0.44703497212366955
3,12,0.1,none,1.0,T1_liquid,1973,21.14749113025849,-0.07227186627985965,-1.2886577571950322,-1.1454837783656262,-20.42619326570208,-0.04181015791034536,-0.7455560541981259,1.671350815091312,19.280709487336452,-0.007666473675213313,-0.9950454895073773,0.4718702483527623
3,12,0.1,none,1.0,T2_mid,1973,21.09477952356817,1.3767077295815038,-0.6016911987761318,20.903537878984068,-9.135487800452784,0.7629791325829185,-0.3334453047165266,1.7174374634207377,30.039025679436858,-0.03488115248300531,-0.9424088865024617,0.5058286872782565
3,12,0.1,none,1.0,T3_illiquid,1973,21.056259503294477,2.5891008933996384,-1.1364465047227035,36.12848879888379,-15.855467557383143,1.318689841159258,-0.5787245658444847,1.7506950488830872,51.98395635626692,-0.05634954838661476,-0.9837232534829835,0.44703497212366955
3,12,0.2,demean,1.0,T1_liquid,1973,43.334009123162694,-0.21520728295314503,-1.9673224678357086,-2.158134842665027,-19.737963848563865,-0.07877192175727349,-0.7204356804725811,1.5223675266945749,17.579829005898837,-0.007666473675213313,-0.9876699569581073,0.45869234668018244
3,12,0.2,demean,1.0,T2_mid,1973,43.19006588950836,0.9149173186317561,-1.9003193393241464,8.921610662127973,-18.524624755997685,0.32563878916767103,-0.6761488035939155,1.563794912244161,27.446235418125656,-0.03488115248300531,-0.981978881130744,0.4688291941206285
3,12,0.2,demean,1.0,T3_illiquid,1973,43.099847947288396,2.726766277772825,-2.61507823787275,24.20406054860754,-23.20119305871721,0.8834482100241752,-0.8468435466431782,1.5925018290905326,47.40525360732475,-0.05634954838661476,-0.993066118642961,0.40446021287379624
3,12,0.2,none,1.0,T1_liquid,1973,43.334009123162694,-0.21520728295314503,-1.9673224678357086,-2.158134842665027,-19.737963848563865,-0.07877192175727349,-0.7204356804725811,1.5223675266945749,17.579829005898837,-0.007666473675213313,-0.9876699569581073,0.45869234668018244
3,12,0.2,none,1.0,T2_mid,1973,43.19006588950836,0.9149173186317561,-1.9003193393241464,8.921610662127973,-18.524624755997685,0.32563878916767103,-0.6761488035939155,1.563794912244161,27.446235418125656,-0.03488115248300531,-0.981978881130744,0.4688291941206285
3,12,0.2,none,1.0,T3_illiquid,1973,43.099847947288396,2.726766277772825,-2.61507823787275,24.20406054860754,-23.20119305871721,0.8834482100241752,-0.8468435466431782,1.5925018290905326,47.40525360732475,-0.05634954838661476,-0.993066118642961,0.40446021287379624
3,12,0.3,demean,1.0,T1_liquid,1973,65.33198175367461,-0.2423026664660169,-2.312186290402891,-1.8622869898607721,-17.780681129712185,-0.06797347512991819,-0.6489948612344948,1.3775263004993383,15.918394139851411,-0.007666473675213313,-0.9787804686475688,0.45615813482007095
3,12,0.3,demean,1.0,T2_mid,1973,65.06943740496706,0.8707615559195401,-2.4590838300255955,6.483807766208906,-18.30759190943219,0.23665898346662506,-0.6682271046942749,1.4093049970199523,24.79139967564109,-0.03488115248300531,-0.977673741462534,0.45108971109984797
3,12,0.3,demean,1.0,T3_illiquid,1973,64.8362899138368,2.4256501526806367,-3.4542405430932845,17.471929213255162,-24.879943986009096,0.6377254162838134,-0.9081179554893319,1.4218522441182981,42.35187319926426,-0.05634954838661476,-0.9944732049951207,0.39483020780537254
3,12,0.3,none,1.0,T1_liquid,1973,65.33198175367461,-0.2423026664660169,-2.312186290402891,-1.8622869898607721,-17.780681129712185,-0.06797347512991819,-0.6489948612344948,1.3775263004993383,15.918394139851411,-0.007666473675213313,-0.9787804686475688,0.45615813482007095
3,12,0.3,none,1.0,T2_mid,1973,65.06943740496706,0.8707615559195401,-2.4590838300255955,6.483807766208906,-18.30759190943219,0.23665898346662506,-0.6682271046942749,1.4093049970199523,24.79139967564109,-0.03488115248300531,-0.977673741462534,0.45108971109984797
3,12,0.3,none,1.0,T3_illiquid,1973,64.8362899138368,2.4256501526806367,-3.4542405430932845,17.471929213255162,-24.879943986009096,0.6377254162838134,-0.9081179554893319,1.4218522441182981,42.35187319926426,-0.05634954838661476,-0.9944732049951207,0.39483020780537254
3,24,0.1,demean,1.0,T1_liquid,1973,21.14749113025849,-0.567732130204571,-1.4505083915528052,-12.39781992701128,-31.678529414347732,-0.45252042733591175,-1.156266323623692,1.671350815091312,19.280709487336452,-0.005939893953559503,-0.9998275955080533,0.47136340598074
3,24,0.1,demean,1.0,T2_mid,1973,21.09477952356817,1.2619565674362976,-0.16856827681659206,26.498764284086075,-3.5402613953507855,0.9672048963691418,-0.12921954093030366,1.7174374634207377,30.039025679436858,-0.03375958690451426,-0.9329711217955542,0.516979219462747
3,24,0.1,demean,1.0,T3_illiquid,1973,21.056259503294477,2.61676319419676,-0.20245294007564094,48.25118817700161,-3.7327681792653213,1.7611683684605588,-0.13624603854318423,1.7506950488830872,51.98395635626692,-0.04990437876419322,-0.9455420523484969,0.486568677141409
3,24,0.1,none,1.0,T1_liquid,1973,21.14749113025849,-0.567732130204571,-1.4505083915528052,-12.39781992701128,-31.678529414347732,-0.45252042733591175,-1.156266323623692,1.671350815091312,19.280709487336452,-0.005939893953559503,-0.9998275955080533,0.47136340598074
3,24,0.1,none,1.0,T2_mid,1973,21.09477952356817,1.2619565674362976,-0.16856827681659206,26.498764284086075,-3.5402613953507855,0.9672048963691418,-0.12921954093030366,1.7174374634207377,30.039025679436858,-0.03375958690451426,-0.9329711217955542,0.516979219462747
3,24,0.1,none,1.0,T3_illiquid,1973,21.056259503294477,2.61676319419676,-0.20245294007564094,48.25118817700161,-3.7327681792653213,1.7611683684605588,-0.13624603854318423,1.7506950488830872,51.98395635626692,-0.04990437876419322,-0.9455420523484969,0.486568677141409
3,24,0.2,demean,1.0,T1_liquid,1973,43.334009123162694,-0.9401109635581003,-2.2006476044906345,-13.107239856068428,-30.687068861967266,-0.4784142547464976,-1.1200780134618054,1.5223675266945749,17.579829005898837,-0.005939893953559503,-0.9991908175302155,0.45565129244804864
3,24,0.2,demean,1.0,T2_mid,1973,43.19006588950836,1.0397791682376523,-0.9393596892424899,14.418141381165485,-13.02809403696017,0.5262621604125403,-0.4755254323490462,1.563794912244161,27.446235418125656,-0.03375958690451426,-0.9681210893305895,0.48504815002534213
3,24,0.2,demean,1.0,T3_illiquid,1973,43.099847947288396,2.630157359209464,-1.1022748070324602,33.40161447205604,-14.003639135268706,1.2191589282300455,-0.5111328284373078,1.5925018290905326,47.40525360732475,-0.04990437876419322,-0.9659531763943536,0.4384186517992904
3,24,0.2,none,1.0,T1_liquid,1973,43.334009123162694,-0.9401109635581003,-2.2006476044906345,-13.107239856068428,-30.687068861967266,-0.4784142547464976,-1.1200780134618054,1.5223675266945749,17.579829005898837,-0.005939893953559503,-0.9991908175302155,0.45565129244804864
3,24,0.2,none,1.0,T2_mid,1973,43.19006588950836,1.0397791682376523,-0.9393596892424899,14.418141381165485,-13.02809403696017,0.5262621604125403,-0.4755254323490462,1.563794912244161,27.446235418125656,-0.03375958690451426,-0.9681210893305895,0.48504815002534213
3,24,0.2,none,1.0,T3_illiquid,1973,43.099847947288396,2.630157359209464,-1.1022748070324602,33.40161447205604,-14.003639135268706,1.2191589282300455,-0.5111328284373078,1.5925018290905326,47.40525360732475,-0.04990437876419322,-0.9659531763943536,0.4384186517992904
3,24,0.3,demean,1.0,T1_liquid,1973,65.33198175367461,-0.7987292162768694,-2.2833409103084317,-8.559576109409962,-24.477970249261368,-0.3124245279934636,-0.89344591409804,1.3775263004993383,15.918394139851411,-0.005939893953559503,-0.995798951407414,0.4546376077040041
3,24,0.3,demean,1.0,T2_mid,1973,65.06943740496706,0.8074032725202587,-1.4737496838139477,8.773242547303774,-16.01815712833732,0.3202233529765877,-0.5846627351843123,1.4093049970199523,24.79139967564109,-0.03375958690451426,-0.9758467277855483,0.4728839330968069
3,24,0.3,demean,1.0,T3_illiquid,1973,64.8362899138368,2.2584991101966523,-1.8665684970627385,23.179879741951677,-19.171993457312585,0.8460656105812362,-0.6997777611919094,1.4218522441182981,42.35187319926426,-0.04990437876419322,-0.9841821654041383,0.41003547896604153
3,24,0.3,none,1.0,T1_liquid,1973,65.33198175367461,-0.7987292162768694,-2.2833409103084317,-8.559576109409962,-24.477970249261368,-0.3124245279934636,-0.89344591409804,1.3775263004993383,15.918394139851411,-0.005939893953559503,-0.995798951407414,0.4546376077040041
3,24,0.3,none,1.0,T2_mid,1973,65.06943740496706,0.8074032725202587,-1.4737496838139477,8.773242547303774,-16.01815712833732,0.3202233529765877,-0.5846627351843123,1.4093049970199523,24.79139967564109,-0.03375958690451426,-0.9758467277855483,0.4728839330968069
3,24,0.3,none,1.0,T3_illiquid,1973,64.8362899138368,2.2584991101966523,-1.8665684970627385,23.179879741951677,-19.171993457312585,0.8460656105812362,-0.6997777611919094,1.4218522441182981,42.35187319926426,-0.04990437876419322,-0.9841821654041383,0.41003547896604153
6,3,0.1,demean,1.0,T1_liquid,1973,21.14749113025849,1.164836937215644,-1.1906761255104137,9.534246538771422,-9.752639533707656,0.3479999986651569,-0.35597134298032945,1.6723484939906634,19.286886072479078,-0.022549751412214766,-0.8851999632933215,0.45919918905220475
6,3,0.1,demean,1.0,T2_mid,1973,21.09477952356817,2.4738793610486636,-1.2592558569060255,20.006231553908094,-10.18301078882829,0.7302274517176455,-0.3716798937922326,1.7268817289597826,30.18924234273639,-0.05426013787899001,-0.907375118130476,0.4759249873289407
6,3,0.1,demean,1.0,T3_illiquid,1973,21.056259503294477,3.1509479683515362,-4.372643338895806,22.04588517086653,-30.61548008260783,0.8046748087366283,-1.1174650230151857,1.7738658368156595,52.66136525347435,-0.07567829737495746,-0.9981285083420405,0.3928028383172833
6,3,0.1,none,1.0,T1_liquid,1973,21.14749113025849,1.164836937215644,-1.1906761255104137,9.534246538771422,-9.752639533707656,0.3479999986651569,-0.35597134298032945,1.6723484939906634,19.286886072479078,-0.022549751412214766,-0.8851999632933215,0.45919918905220475
6,3,0.1,none,1.0,T2_mid,1973,21.09477952356817,2.4738793610486636,-1.2592558569060255,20.006231553908094,-10.18301078882829,0.7302274517176455,-0.3716798937922326,1.7268817289597826,30.18924234273639,-0.05426013787899001,-0.907375118130476,0.4759249873289407
6,3,0.1,none,1.0,T3_illiquid,1973,21.056259503294477,3.1509479683515362,-4.372643338895806,22.04588517086653,-30.61548008260783,0.8046748087366283,-1.1174650230151857,1.7738658368156595,52.66136525347435,-0.07567829737495746,-0.9981285083420405,0.3928028383172833
6,3,0.2,demean,1.0,T1_liquid,1973,43.334009123162694,1.1407925703946358,-2.3274272790171935,5.84554266657903,-11.938419520844562,0.21336230733013462,-0.4357523125108265,1.5403856566356513,17.783962187423597,-0.022549751412214766,-0.9133905665259253,0.44095286365940195
6,3,0.2,demean,1.0,T2_mid,1973,43.19006588950836,2.596754258707142,-2.8163534628542988,13.407674204795361,-14.542372110772035,0.48938010847503066,-0.5307965820431794,1.5930330193059121,27.9500463155674,-0.05426013787899001,-0.9478247504193561,0.4262544348707552
6,3,0.2,demean,1.0,T3_illiquid,1973,43.099847947288396,3.3521942222358425,-6.858233341339857,16.026257186199896,-32.83884354110155,0.5849583872962962,-1.1986177892502063,1.6412559101008883,48.86510072730143,-0.07567829737495746,-0.9985728301689681,0.30207805372529145
6,3,0.2,none,1.0,T1_liquid,1973,43.334009123162694,1.1407925703946358,-2.3274272790171935,5.84554266657903,-11.938419520844562,0.21336230733013462,-0.4357523125108265,1.5403856566356513,17.783962187423597,-0.022549751412214766,-0.9133905665259253,0.44095286365940195
6,3,0.2,none,1.0,T2_mid,1973,43.19006588950836,2.596754258707142,-2.8163534628542988,13.407674204795361,-14.542372110772035,0.48938010847503066,-0.5307965820431794,1.5930330193059121,27.9500463155674,-0.05426013787899001,-0.9478247504193561,0.4262544348707552
6,3,0.2,none,1.0,T3_illiquid,1973,43.099847947288396,3.3521942222358425,-6.858233341339857,16.026257186199896,-32.83884354110155,0.5849583872962962,-1.1986177892502063,1.6412559101008883,48.86510072730143,-0.07567829737495746,-0.9985728301689681,0.30207805372529145
6,3,0.3,demean,1.0,T1_liquid,1973,65.33198175367461,0.880189489834764,-3.188469315163253,3.505814929653553,-12.715229217923204,0.12796224493235467,-0.46410586645419694,1.4038421045488156,16.22104414757676,-0.022549751412214766,-0.9222117149104085,0.41409021794221995
6,3,0.3,demean,1.0,T2_mid,1973,65.06842372022301,2.5854826800381403,-4.037331249340595,9.985211260040417,-15.600162126803891,0.3644602109914752,-0.569405917628342,1.4547783729725243,25.585373386844314,-0.05426013787899001,-0.9562455179914693,0.40446021287379624
6,3,0.3,demean,1.0,T3_illiquid,1973,64.8362899138368,3.150528029962389,-8.58596256311158,11.86475112742691,-32.4243515570014,0.43306341615108224,-1.183488831830551,1.4865115469060504,44.28910268442831,-0.07567829737495746,-0.998411869487912,0.25747592498732896
6,3,0.3,none,1.0,T1_liquid,1973,65.33198175367461,0.880189489834764,-3.188469315163253,3.505814929653553,-12.715229217923204,0.12796224493235467,-0.46410586645419694,1.4038421045488156,16.22104414757676,-0.022549751412214766,-0.9222117149104085,0.41409021794221995
6,3,0.3,none,1.0,T2_mid,1973,65.06842372022301,2.5854826800381403,-4.037331249340595,9.985211260040417,-15.600162126803891,0.3644602109914752,-0.569405917628342,1.4547783729725243,25.585373386844314,-0.05426013787899001,-0.9562455179914693,0.40446021287379624
6,3,0.3,none,1.0,T3_illiquid,1973,64.8362899138368,3.150528029962389,-8.58596256311158,11.86475112742691,-32.4243515570014,0.43306341615108224,-1.183488831830551,1.4865115469060504,44.28910268442831,-0.07567829737495746,-0.998411869487912,0.25747592498732896
6,6,0.1,demean,1.0,T1_liquid,1973,21.14749113025849,0.9088668821025433,-0.6496970275141744,11.244040292205517,-8.042845780273561,0.4104074706655013,-0.293563870979985,1.6723484939906634,19.286886072479078,-0.028219006226350422,-0.8950883017619109,0.48606183476938675
6,6,0.1,demean,1.0,T2_mid,1973,21.09477952356817,2.180526096248955,-0.2596859794592601,26.975401747548442,-3.2138405951879454,0.9846021637855181,-0.11730518172436001,1.7268817289597826,30.18924234273639,-0.05387977276082284,-0.8083762622386446,0.5179929042067917
6,6,0.1,demean,1.0,T3_illiquid,1973,21.056259503294477,2.9757374422839664,-2.091060766708772,30.931188452952913,-21.73017680052144,1.1289883785327814,-0.7931514532190326,1.7738658368156595,52.66136525347435,-0.07630869747813296,-0.9915068058546531,0.4546376077040041
6,6,0.1,none,1.0,T1_liquid,1973,21.14749113025849,0.9088668821025433,-0.6496970275141744,11.244040292205517,-8.042845780273561,0.4104074706655013,-0.293563870979985,1.6723484939906634,19.286886072479078,-0.028219006226350422,-0.8950883017619109,0.48606183476938675
6,6,0.1,none,1.0,T2_mid,1973,21.09477952356817,2.180526096248955,-0.2596859794592601,26.975401747548442,-3.2138405951879454,0.9846021637855181,-0.11730518172436001,1.7268817289597826,30.18924234273639,-0.05387977276082284,-0.8083762622386446,0.5179929042067917
6,6,0.1,none,1.0,T3_illiquid,1973,21.056259503294477,2.9757374422839664,-2.091060766708772,30.931188452952913,-21.73017680052144,1.1289883785327814,-0.7931514532190326,1.7738658368156595,52.66136525347435,-0.07630869747813296,-0.9915068058546531,0.4546376077040041
6,6,0.2,demean,1.0,T1_liquid,1973,43.334009123162694,1.1169404003520835,-1.2160828013671097,8.509268370560255,-9.27469381686334,0.3105882955254493,-0.33852632431551194,1.5403856566356513,17.783962187423597,-0.028219006226350422,-0.8792784452504134,0.47237709072478457
6,6,0.2,demean,1.0,T2_mid,1973,43.19006588950836,2.304804950162377,-1.4232476275221493,17.276951170467566,-10.673095145099833,0.6306087177220661,-0.38956797279614386,1.5930330193059121,27.9500463155674,-0.05387977276082284,-0.9022660448079609,0.4688291941206285
6,6,0.2,demean,1.0,T3_illiquid,1973,43.099847947288396,3.1155632142505767,-3.795154444911202,22.034416628033494,-26.830684099267945,0.8042562069232225,-0.97931996962328,1.6412559101008883,48.86510072730143,-0.07630869747813296,-0.9962291992628408,0.3852002027369488
6,6,0.2,none,1.0,T1_liquid,1973,43.334009123162694,1.1169404003520835,-1.2160828013671097,8.509268370560255,-9.27469381686334,0.3105882955254493,-0.33852632431551194,1.5403856566356513,17.783962187423597,-0.028219006226350422,-0.8792784452504134,0.47237709072478457
6,6,0.2,none,1.0,T2_mid,1973,43.19006588950836,2.304804950162377,-1.4232476275221493,17.276951170467566,-10.673095145099833,0.6306087177220661,-0.38956797279614386,1.5930330193059121,27.9500463155674,-0.05387977276082284,-0.9022660448079609,0.4688291941206285
6,6,0.2,none,1.0,T3_illiquid,1973,43.099847947288396,3.1155632142505767,-3.795154444911202,22.034416628033494,-26.830684099267945,0.8042562069232225,-0.97931996962328,1.6412559101008883,48.86510072730143,-0.07630869747813296,-0.9962291992628408,0.3852002027369488
6,6,0.3,demean,1.0,T1_liquid,1973,65.33198175367461,0.9771747634639603,-1.7749167600117675,5.7545203836526015,-10.466523763924158,0.21003999400331996,-0.3820281173832318,1.4038421045488156,16.22104414757676,-0.028219006226350422,-0.8933320431381132,0.44703497212366955
6,6,0.3,demean,1.0,T2_mid,1973,65.06842372022301,2.231623543562086,-2.3389749607831263,12.490834046073365,-13.094539340770947,0.45591544268167783,-0.47795068593813955,1.4547783729725243,25.585373386844314,-0.05387977276082284,-0.9323175701362173,0.43993917891535733
6,6,0.3,demean,1.0,T3_illiquid,1973,64.8362899138368,3.0178681339530264,-5.079689978391367,16.49785983249397,-27.79124285193433,0.6021718838860299,-1.014380364095603,1.4865115469060504,44.28910268442831,-0.07630869747813296,-0.9962578683792956,0.3608717688798784
6,6,0.3,none,1.0,T1_liquid,1973,65.33198175367461,0.9771747634639603,-1.7749167600117675,5.7545203836526015,-10.466523763924158,0.21003999400331996,-0.3820281173832318,1.4038421045488156,16.22104414757676,-0.028219006226350422,-0.8933320431381132,0.44703497212366955
6,6,0.3,none,1.0,T2_mid,1973,65.06842372022301,2.231623543562086,-2.3389749607831263,12.490834046073365,-13.094539340770947,0.45591544268167783,-0.47795068593813955,1.4547783729725243,25.585373386844314,-0.05387977276082284,-0.9323175701362173,0.43993917891535733
6,6,0.3,none,1.0,T3_illiquid,1973,64.8362899138368,3.0178681339530264,-5.079689978391367,16.49785983249397,-27.79124285193433,0.6021718838860299,-1.014380364095603,1.4865115469060504,44.28910268442831,-0.07630869747813296,-0.9962578683792956,0.3608717688798784
6,12,0.1,demean,1.0,T1_liquid,1973,21.14749113025849,0.8567157697356412,-0.31082043441187845,14.15144563490397,-5.135440437575108,0.5165277656739949,-0.18744357597149142,1.6723484939906634,19.286886072479078,-0.02340942318321293,-0.8978970073738002,0.5043081601621896
6,12,0.1,demean,1.0,T2_mid,1973,21.09477952356817,2.5604263320916814,0.58025390138979,39.03620453227217,8.84696218953579,1.4248214654279343,0.3229141199180563,1.7268817289597826,30.18924234273639,-0.04842826298334907,-0.7831436458104534,0.5139381652306133
6,12,0.1,demean,1.0,T3_illiquid,1973,21.056259503294477,3.159466105116732,-0.5254235519416999,45.15523216301039,-7.50613309046396,1.6481659739498793,-0.27397385780193456,1.7738658368156595,52.66136525347435,-0.06710212644484326,-0.9782703004029017,0.48251393816523064
6,12,0.1,none,1.0,T1_liquid,1973,21.14749113025849,0.8567157697356412,-0.31082043441187845,14.15144563490397,-5.135440437575108,0.5165277656739949,-0.18744357597149142,1.6723484939906634,19.286886072479078,-0.02340942318321293,-0.8978970073738002,0.5043081601621896
6,12,0.1,none,1.0,T2_mid,1973,21.09477952356817,2.5604263320916814,0.58025390138979,39.03620453227217,8.84696218953579,1.4248214654279343,0.3229141199180563,1.7268817289597826,30.18924234273639,-0.04842826298334907,-0.7831436458104534,0.5139381652306133
6,12,0.1,none,1.0,T3_illiquid,1973,21.056259503294477,3.159466105116732,-0.5254235519416999,45.15523216301039,-7.50613309046396,1.6481659739498793,-0.27397385780193456,1.7738658368156595,52.66136525347435,-0.06710212644484326,-0.9782703004029017,0.48251393816523064
6,12,0.2,demean,1.0,T1_liquid,1973,43.334009123162694,1.0643575082269738,-0.6629884645774964,10.955473568307099,-6.828488619116496,0.3998747852432091,-0.2492398345977521,1.5403856566356513,17.783962187423597,-0.02340942318321293,-0.8442987580375927,0.49265078560567666
6,12,0.2,demean,1.0,T2_mid,1973,43.19006588950836,2.4408196706853924,-0.49098412140082365,23.268936005586593,-4.681110309980804,0.8493161642039107,-0.17086052631429935,1.5930330193059121,27.9500463155674,-0.04842826298334907,-0.8616158511902821,0.49214394323365435
6,12,0.2,demean,1.0,T3_illiquid,1973,43.099847947288396,3.251706497326622,-1.7265336779815954,31.922808573716182,-16.942292153585253,1.1651825129406406,-0.6183936636058617,1.6412559101008883,48.86510072730143,-0.06710212644484326,-0.9879214632466459,0.4272681196147998
6,12,0.2,none,1.0,T1_liquid,1973,43.334009123162694,1.0643575082269738,-0.6629884645774964,10.955473568307099,-6.828488619116496,0.3998747852432091,-0.2492398345977521,1.5403856566356513,17.783962187423597,-0.02340942318321293,-0.8442987580375927,0.49265078560567666
6,12,0.2,none,1.0,T2_mid,1973,43.19006588950836,2.4408196706853924,-0.49098412140082365,23.268936005586593,-4.681110309980804,0.8493161642039107,-0.17086052631429935,1.5930330193059121,27.9500463155674,-0.04842826298334907,-0.8616158511902821,0.49214394323365435
6,12,0.2,none,1.0,T3_illiquid,1973,43.099847947288396,3.251706497326622,-1.7265336779815954,31.922808573716182,-16.942292153585253,1.1651825129406406,-0.6183936636058617,1.6412559101008883,48.86510072730143,-0.06710212644484326,-0.9879214632466459,0.4272681196147998
6,12,0.3,demean,1.0,T1_liquid,1973,65.33198175367461,0.8992074139687197,-1.1916639516022622,6.972131089798476,-9.248913057778282,0.2544827847776444,-0.3375853266089073,1.4038421045488156,16.22104414757676,-0.02340942318321293,-0.8794528598102463,0.4840344652812975
6,12,0.3,demean,1.0,T2_mid,1973,65.06842372022301,2.135202453028859,-1.3775669021521506,15.549170182849643,-10.036203203994667,0.567544711674012,-0.36632141694580533,1.4547783729725243,25.585373386844314,-0.04842826298334907,-0.8967664273694258,0.4718702483527623
6,12,0.3,demean,1.0,T3_illiquid,1973,64.8362899138368,3.105886843107568,-2.623463805355697,24.01117474945134,-20.27792793497697,0.8764078783549739,-0.7401443696266593,1.4865115469060504,44.28910268442831,-0.06710212644484326,-0.9898238701172946,0.40395337050177393
6,12,0.3,none,1.0,T1_liquid,1973,65.33198175367461,0.8992074139687197,-1.1916639516022622,6.972131089798476,-9.248913057778282,0.2544827847776444,-0.3375853266089073,1.4038421045488156,16.22104414757676,-0.02340942318321293,-0.8794528598102463,0.4840344652812975
6,12,0.3,none,1.0,T2_mid,1973,65.06842372022301,2.135202453028859,-1.3775669021521506,15.549170182849643,-10.036203203994667,0.567544711674012,-0.36632141694580533,1.4547783729725243,25.585373386844314,-0.04842826298334907,-0.8967664273694258,0.4718702483527623
6,12,0.3,none,1.0,T3_illiquid,1973,64.8362899138368,3.105886843107568,-2.623463805355697,24.01117474945134,-20.27792793497697,0.8764078783549739,-0.7401443696266593,1.4865115469060504,44.28910268442831,-0.06710212644484326,-0.9898238701172946,0.40395337050177393
6,24,0.1,demean,1.0,T1_liquid,1973,21.14749113025849,-0.043940806390150036,-0.9315721695641794,-0.9546701783178493,-20.24155625079693,-0.0348454615086015,-0.7388168031540879,1.6723484939906634,19.286886072479078,-0.01631745436616645,-0.9977859453001445,0.48910288900152055
6,24,0.1,demean,1.0,T2_mid,1973,21.09477952356817,2.2744744461153052,0.8588053695314447,48.50480714774646,18.315564805010073,1.7704254608927459,0.6685181153828677,1.7268817289597826,30.18924234273639,-0.04506233909522083,-0.7434256396159978,0.5331981753674607
6,24,0.1,demean,1.0,T3_illiquid,1973,21.056259503294477,2.8518204520509673,0.17589958552360274,56.12323253570525,3.4618672822308962,2.0484979875532416,0.12635815580142773,1.7738658368156595,52.66136525347435,-0.0602506754706539,-0.9668840913079471,0.4997465788139889
6,24,0.1,none,1.0,T1_liquid,1973,21.14749113025849,-0.043940806390150036,-0.9315721695641794,-0.9546701783178493,-20.24155625079693,-0.0348454615086015,-0.7388168031540879,1.6723484939906634,19.286886072479078,-0.01631745436616645,-0.9977859453001445,0.48910288900152055
6,24,0.1,none,1.0,T2_mid,1973,21.09477952356817,2.2744744461153052,0.8588053695314447,48.50480714774646,18.315564805010073,1.7704254608927459,0.6685181153828677,1.7268817289597826,30.18924234273639,-0.04506233909522083,-0.7434256396159978,0.5331981753674607
6,24,0.1,none,1.0,T3_illiquid,1973,21.056259503294477,2.8518204520509673,0.17589958552360274,56.12323253570525,3.4618672822308962,2.0484979875532416,0.12635815580142773,1.7738658368156595,52.66136525347435,-0.0602506754706539,-0.9668840913079471,0.4997465788139889
6,24,0.2,demean,1.0,T1_liquid,1973,43.334009123162694,0.16127788413796101,-1.121086118410518,2.235958562557624,-15.548003624865972,0.08161248753335328,-0.5675021323076079,1.5403856566356513,17.783962187423597,-0.01631745436616645,-0.9811415318971641,0.4749113025848961
6,24,0.2,demean,1.0,T2_mid,1973,43.19006588950836,1.8947573426908964,-0.06429369646033307,27.032809772988834,-0.9172365425785595,0.9866975567140924,-0.03347913380411742,1.5930330193059121,27.9500463155674,-0.04506233909522083,-0.8071564615689031,0.516979219462747
6,24,0.2,demean,1.0,T3_illiquid,1973,43.099847947288396,3.2007347110144493,-0.5591300835280324,41.594742780063015,-7.2703579472384146,1.5182081114723,-0.26536806507420213,1.6412559101008883,48.86510072730143,-0.0602506754706539,-0.978091237848667,0.4607197161682717
6,24,0.2,none,1.0,T1_liquid,1973,43.334009123162694,0.16127788413796101,-1.121086118410518,2.235958562557624,-15.548003624865972,0.08161248753335328,-0.5675021323076079,1.5403856566356513,17.783962187423597,-0.01631745436616645,-0.9811415318971641,0.4749113025848961
6,24,0.2,none,1.0,T2_mid,1973,43.19006588950836,1.8947573426908964,-0.06429369646033307,27.032809772988834,-0.9172365425785595,0.9866975567140924,-0.03347913380411742,1.5930330193059121,27.9500463155674,-0.04506233909522083,-0.8071564615689031,0.516979219462747
6,24,0.2,none,1.0,T3_illiquid,1973,43.099847947288396,3.2007347110144493,-0.5591300835280324,41.594742780063015,-7.2703579472384146,1.5182081114723,-0.26536806507420213,1.6412559101008883,48.86510072730143,-0.0602506754706539,-0.978091237848667,0.4607197161682717
6,24,0.3,demean,1.0,T1_liquid,1973,65.33198175367461,0.01509362335632209,-1.5006765628893493,0.1614615314081835,-16.059582616168576,0.005893345896398698,-0.586174765490153,1.4038421045488156,16.22104414757676,-0.01631745436616645,-0.9744255907881623,0.46578813988849466
6,24,0.3,demean,1.0,T2_mid,1973,65.06842372022301,1.9011202375476786,-0.4270671624871929,20.890823660306154,-4.694549726538157,0.7625150636011746,-0.17135106501864275,1.4547783729725243,25.585373386844314,-0.04506233909522083,-0.8403240022062686,0.5007602635580335
6,24,0.3,demean,1.0,T3_illiquid,1973,64.8362899138368,3.0942710378343623,-1.1295557336192534,32.444907553891184,-11.844195130537118,1.1842391257170282,-0.43231312226460483,1.4865115469060504,44.28910268442831,-0.0602506754706539,-0.9748379249702875,0.4384186517992904
6,24,0.3,none,1.0,T1_liquid,1973,65.33198175367461,0.01509362335632209,-1.5006765628893493,0.1614615314081835,-16.059582616168576,0.005893345896398698,-0.586174765490153,1.4038421045488156,16.22104414757676,-0.01631745436616645,-0.9744255907881623,0.46578813988849466
6,24,0.3,none,1.0,T2_mid,1973,65.06842372022301,1.9011202375476786,-0.4270671624871929,20.890823660306154,-4.694549726538157,0.7625150636011746,-0.17135106501864275,1.4547783729725243,25.585373386844314,-0.04506233909522083,-0.8403240022062686,0.5007602635580335
6,24,0.3,none,1.0,T3_illiquid,1973,64.8362899138368,3.0942710378343623,-1.1295557336192534,32.444907553891184,-11.844195130537118,1.1842391257170282,-0.43231312226460483,1.4865115469060504,44.28910268442831,-0.0602506754706539,-0.9748379249702875,0.4384186517992904
12,3,0.1,demean,1.0,T1_liquid,1973,21.14749113025849,0.5854857896152749,-1.1260067767351576,4.9303123388679015,-9.48339245819346,0.1799564003686784,-0.3461438247240613,1.2484221767419943,14.413704797061362,-0.019703572427301013,-0.8887785993598867,0.45615813482007095
12,3,0.1,demean,1.0,T2_mid,1973,21.09477952356817,2.8086042433778715,0.0041218190335426015,23.25467930505101,0.03413125023091031,0.8487957946343618,0.0012457906334282262,1.3284965991377546,23.2205480548201,-0.06412165166219701,-0.8387998542141291,0.5139381652306133
12,3,0.1,demean,1.0,T3_illiquid,1973,21.056259503294477,3.6245775726916807,-2.0288340193265784,26.102397341906517,-14.615460384995185,0.9527375029795879,-0.5334643040523243,1.3751154530551388,40.7178577269017,-0.07787576596255488,-0.9628110759119031,0.4379118094272681
12,3,0.1,none,1.0,T1_liquid,1973,21.14749113025849,0.5854857896152749,-1.1260067767351576,4.9303123388679015,-9.48339245819346,0.1799564003686784,-0.3461438247240613,1.2484221767419943,14.413704797061362,-0.019703572427301013,-0.8887785993598867,0.45615813482007095
12,3,0.1,none,1.0,T2_mid,1973,21.09477952356817,2.8086042433778715,0.0041218190335426015,23.25467930505101,0.03413125023091031,0.8487957946343618,0.0012457906334282262,1.3284965991377546,23.2205480548201,-0.06412165166219701,-0.8387998542141291,0.5139381652306133
12,3,0.1,none,1.0,T3_illiquid,1973,21.056259503294477,3.6245775726916807,-2.0288340193265784,26.102397341906517,-14.615460384995185,0.9527375029795879,-0.5334643040523243,1.3751154530551388,40.7178577269017,-0.07787576596255488,-0.9628110759119031,0.4379118094272681
12,3,0.2,demean,1.0,T1_liquid,1973,43.334009123162694,0.49234457648697955,-1.9244631684126972,2.60225934071092,-10.178037481088616,0.09498246593594858,-0.37149836805973446,1.1053188533888962,12.780296821799535,-0.019703572427301013,-0.8841507281029342,0.4485554992397364
12,3,0.2,demean,1.0,T2_mid,1973,43.19006588950836,2.5835573601348316,-1.2501144177173704,13.88435358466509,-6.71683656821491,0.5067789058402757,-0.24516453473984418,1.173541847104757,20.60119015288,-0.06412165166219701,-0.8478273484358672,0.4683223517486062
12,3,0.2,demean,1.0,T3_illiquid,1973,43.099847947288396,3.364915461082901,-3.6865453998545417,17.16554831107234,-18.806530688355988,0.6265425133541404,-0.6864383701249935,1.2113208362818517,35.97207899942833,-0.07787576596255488,-0.9794094216661725,0.3841865179929042
12,3,0.2,none,1.0,T1_liquid,1973,43.334009123162694,0.49234457648697955,-1.9244631684126972,2.60225934071092,-10.178037481088616,0.09498246593594858,-0.37149836805973446,1.1053188533888962,12.780296821799535,-0.019703572427301013,-0.8841507281029342,0.4485554992397364
12,3,0.2,none,1.0,T2_mid,1973,43.19006588950836,2.5835573601348316,-1.2501144177173704,13.88435358466509,-6.71683656821491,0.5067789058402757,-0.24516453473984418,1.173541847104757,20.60119015288,-0.06412165166219701,-0.8478273484358672,0.4683223517486062
12,3,0.2,none,1.0,T3_illiquid,1973,43.099847947288396,3.364915461082901,-3.6865453998545417,17.16554831107234,-18.806530688355988,0.6265425133541404,-0.6864383701249935,1.2113208362818517,35.97207899942833,-0.07787576596255488,-0.9794094216661725,0.3841865179929042
12,3,0.3,demean,1.0,T1_liquid,1973,65.33198175367461,0.58461573322998,-2.152789092850768,2.4181284096123186,-8.906953994243365,0.08826168695084963,-0.3251038207898828,0.9780515999034197,11.325082403855683,-0.019703572427301013,-0.8381350507999277,0.43689812468322353
12,3,0.3,demean,1.0,T2_mid,1973,65.06741003547897,2.686454431391249,-1.8240194695605758,10.8981197515108,-7.396151743122404,0.39778137093014415,-0.26995953862396777,1.0386838909305305,18.2942714946332,-0.06412165166219701,-0.8247960397551779,0.45666497719209326
12,3,0.3,demean,1.0,T3_illiquid,1973,64.8362899138368,3.49117479450863,-4.648538812979558,13.53986316470733,-18.04879393539722,0.49420500551181756,-0.6587809786419985,1.0629693025678646,31.588657100104548,-0.07787576596255488,-0.9736050129004636,0.35580334515965534
12,3,0.3,none,1.0,T1_liquid,1973,65.33198175367461,0.58461573322998,-2.152789092850768,2.4181284096123186,-8.906953994243365,0.08826168695084963,-0.3251038207898828,0.9780515999034197,11.325082403855683,-0.019703572427301013,-0.8381350507999277,0.43689812468322353
12,3,0.3,none,1.0,T2_mid,1973,65.06741003547897,2.686454431391249,-1.8240194695605758,10.8981197515108,-7.396151743122404,0.39778137093014415,-0.26995953862396777,1.0386838909305305,18.2942714946332,-0.06412165166219701,-0.8247960397551779,0.45666497719209326
12,3,0.3,none,1.0,T3_illiquid,1973,64.8362899138368,3.49117479450863,-4.648538812979558,13.53986316470733,-18.04879393539722,0.49420500551181756,-0.6587809786419985,1.0629693025678646,31.588657100104548,-0.07787576596255488,-0.9736050129004636,0.35580334515965534
12,6,0.1,demean,1.0,T1_liquid,1973,21.14749113025849,0.21764161003752985,-0.9296621646385114,2.734032260445503,-11.679672536615854,0.09979217750626086,-0.42630804758647867,1.2484221767419943,14.413704797061362,-0.029262374444045454,-0.9540363117178887,0.4728839330968069
12,6,0.1,demean,1.0,T2_mid,1973,21.09477952356817,2.4267422591527166,0.4776016982294233,28.91399085902774,5.693442804207643,1.0553606663545125,0.20781066235357895,1.3284965991377546,23.2205480548201,-0.06763155554981104,-0.8691935993431095,0.5342118601115053
12,6,0.1,demean,1.0,T3_illiquid,1973,21.056259503294477,3.3473312095587437,-0.35662358666042804,36.79790257838389,-3.919955148517808,1.3431234441110118,-0.14307836292089998,1.3751154530551388,40.7178577269017,-0.08400503662056404,-0.9180916985154509,0.4931576279776989
12,6,0.1,none,1.0,T1_liquid,1973,21.14749113025849,0.21764161003752985,-0.9296621646385114,2.734032260445503,-11.679672536615854,0.09979217750626086,-0.42630804758647867,1.2484221767419943,14.413704797061362,-0.029262374444045454,-0.9540363117178887,0.4728839330968069
12,6,0.1,none,1.0,T2_mid,1973,21.09477952356817,2.4267422591527166,0.4776016982294233,28.91399085902774,5.693442804207643,1.0553606663545125,0.20781066235357895,1.3284965991377546,23.2205480548201,-0.06763155554981104,-0.8691935993431095,0.5342118601115053
12,6,0.1,none,1.0,T3_illiquid,1973,21.056259503294477,3.3473312095587437,-0.35662358666042804,36.79790257838389,-3.919955148517808,1.3431234441110118,-0.14307836292089998,1.3751154530551388,40.7178577269017,-0.08400503662056404,-0.9180916985154509,0.4931576279776989
12,6,0.2,demean,1.0,T1_liquid,1973,43.334009123162694,0.48761216555428377,-1.1475769439787877,3.810124593404002,-8.970172228395533,0.13906954765924606,-0.327411286336437,1.1053188533888962,12.780296821799535,-0.029262374444045454,-0.878149935175255,0.4809934110491637
12,6,0.2,demean,1.0,T2_mid,1973,43.19006588950836,2.216184695834808,-0.4976942965222415,16.822198934827256,-3.778991218052742,0.6140102611211948,-0.13793317945892508,1.173541847104757,20.60119015288,-0.06763155554981104,-0.8337339218052197,0.5063355296502787
12,6,0.2,demean,1.0,T3_illiquid,1973,43.099847947288396,3.2064350251630724,-1.4799016478079,24.614263441638432,-11.357815557789895,0.8984206156198028,-0.41456026785933114,1.2113208362818517,35.97207899942833,-0.08400503662056404,-0.9478234841138771,0.45210339584389253
12,6,0.2,none,1.0,T1_liquid,1973,43.334009123162694,0.48761216555428377,-1.1475769439787877,3.810124593404002,-8.970172228395533,0.13906954765924606,-0.327411286336437,1.1053188533888962,12.780296821799535,-0.029262374444045454,-0.878149935175255,0.4809934110491637
12,6,0.2,none,1.0,T2_mid,1973,43.19006588950836,2.216184695834808,-0.4976942965222415,16.822198934827256,-3.778991218052742,0.6140102611211948,-0.13793317945892508,1.173541847104757,20.60119015288,-0.06763155554981104,-0.8337339218052197,0.5063355296502787
12,6,0.2,none,1.0,T3_illiquid,1973,43.099847947288396,3.2064350251630724,-1.4799016478079,24.614263441638432,-11.357815557789895,0.8984206156198028,-0.41456026785933114,1.2113208362818517,35.97207899942833,-0.08400503662056404,-0.9478234841138771,0.45210339584389253
12,6,0.3,demean,1.0,T1_liquid,1973,65.33198175367461,0.6571789094863666,-1.2255983857011463,3.9526062340742976,-7.372476169781387,0.14427012754371188,-0.2690953801970206,0.9780515999034197,11.325082403855683,-0.029262374444045454,-0.8100919198405685,0.4708565636087177
12,6,0.3,demean,1.0,T2_mid,1973,65.06741003547897,2.1205486579019395,-0.9775376219347359,12.520431754442841,-5.77383974019036,0.4569957590371637,-0.21074515051694814,1.0386838909305305,18.2942714946332,-0.06763155554981104,-0.7894630284950969,0.481500253421186
12,6,0.3,demean,1.0,T3_illiquid,1973,64.8362899138368,3.2816899381123332,-2.2434403903204068,18.76758757714755,-12.821069522956995,0.6850169465658856,-0.4679690375879303,1.0629693025678646,31.588657100104548,-0.08400503662056404,-0.9378724749718901,0.4313228585909782
12,6,0.3,none,1.0,T1_liquid,1973,65.33198175367461,0.6571789094863666,-1.2255983857011463,3.9526062340742976,-7.372476169781387,0.14427012754371188,-0.2690953801970206,0.9780515999034197,11.325082403855683,-0.029262374444045454,-0.8100919198405685,0.4708565636087177
12,6,0.3,none,1.0,T2_mid,1973,65.06741003547897,2.1205486579019395,-0.9775376219347359,12.520431754442841,-5.77383974019036,0.4569957590371637,-0.21074515051694814,1.0386838909305305,18.2942714946332,-0.06763155554981104,-0.7894630284950969,0.481500253421186
12,6,0.3,none,1.0,T3_illiquid,1973,64.8362899138368,3.2816899381123332,-2.2434403903204068,18.76758757714755,-12.821069522956995,0.6850169465658856,-0.4679690375879303,1.0629693025678646,31.588657100104548,-0.08400503662056404,-0.9378724749718901,0.4313228585909782
12,12,0.1,demean,1.0,T1_liquid,1973,21.14749113025849,-0.29796325970453097,-1.1671315018308543,-4.941020827070628,-19.354725624131994,-0.18034726018807792,-0.7064474852808177,1.2484221767419943,14.413704797061362,-0.02565749877290502,-0.9957325477661298,0.4774455144450076
12,12,0.1,demean,1.0,T2_mid,1973,21.09477952356817,2.6989057984411526,1.2098981490161191,42.097816047249715,18.87726799242962,1.5365702857246146,0.6890202817236811,1.3284965991377546,23.2205480548201,-0.0637244785562878,-0.8276447502104807,0.5458692346680183
12,12,0.1,demean,1.0,T3_illiquid,1973,21.056259503294477,3.06521397043364,0.4115771237140014,47.02964498250262,6.311787255600916,1.7165820418613456,0.23038023482943346,1.3751154530551388,40.7178577269017,-0.07468827714224868,-0.9388140914798437,0.5022807906741004
12,12,0.1,none,1.0,T1_liquid,1973,21.14749113025849,-0.29796325970453097,-1.1671315018308543,-4.941020827070628,-19.354725624131994,-0.18034726018807792,-0.7064474852808177,1.2484221767419943,14.413704797061362,-0.02565749877290502,-0.9957325477661298,0.4774455144450076
12,12,0.1,none,1.0,T2_mid,1973,21.09477952356817,2.6989057984411526,1.2098981490161191,42.097816047249715,18.87726799242962,1.5365702857246146,0.6890202817236811,1.3284965991377546,23.2205480548201,-0.0637244785562878,-0.8276447502104807,0.5458692346680183
12,12,0.1,none,1.0,T3_illiquid,1973,21.056259503294477,3.06521397043364,0.4115771237140014,47.02964498250262,6.311787255600916,1.7165820418613456,0.23038023482943346,1.3751154530551388,40.7178577269017,-0.07468827714224868,-0.9388140914798437,0.5022807906741004
12,12,0.2,demean,1.0,T1_liquid,1973,43.334009123162694,0.13840778346519358,-1.085536687736307,1.445057738763649,-11.335239083035889,0.05274460746487318,-0.41373622653080994,1.1053188533888962,12.780296821799535,-0.02565749877290502,-0.9522915137780681,0.486568677141409
12,12,0.2,demean,1.0,T2_mid,1973,43.19006588950836,2.618472094294793,0.5501165116361232,26.081407290931253,5.480217138051258,0.9519713661189908,0.20002792553887092,1.173541847104757,20.60119015288,-0.0637244785562878,-0.746079371824428,0.5250886974151039
12,12,0.2,demean,1.0,T3_illiquid,1973,43.099847947288396,2.997962145825008,-0.3899303559285615,31.833948681071618,-4.1381303183567155,1.161939126859114,-0.15104175662002012,1.2113208362818517,35.97207899942833,-0.07468827714224868,-0.9323851471145559,0.4784591991890522
12,12,0.2,none,1.0,T1_liquid,1973,43.334009123162694,0.13840778346519358,-1.085536687736307,1.445057738763649,-11.335239083035889,0.05274460746487318,-0.41373622653080994,1.1053188533888962,12.780296821799535,-0.02565749877290502,-0.9522915137780681,0.486568677141409
12,12,0.2,none,1.0,T2_mid,1973,43.19006588950836,2.618472094294793,0.5501165116361232,26.081407290931253,5.480217138051258,0.9519713661189908,0.20002792553887092,1.173541847104757,20.60119015288,-0.0637244785562878,-0.746079371824428,0.5250886974151039
12,12,0.2,none,1.0,T3_illiquid,1973,43.099847947288396,2.997962145825008,-0.3899303559285615,31.833948681071618,-4.1381303183567155,1.161939126859114,-0.15104175662002012,1.2113208362818517,35.97207899942833,-0.07468827714224868,-0.9323851471145559,0.4784591991890522
12,12,0.3,demean,1.0,T1_liquid,1973,65.33198175367461,0.26871666571255665,-1.1489158689116674,2.146667119376056,-9.17841528447963,0.07835334985722604,-0.3350121578835065,0.9780515999034197,11.325082403855683,-0.02565749877290502,-0.902641121104489,0.48200709579320833
12,12,0.3,demean,1.0,T2_mid,1973,65.06741003547897,2.5175417744928428,0.15439458825477734,19.48946184855309,1.1951903539198918,0.7113653574721879,0.04362444791807605,1.0386838909305305,18.2942714946332,-0.0637244785562878,-0.7129504083688967,0.503294475418145
12,12,0.3,demean,1.0,T3_illiquid,1973,64.8362899138368,2.8982583378472473,-0.963110336824965,23.716711491237962,-7.871945608866585,0.8656599694301856,-0.28732601472363034,1.0629693025678646,31.588657100104548,-0.07468827714224868,-0.9223088302629976,0.44956918398378104
12,12,0.3,none,1.0,T1_liquid,1973,65.33198175367461,0.26871666571255665,-1.1489158689116674,2.146667119376056,-9.17841528447963,0.07835334985722604,-0.3350121578835065,0.9780515999034197,11.325082403855683,-0.02565749877290502,-0.902641121104489,0.48200709579320833
12,12,0.3,none,1.0,T2_mid,1973,65.06741003547897,2.5175417744928428,0.15439458825477734,19.48946184855309,1.1951903539198918,0.7113653574721879,0.04362444791807605,1.0386838909305305,18.2942714946332,-0.0637244785562878,-0.7129504083688967,0.503294475418145
12,12,0.3,none,1.0,T3_illiquid,1973,64.8362899138368,2.8982583378472473,-0.963110336824965,23.716711491237962,-7.871945608866585,0.8656599694301856,-0.28732601472363034,1.0629693025678646,31.588657100104548,-0.07468827714224868,-0.9223088302629976,0.44956918398378104
12,24,0.1,demean,1.0,T1_liquid,1973,21.14749113025849,-1.1740886399434143,-1.7765598002372003,-28.085016778127123,-42.4987215751885,-1.02510311240164,-1.55120333749438,1.2484221767419943,14.413704797061362,-0.019038722255718708,-0.9999879706189303,0.4698428788646731
12,24,0.1,demean,1.0,T2_mid,1973,21.09477952356817,2.4895778645611792,1.4418750638595823,55.19865003793066,31.97810198311055,2.0147507263844693,1.1672007223835352,1.3284965991377546,23.2205480548201,-0.06114191919572248,-0.7861223733528284,0.5529650278763305
12,24,0.1,demean,1.0,T3_illiquid,1973,21.056259503294477,2.6648861534142765,0.6508346795050748,53.87634963456943,13.158491907667736,1.9664867616617843,0.4802849546298724,1.3751154530551388,40.7178577269017,-0.06877879175484623,-0.9337573519213657,0.5139381652306133
12,24,0.1,none,1.0,T1_liquid,1973,21.14749113025849,-1.1740886399434143,-1.7765598002372003,-28.085016778127123,-42.4987215751885,-1.02510311240164,-1.55120333749438,1.2484221767419943,14.413704797061362,-0.019038722255718708,-0.9999879706189303,0.4698428788646731
12,24,0.1,none,1.0,T2_mid,1973,21.09477952356817,2.4895778645611792,1.4418750638595823,55.19865003793066,31.97810198311055,2.0147507263844693,1.1672007223835352,1.3284965991377546,23.2205480548201,-0.06114191919572248,-0.7861223733528284,0.5529650278763305
12,24,0.1,none,1.0,T3_illiquid,1973,21.056259503294477,2.6648861534142765,0.6508346795050748,53.87634963456943,13.158491907667736,1.9664867616617843,0.4802849546298724,1.3751154530551388,40.7178577269017,-0.06877879175484623,-0.9337573519213657,0.5139381652306133
12,24,0.2,demean,1.0,T1_liquid,1973,43.334009123162694,-0.8378675480355261,-1.6980854732887565,-12.446908523688702,-25.227205345488237,-0.4543121611146376,-0.9207929951103206,1.1053188533888962,12.780296821799535,-0.019038722255718708,-0.9978889478274545,0.4637607704004055
12,24,0.2,demean,1.0,T2_mid,1973,43.19006588950836,2.442656078513038,1.0788194293588345,36.89144224230049,16.2902520894205,1.346537641843968,0.5945942012638481,1.173541847104757,20.60119015288,-0.06114191919572248,-0.715791513010927,0.5382665990876837
12,24,0.2,demean,1.0,T3_illiquid,1973,43.099847947288396,3.1502247871920845,0.5156918812454135,43.01162356783478,7.0395445684064635,1.5699242602259698,0.2569433767468359,1.2113208362818517,35.97207899942833,-0.06877879175484623,-0.9020848978273666,0.49569183983781046
12,24,0.2,none,1.0,T1_liquid,1973,43.334009123162694,-0.8378675480355261,-1.6980854732887565,-12.446908523688702,-25.227205345488237,-0.4543121611146376,-0.9207929951103206,1.1053188533888962,12.780296821799535,-0.019038722255718708,-0.9978889478274545,0.4637607704004055
12,24,0.2,none,1.0,T2_mid,1973,43.19006588950836,2.442656078513038,1.0788194293588345,36.89144224230049,16.2902520894205,1.346537641843968,0.5945942012638481,1.173541847104757,20.60119015288,-0.06114191919572248,-0.715791513010927,0.5382665990876837
12,24,0.2,none,1.0,T3_illiquid,1973,43.099847947288396,3.1502247871920845,0.5156918812454135,43.01162356783478,7.0395445684064635,1.5699242602259698,0.2569433767468359,1.2113208362818517,35.97207899942833,-0.06877879175484623,-0.9020848978273666,0.49569183983781046
12,24,0.3,demean,1.0,T1_liquid,1973,65.33198175367461,-0.6816473172900306,-1.6781414214254948,-7.746802518053198,-19.071884921908882,-0.28275829190894175,-0.6961237996496742,0.9780515999034197,11.325082403855683,-0.019038722255718708,-0.9893319295676648,0.4647744551444501
12,24,0.3,demean,1.0,T2_mid,1973,65.06741003547897,2.3931033627651273,0.8236139160552982,27.892208973717388,9.59793747908419,1.0180656275406847,0.3503247179865729,1.0386838909305305,18.2942714946332,-0.06114191919572248,-0.6356872576836492,0.5311708058793715
12,24,0.3,demean,1.0,T3_illiquid,1973,64.8362899138368,3.009617637718636,0.18222689651183133,33.623660785893854,2.0350036857893112,1.2272636186851258,0.07427763453130985,1.0629693025678646,31.588657100104548,-0.06877879175484623,-0.9023165077146391,0.4733907754688292
12,24,0.3,none,1.0,T1_liquid,1973,65.33198175367461,-0.6816473172900306,-1.6781414214254948,-7.746802518053198,-19.071884921908882,-0.28275829190894175,-0.6961237996496742,0.9780515999034197,11.325082403855683,-0.019038722255718708,-0.9893319295676648,0.4647744551444501
12,24,0.3,none,1.0,T2_mid,1973,65.06741003547897,2.3931033627651273,0.8236139160552982,27.892208973717388,9.59793747908419,1.0180656275406847,0.3503247179865729,1.0386838909305305,18.2942714946332,-0.06114191919572248,-0.6356872576836492,0.5311708058793715
12,24,0.3,none,1.0,T3_illiquid,1973,64.8362899138368,3.009617637718636,0.18222689651183133,33.623660785893854,2.0350036857893112,1.2272636186851258,0.07427763453130985,1.0629693025678646,31.588657100104548,-0.06877879175484623,-0.9023165077146391,0.4733907754688292
24,3,0.1,demean,1.0,T1_liquid,1973,21.14749113025849,0.8607508198250536,-0.33672095343224445,7.644519213705486,-2.99059361090303,0.27902495130025023,-0.1091566667979606,0.9200343273328575,10.635112824608516,-0.027195961486393822,-0.7643412925892183,0.49619868220983276
24,3,0.1,demean,1.0,T2_mid,1973,21.09477952356817,2.4573803874149354,0.2915289111414922,20.26096230487169,2.403553779539951,0.7395251241278167,0.0877297129532082,1.0226237706090722,17.85740852533174,-0.07062162657700909,-0.7624879787255008,0.5281297516472377
24,3,0.1,demean,1.0,T3_illiquid,1973,21.056259503294477,3.418730028346197,-1.156383246416975,23.87477453206214,-8.060992522306028,0.8714292704202682,-0.29422622706417,1.081826487135661,31.935767054368167,-0.07212852952604715,-0.936085863472803,0.4698428788646731
24,3,0.1,none,1.0,T1_liquid,1973,21.14749113025849,0.8607508198250536,-0.33672095343224445,7.644519213705486,-2.99059361090303,0.27902495130025023,-0.1091566667979606,0.9200343273328575,10.635112824608516,-0.027195961486393822,-0.7643412925892183,0.49619868220983276
24,3,0.1,none,1.0,T2_mid,1973,21.09477952356817,2.4573803874149354,0.2915289111414922,20.26096230487169,2.403553779539951,0.7395251241278167,0.0877297129532082,1.0226237706090722,17.85740852533174,-0.07062162657700909,-0.7624879787255008,0.5281297516472377
24,3,0.1,none,1.0,T3_illiquid,1973,21.056259503294477,3.418730028346197,-1.156383246416975,23.87477453206214,-8.060992522306028,0.8714292704202682,-0.29422622706417,1.081826487135661,31.935767054368167,-0.07212852952604715,-0.936085863472803,0.4698428788646731
24,3,0.2,demean,1.0,T1_liquid,1973,43.334009123162694,0.7575930038877632,-0.9064647294476214,4.219628610704272,-5.048777073432762,0.15401644429070593,-0.1842803631802958,0.8000146656119693,9.268405684137035,-0.027195961486393822,-0.7328811236244714,0.4754181449569184
24,3,0.2,demean,1.0,T2_mid,1973,43.19006588950836,2.924902671721643,-0.02773872712062718,15.316143416054043,-0.14529844747999424,0.5590392346859726,-0.00530339333301979,0.8801810242694774,15.461441863534038,-0.07062162657700909,-0.6776950708709892,0.5068423720223011
24,3,0.2,demean,1.0,T3_illiquid,1973,43.099847947288396,3.4671364358920735,-2.015276036088438,17.284513899179014,-10.021356359464471,0.630884757320034,-0.3657795071204532,0.9224833776025668,27.305870258643484,-0.07212852952604715,-0.9215261515495169,0.4267612772427775
24,3,0.2,none,1.0,T1_liquid,1973,43.334009123162694,0.7575930038877632,-0.9064647294476214,4.219628610704272,-5.048777073432762,0.15401644429070593,-0.1842803631802958,0.8000146656119693,9.268405684137035,-0.027195961486393822,-0.7328811236244714,0.4754181449569184
24,3,0.2,none,1.0,T2_mid,1973,43.19006588950836,2.924902671721643,-0.02773872712062718,15.316143416054043,-0.14529844747999424,0.5590392346859726,-0.00530339333301979,0.8801810242694774,15.461441863534038,-0.07062162657700909,-0.6776950708709892,0.5068423720223011
24,3,0.2,none,1.0,T3_illiquid,1973,43.099847947288396,3.4671364358920735,-2.015276036088438,17.284513899179014,-10.021356359464471,0.630884757320034,-0.3657795071204532,0.9224833776025668,27.305870258643484,-0.07212852952604715,-0.9215261515495169,0.4267612772427775
24,3,0.3,demean,1.0,T1_liquid,1973,65.33198175367461,0.5233208263773549,-1.387690416906953,2.225512576869606,-5.899827607264514,0.08123120905574062,-0.21534370766515476,0.6998717150308769,8.125340184134119,-0.027195961486393822,-0.7360985882993503,0.4683223517486062
24,3,0.3,demean,1.0,T2_mid,1973,65.06538266599088,2.7733062597498526,-0.5486358023474198,11.344989556313458,-2.245177003033778,0.4140921188054412,-0.08194896061073291,0.7700057021215713,13.590166559347239,-0.07062162657700909,-0.6598877848732796,0.48910288900152055
24,3,0.3,demean,1.0,T3_illiquid,1973,64.8362899138368,3.6547181412916405,-2.489331617109257,14.092647656830165,-9.602296719539648,0.514381639474301,-0.3504838302631972,0.7998306606940775,23.69494437636981,-0.07212852952604715,-0.8963039565462547,0.40598073998986317
24,3,0.3,none,1.0,T1_liquid,1973,65.33198175367461,0.5233208263773549,-1.387690416906953,2.225512576869606,-5.899827607264514,0.08123120905574062,-0.21534370766515476,0.6998717150308769,8.125340184134119,-0.027195961486393822,-0.7360985882993503,0.4683223517486062
24,3,0.3,none,1.0,T2_mid,1973,65.06538266599088,2.7733062597498526,-0.5486358023474198,11.344989556313458,-2.245177003033778,0.4140921188054412,-0.08194896061073291,0.7700057021215713,13.590166559347239,-0.07062162657700909,-0.6598877848732796,0.48910288900152055
24,3,0.3,none,1.0,T3_illiquid,1973,64.8362899138368,3.6547181412916405,-2.489331617109257,14.092647656830165,-9.602296719539648,0.514381639474301,-0.3504838302631972,0.7998306606940775,23.69494437636981,-0.07212852952604715,-0.8963039565462547,0.40598073998986317
24,6,0.1,demean,1.0,T1_liquid,1973,21.14749113025849,-0.02692388202907236,-0.8448838702921521,-0.350026464434524,-10.985139289043039,-0.012775965951860126,-0.4009575840500709,0.9200343273328575,10.635112824608516,-0.03239910399498512,-0.9631935533030991,0.5012671059300557
24,6,0.1,demean,1.0,T2_mid,1973,21.09477952356817,1.8044747984500764,0.30275170179345157,21.45777742072361,3.600368895391863,0.7832088758564116,0.13141346468180298,1.0226237706090722,17.85740852533174,-0.07552331356760983,-0.7921188056400182,0.5367460719716168
24,6,0.1,demean,1.0,T3_illiquid,1973,21.056259503294477,3.166331143686858,0.07935044283242448,32.75620254869125,0.8204354943230789,1.1956013930272307,0.02994589554279238,1.081826487135661,31.935767054368167,-0.07957377562787775,-0.8708405517112275,0.5093765838824126
24,6,0.1,none,1.0,T1_liquid,1973,21.14749113025849,-0.02692388202907236,-0.8448838702921521,-0.350026464434524,-10.985139289043039,-0.012775965951860126,-0.4009575840500709,0.9200343273328575,10.635112824608516,-0.03239910399498512,-0.9631935533030991,0.5012671059300557
24,6,0.1,none,1.0,T2_mid,1973,21.09477952356817,1.8044747984500764,0.30275170179345157,21.45777742072361,3.600368895391863,0.7832088758564116,0.13141346468180298,1.0226237706090722,17.85740852533174,-0.07552331356760983,-0.7921188056400182,0.5367460719716168
24,6,0.1,none,1.0,T3_illiquid,1973,21.056259503294477,3.166331143686858,0.07935044283242448,32.75620254869125,0.8204354943230789,1.1956013930272307,0.02994589554279238,1.081826487135661,31.935767054368167,-0.07957377562787775,-0.8708405517112275,0.5093765838824126
24,6,0.2,demean,1.0,T1_liquid,1973,43.334009123162694,-0.07481346286495959,-1.2041870573278082,-0.6140065331983239,-9.882412217335357,-0.02241123846173882,-0.3607080459327406,0.8000146656119693,9.268405684137035,-0.03239910399498512,-0.9150583682002026,0.4769386720729853
24,6,0.2,demean,1.0,T2_mid,1973,43.19006588950836,2.310027484257882,0.23581010376714942,17.21911475233205,1.757672888798011,0.6284976884601199,0.06415506044112741,0.8801810242694774,15.461441863534038,-0.07552331356760983,-0.615378990715256,0.5301571211353269
24,6,0.2,demean,1.0,T3_illiquid,1973,43.099847947288396,3.290704191377716,-0.5657991343505714,23.30451487260273,-4.001355386040757,0.8506147928499997,-0.14604947159048765,0.9224833776025668,27.305870258643484,-0.07957377562787775,-0.8867671262339302,0.4738976178408515
24,6,0.2,none,1.0,T1_liquid,1973,43.334009123162694,-0.07481346286495959,-1.2041870573278082,-0.6140065331983239,-9.882412217335357,-0.02241123846173882,-0.3607080459327406,0.8000146656119693,9.268405684137035,-0.03239910399498512,-0.9150583682002026,0.4769386720729853
24,6,0.2,none,1.0,T2_mid,1973,43.19006588950836,2.310027484257882,0.23581010376714942,17.21911475233205,1.757672888798011,0.6284976884601199,0.06415506044112741,0.8801810242694774,15.461441863534038,-0.07552331356760983,-0.615378990715256,0.5301571211353269
24,6,0.2,none,1.0,T3_illiquid,1973,43.099847947288396,3.290704191377716,-0.5657991343505714,23.30451487260273,-4.001355386040757,0.8506147928499997,-0.14604947159048765,0.9224833776025668,27.305870258643484,-0.07957377562787775,-0.8867671262339302,0.4738976178408515
24,6,0.3,demean,1.0,T1_liquid,1973,65.33198175367461,-0.10608038040974721,-1.4079888219773902,-0.6619992994522031,-8.787339483586322,-0.024162974430005413,-0.32073789115090073,0.6998717150308769,8.125340184134119,-0.03239910399498512,-0.8722324834578323,0.4749113025848961
24,6,0.3,demean,1.0,T2_mid,1973,65.06538266599088,2.1913266960941917,-0.1414475059851638,12.765835253149584,-0.8243313061976545,0.46595298673995983,-0.03008809267621439,0.7700057021215713,13.590166559347239,-0.07552331356760983,-0.5998027678973885,0.5114039533705018
24,6,0.3,demean,1.0,T3_illiquid,1973,64.8362899138368,3.521482112273614,-0.6869675569718688,19.823239820998687,-3.8717045553711253,0.723548253466452,-0.14131721627104607,0.7998306606940775,23.69494437636981,-0.07957377562787775,-0.8386752958713883,0.4607197161682717
24,6,0.3,none,1.0,T1_liquid,1973,65.33198175367461,-0.10608038040974721,-1.4079888219773902,-0.6619992994522031,-8.787339483586322,-0.024162974430005413,-0.32073789115090073,0.6998717150308769,8.125340184134119,-0.03239910399498512,-0.8722324834578323,0.4749113025848961
24,6,0.3,none,1.0,T2_mid,1973,65.06538266599088,2.1913266960941917,-0.1414475059851638,12.765835253149584,-0.8243313061976545,0.46595298673995983,-0.03008809267621439,0.7700057021215713,13.590166559347239,-0.07552331356760983,-0.5998027678973885,0.5114039533705018
24,6,0.3,none,1.0,T3_illiquid,1973,64.8362899138368,3.521482112273614,-0.6869675569718688,19.823239820998687,-3.8717045553711253,0.723548253466452,-0.14131721627104607,0.7998306606940775,23.69494437636981,-0.07957377562787775,-0.8386752958713883,0.4607197161682717
24,12,0.1,demean,1.0,T1_liquid,1973,21.14749113025849,-0.8460737220159793,-1.4386536234641578,-15.186391244818806,-25.821504069427316,-0.5543032804358864,-0.9424848985340971,0.9200343273328575,10.635112824608516,-0.02827928399612501,-0.999158903592049,0.4875823618854536
24,12,0.1,demean,1.0,T2_mid,1973,21.09477952356817,1.6240101952894377,0.4859453614788919,25.47825743180108,7.620848906469344,0.9299563962607393,0.278160985086131,1.0226237706090722,17.85740852533174,-0.07365044731107116,-0.844296980564162,0.5473897617840852
24,12,0.1,demean,1.0,T3_illiquid,1973,21.056259503294477,3.146834696514343,0.9636956024097829,46.031853118122385,14.096086063754212,1.680162638811467,0.5145071413270287,1.081826487135661,31.935767054368167,-0.0744032144280051,-0.831963888373023,0.533705017739483
24,12,0.1,none,1.0,T1_liquid,1973,21.14749113025849,-0.8460737220159793,-1.4386536234641578,-15.186391244818806,-25.821504069427316,-0.5543032804358864,-0.9424848985340971,0.9200343273328575,10.635112824608516,-0.02827928399612501,-0.999158903592049,0.4875823618854536
24,12,0.1,none,1.0,T2_mid,1973,21.09477952356817,1.6240101952894377,0.4859453614788919,25.47825743180108,7.620848906469344,0.9299563962607393,0.278160985086131,1.0226237706090722,17.85740852533174,-0.07365044731107116,-0.844296980564162,0.5473897617840852
24,12,0.1,none,1.0,T3_illiquid,1973,21.056259503294477,3.146834696514343,0.9636956024097829,46.031853118122385,14.096086063754212,1.680162638811467,0.5145071413270287,1.081826487135661,31.935767054368167,-0.0744032144280051,-0.831963888373023,0.533705017739483
24,12,0.2,demean,1.0,T1_liquid,1973,43.334009123162694,-0.948842184165532,-1.760862851420125,-10.828287412623734,-20.096693096760767,-0.3952324905607663,-0.733529298031768,0.8000146656119693,9.268405684137035,-0.02827928399612501,-0.992873528040389,0.4733907754688292
24,12,0.2,demean,1.0,T2_mid,1973,43.19006588950836,2.102091417122816,0.6042575057846152,21.699969159730795,6.238527296196757,0.792048874330174,0.22770624631118164,0.8801810242694774,15.461441863534038,-0.07365044731107116,-0.7180211381288897,0.5316776482513939
24,12,0.2,demean,1.0,T3_illiquid,1973,43.099847947288396,3.0332884248958325,0.3340118201108825,30.68258644955433,3.376716190910837,1.1199144054087329,0.12325014096824555,0.9224833776025668,27.305870258643484,-0.0744032144280051,-0.8567210260527924,0.4941713127217435
24,12,0.2,none,1.0,T1_liquid,1973,43.334009123162694,-0.948842184165532,-1.760862851420125,-10.828287412623734,-20.096693096760767,-0.3952324905607663,-0.733529298031768,0.8000146656119693,9.268405684137035,-0.02827928399612501,-0.992873528040389,0.4733907754688292
24,12,0.2,none,1.0,T2_mid,1973,43.19006588950836,2.102091417122816,0.6042575057846152,21.699969159730795,6.238527296196757,0.792048874330174,0.22770624631118164,0.8801810242694774,15.461441863534038,-0.07365044731107116,-0.7180211381288897,0.5316776482513939
24,12,0.2,none,1.0,T3_illiquid,1973,43.099847947288396,3.0332884248958325,0.3340118201108825,30.68258644955433,3.376716190910837,1.1199144054087329,0.12325014096824555,0.9224833776025668,27.305870258643484,-0.0744032144280051,-0.8567210260527924,0.4941713127217435
24,12,0.3,demean,1.0,T1_liquid,1973,65.33198175367461,-0.8134548918074151,-1.763113998087339,-6.958612636530635,-15.083952820664754,-0.2539893612333682,-0.5505642779542635,0.6998717150308769,8.125340184134119,-0.02827928399612501,-0.9717653492611829,0.47237709072478457
24,12,0.3,demean,1.0,T2_mid,1973,65.06538266599088,2.2607627147051965,0.5501203042459445,17.961941774100666,4.371775214753426,0.6556108747546743,0.15956979533850005,0.7700057021215713,13.590166559347239,-0.07365044731107116,-0.585450187530897,0.5281297516472377
24,12,0.3,demean,1.0,T3_illiquid,1973,64.8362899138368,3.381451613215909,0.3687846294903874,26.59610401582628,2.901159639456464,0.9707577965776593,0.10589232684016094,0.7998306606940775,23.69494437636981,-0.0744032144280051,-0.8307480331743887,0.49619868220983276
24,12,0.3,none,1.0,T1_liquid,1973,65.33198175367461,-0.8134548918074151,-1.763113998087339,-6.958612636530635,-15.083952820664754,-0.2539893612333682,-0.5505642779542635,0.6998717150308769,8.125340184134119,-0.02827928399612501,-0.9717653492611829,0.47237709072478457
24,12,0.3,none,1.0,T2_mid,1973,65.06538266599088,2.2607627147051965,0.5501203042459445,17.961941774100666,4.371775214753426,0.6556108747546743,0.15956979533850005,0.7700057021215713,13.590166559347239,-0.07365044731107116,-0.585450187530897,0.5281297516472377
24,12,0.3,none,1.0,T3_illiquid,1973,64.8362899138368,3.381451613215909,0.3687846294903874,26.59610401582628,2.901159639456464,0.9707577965776593,0.10589232684016094,0.7998306606940775,23.69494437636981,-0.0744032144280051,-0.8307480331743887,0.49619868220983276
24,24,0.1,demean,1.0,T1_liquid,1973,21.14749113025849,-1.491944118882506,-1.9375575175737918,-35.60119350852714,-46.23630633313565,-1.2994435630612406,-1.6876251811594511,0.9200343273328575,10.635112824608516,-0.022013952665823712,-0.999994300212811,0.4835276229092752
24,24,0.1,demean,1.0,T2_mid,1973,21.09477952356817,0.8901837202874197,0.13120731251786752,20.944214608573606,3.086806083241868,0.7644638332129365,0.11266842203832818,1.0226237706090722,17.85740852533174,-0.06462258728537151,-0.988513358911806,0.5367460719716168
24,24,0.1,demean,1.0,T3_illiquid,1973,21.056259503294477,2.388300882574652,0.7526379864652245,46.63105146187202,14.695284407503856,1.7020333783583288,0.5363778808738907,1.081826487135661,31.935767054368167,-0.06440409293298356,-0.9399929117705237,0.5149518499746579
24,24,0.1,none,1.0,T1_liquid,1973,21.14749113025849,-1.491944118882506,-1.9375575175737918,-35.60119350852714,-46.23630633313565,-1.2994435630612406,-1.6876251811594511,0.9200343273328575,10.635112824608516,-0.022013952665823712,-0.999994300212811,0.4835276229092752
24,24,0.1,none,1.0,T2_mid,1973,21.09477952356817,0.8901837202874197,0.13120731251786752,20.944214608573606,3.086806083241868,0.7644638332129365,0.11266842203832818,1.0226237706090722,17.85740852533174,-0.06462258728537151,-0.988513358911806,0.5367460719716168
24,24,0.1,none,1.0,T3_illiquid,1973,21.056259503294477,2.388300882574652,0.7526379864652245,46.63105146187202,14.695284407503856,1.7020333783583288,0.5363778808738907,1.081826487135661,31.935767054368167,-0.06440409293298356,-0.9399929117705237,0.5149518499746579
24,24,0.2,demean,1.0,T1_liquid,1973,43.334009123162694,-1.6410287462037012,-2.230405968893467,-25.790805035666775,-35.059210719803815,-0.9413643838018373,-1.2796611912728393,0.8000146656119693,9.268405684137035,-0.022013952665823712,-0.9997605060819302,0.46224024328433855
24,24,0.2,demean,1.0,T2_mid,1973,43.19006588950836,1.369313259675755,0.35767706243002473,20.929530690190326,5.468088826656294,0.7639278701919469,0.19958524217295476,0.8801810242694774,15.461441863534038,-0.06462258728537151,-0.9360997387310888,0.5331981753674607
24,24,0.2,demean,1.0,T3_illiquid,1973,43.099847947288396,2.3347392678711074,0.4685216567541863,34.15882808044378,6.852957821800302,1.246797224936198,0.25013296049571104,0.9224833776025668,27.305870258643484,-0.06440409293298356,-0.917713405130998,0.49771920932589964
24,24,0.2,none,1.0,T1_liquid,1973,43.334009123162694,-1.6410287462037012,-2.230405968893467,-25.790805035666775,-35.059210719803815,-0.9413643838018373,-1.2796611912728393,0.8000146656119693,9.268405684137035,-0.022013952665823712,-0.9997605060819302,0.46224024328433855
24,24,0.2,none,1.0,T2_mid,1973,43.19006588950836,1.369313259675755,0.35767706243002473,20.929530690190326,5.468088826656294,0.7639278701919469,0.19958524217295476,0.8801810242694774,15.461441863534038,-0.06462258728537151,-0.9360997387310888,0.5331981753674607
24,24,0.2,none,1.0,T3_illiquid,1973,43.099847947288396,2.3347392678711074,0.4685216567541863,34.15882808044378,6.852957821800302,1.246797224936198,0.25013296049571104,0.9224833776025668,27.305870258643484,-0.06440409293298356,-0.917713405130998,0.49771920932589964
24,24,0.3,demean,1.0,T1_liquid,1973,65.33198175367461,-1.326075591527034,-2.001036993761829,-15.958538237343346,-24.08387842147746,-0.5824866456630321,-0.8790615623839274,0.6998717150308769,8.125340184134119,-0.022013952665823712,-0.9962362610355889,0.4698428788646731
24,24,0.3,demean,1.0,T2_mid,1973,65.06538266599088,1.8158597949924424,0.6913228532834429,21.94652227539239,8.35635571604515,0.8010480630518222,0.30500698363564793,0.7700057021215713,13.590166559347239,-0.06462258728537151,-0.8066314968861266,0.5154586923466802
24,24,0.3,demean,1.0,T3_illiquid,1973,64.8362899138368,2.596225011121249,0.49242257341958046,29.245844725304238,5.550900348934425,1.0674733324736045,0.2026078627361065,0.7998306606940775,23.69494437636981,-0.06440409293298356,-0.8971416244492325,0.5027876330461226
24,24,0.3,none,1.0,T1_liquid,1973,65.33198175367461,-1.326075591527034,-2.001036993761829,-15.958538237343346,-24.08387842147746,-0.5824866456630321,-0.8790615623839274,0.6998717150308769,8.125340184134119,-0.022013952665823712,-0.9962362610355889,0.4698428788646731
24,24,0.3,none,1.0,T2_mid,1973,65.06538266599088,1.8158597949924424,0.6913228532834429,21.94652227539239,8.35635571604515,0.8010480630518222,0.30500698363564793,0.7700057021215713,13.590166559347239,-0.06462258728537151,-0.8066314968861266,0.5154586923466802
24,24,0.3,none,1.0,T3_illiquid,1973,64.8362899138368,2.596225011121249,0.49242257341958046,29.245844725304238,5.550900348934425,1.0674733324736045,0.2026078627361065,0.7998306606940775,23.69494437636981,-0.06440409293298356,-0.8971416244492325,0.5027876330461226
3,3,0.1,demean,2.0,T1_liquid,1973,21.14749113025849,-0.34278548220383587,-3.1013629910554936,-2.7149100326389144,-24.562820856398698,-0.09909421619132038,-0.8965429612585525,1.671350815091312,21.847910823759786,-0.011731971620126416,-0.9937413359463231,0.429295489102889
3,3,0.1,demean,2.0,T2_mid,1973,21.09477952356817,1.4433121756295373,-3.9318969560458217,11.524448971664354,-31.379227753001977,0.42064238746574895,-1.1453418129845723,1.7174374634207377,42.90367672466633,-0.0471574917581441,-0.9986354951914299,0.3963507349214394
3,3,0.1,demean,2.0,T3_illiquid,1973,21.056259503294477,2.3851044284807648,-9.690902399519805,17.02153778254248,-69.4394244411605,0.6212861290628006,-2.534538992102358,1.7506950488830872,86.46096222370296,-0.07361559114621974,-0.9999991372634851,0.2326406487582362
3,3,0.1,none,2.0,T1_liquid,1973,21.14749113025849,-0.34278548220383587,-3.1013629910554936,-2.7149100326389144,-24.562820856398698,-0.09909421619132038,-0.8965429612585525,1.671350815091312,21.847910823759786,-0.011731971620126416,-0.9937413359463231,0.429295489102889
3,3,0.1,none,2.0,T2_mid,1973,21.09477952356817,1.4433121756295373,-3.9318969560458217,11.524448971664354,-31.379227753001977,0.42064238746574895,-1.1453418129845723,1.7174374634207377,42.90367672466633,-0.0471574917581441,-0.9986354951914299,0.3963507349214394
3,3,0.1,none,2.0,T3_illiquid,1973,21.056259503294477,2.3851044284807648,-9.690902399519805,17.02153778254248,-69.4394244411605,0.6212861290628006,-2.534538992102358,1.7506950488830872,86.46096222370296,-0.07361559114621974,-0.9999991372634851,0.2326406487582362
3,3,0.2,demean,2.0,T1_liquid,1973,43.334009123162694,-0.7028877507248594,-4.608534785592781,-3.585311555494233,-23.52129430034616,-0.13086387177553951,-0.8585272419626349,1.5223675266945749,19.935982744851923,-0.011731971620126416,-0.9912028845962021,0.38925494171312724
3,3,0.2,demean,2.0,T2_mid,1973,43.19006588950836,1.297140124462889,-6.351061777651282,6.657580177233135,-32.59694153657657,0.24300167646900944,-1.1897883660850448,1.563794912244161,39.2545217138097,-0.0471574917581441,-0.9986767101779611,0.3380638621388748
3,3,0.2,demean,2.0,T3_illiquid,1973,43.099847947288396,3.0061089813467303,-13.573118275205662,14.255868013763193,-64.62962090998099,0.5203391825023566,-2.3589811632143056,1.5925018290905326,78.88548892374418,-0.07361559114621974,-0.9999974163791566,0.16066903193106943
3,3,0.2,none,2.0,T1_liquid,1973,43.334009123162694,-0.7028877507248594,-4.608534785592781,-3.585311555494233,-23.52129430034616,-0.13086387177553951,-0.8585272419626349,1.5223675266945749,19.935982744851923,-0.011731971620126416,-0.9912028845962021,0.38925494171312724
3,3,0.2,none,2.0,T2_mid,1973,43.19006588950836,1.297140124462889,-6.351061777651282,6.657580177233135,-32.59694153657657,0.24300167646900944,-1.1897883660850448,1.563794912244161,39.2545217138097,-0.0471574917581441,-0.9986767101779611,0.3380638621388748
3,3,0.2,none,2.0,T3_illiquid,1973,43.099847947288396,3.0061089813467303,-13.573118275205662,14.255868013763193,-64.62962090998099,0.5203391825023566,-2.3589811632143056,1.5925018290905326,78.88548892374418,-0.07361559114621974,-0.9999974163791566,0.16066903193106943
3,3,0.3,demean,2.0,T1_liquid,1973,65.33198175367461,-0.7374341639481318,-5.291074024483982,-2.9218164312391948,-20.983341705948636,-0.10664629974023061,-0.7658919722671252,1.3775263004993383,18.06152527470944,-0.011731971620126416,-0.9846848973935047,0.3699949315762798
3,3,0.3,demean,2.0,T2_mid,1973,65.06943740496706,1.2027582523485771,-7.913523498359282,4.679064033231726,-30.810685347850946,0.17078583721295798,-1.1245900151965595,1.4093049970199523,35.48974938108266,-0.0471574917581441,-0.9978816875083921,0.3000506842372022
3,3,0.3,demean,2.0,T3_illiquid,1973,64.8362899138368,2.650724057911767,-16.36343301682146,9.776920972321323,-60.70830298502421,0.35685761548972833,-2.2158530589533836,1.4218522441182981,70.48522395734554,-0.07361559114621974,-0.999994133046972,0.13025848960973138
3,3,0.3,none,2.0,T1_liquid,1973,65.33198175367461,-0.7374341639481318,-5.291074024483982,-2.9218164312391948,-20.983341705948636,-0.10664629974023061,-0.7658919722671252,1.3775263004993383,18.06152527470944,-0.011731971620126416,-0.9846848973935047,0.3699949315762798
3,3,0.3,none,2.0,T2_mid,1973,65.06943740496706,1.2027582523485771,-7.913523498359282,4.679064033231726,-30.810685347850946,0.17078583721295798,-1.1245900151965595,1.4093049970199523,35.48974938108266,-0.0471574917581441,-0.9978816875083921,0.3000506842372022
3,3,0.3,none,2.0,T3_illiquid,1973,64.8362899138368,2.650724057911767,-16.36343301682146,9.776920972321323,-60.70830298502421,0.35685761548972833,-2.2158530589533836,1.4218522441182981,70.48522395734554,-0.07361559114621974,-0.999994133046972,0.13025848960973138
3,6,0.1,demean,2.0,T1_liquid,1973,21.14749113025849,0.3640945303784156,-1.4829065023286543,4.305970327197333,-17.54194049656245,0.15716791694270263,-0.6402808281245295,1.671350815091312,21.847910823759786,-0.014451624593464428,-0.9831681071142988,0.4642676127724278
3,6,0.1,demean,2.0,T2_mid,1973,21.09477952356817,1.9180235338890448,-1.65460156125465,23.03548664818599,-19.868190076480335,0.8407952626587886,-0.7251889377915323,1.7174374634207377,42.90367672466633,-0.043761464994025015,-0.9898077582780226,0.45869234668018244
3,6,0.1,demean,2.0,T3_illiquid,1973,21.056259503294477,2.653163239412233,-5.513205910744928,28.07099800696223,-58.38996421674074,1.0245914272541214,-2.131233693911037,1.7506950488830872,86.46096222370296,-0.07067043302626748,-0.9999938221794706,0.329954384186518
3,6,0.1,none,2.0,T1_liquid,1973,21.14749113025849,0.3640945303784156,-1.4829065023286543,4.305970327197333,-17.54194049656245,0.15716791694270263,-0.6402808281245295,1.671350815091312,21.847910823759786,-0.014451624593464428,-0.9831681071142988,0.4642676127724278
3,6,0.1,none,2.0,T2_mid,1973,21.09477952356817,1.9180235338890448,-1.65460156125465,23.03548664818599,-19.868190076480335,0.8407952626587886,-0.7251889377915323,1.7174374634207377,42.90367672466633,-0.043761464994025015,-0.9898077582780226,0.45869234668018244
3,6,0.1,none,2.0,T3_illiquid,1973,21.056259503294477,2.653163239412233,-5.513205910744928,28.07099800696223,-58.38996421674074,1.0245914272541214,-2.131233693911037,1.7506950488830872,86.46096222370296,-0.07067043302626748,-0.9999938221794706,0.329954384186518
3,6,0.2,demean,2.0,T1_liquid,1973,43.334009123162694,0.06622633467772464,-2.573766394917458,0.49974233640189686,-19.43624040845003,0.018240595278669235,-0.7094227749084261,1.5223675266945749,19.935982744851923,-0.014451624593464428,-0.9833942677489045,0.44399391789153575
3,6,0.2,demean,2.0,T2_mid,1973,43.19006588950836,1.4761808216099217,-3.7806338896419085,11.026656129714548,-28.22786558409516,0.40247294873458095,-1.0303170938194732,1.563794912244161,39.2545217138097,-0.043761464994025015,-0.9969339840919887,0.40091231626964013
3,6,0.2,demean,2.0,T3_illiquid,1973,43.099847947288396,3.0169568406173886,-8.710048777562386,20.292354208317096,-58.59313471542706,0.740670928603574,-2.1386494171130876,1.5925018290905326,78.88548892374418,-0.07067043302626748,-0.9999918483702234,0.24277749619868222
3,6,0.2,none,2.0,T1_liquid,1973,43.334009123162694,0.06622633467772464,-2.573766394917458,0.49974233640189686,-19.43624040845003,0.018240595278669235,-0.7094227749084261,1.5223675266945749,19.935982744851923,-0.014451624593464428,-0.9833942677489045,0.44399391789153575
3,6,0.2,none,2.0,T2_mid,1973,43.19006588950836,1.4761808216099217,-3.7806338896419085,11.026656129714548,-28.22786558409516,0.40247294873458095,-1.0303170938194732,1.563794912244161,39.2545217138097,-0.043761464994025015,-0.9969339840919887,0.40091231626964013
3,6,0.2,none,2.0,T3_illiquid,1973,43.099847947288396,3.0169568406173886,-8.710048777562386,20.292354208317096,-58.59313471542706,0.740670928603574,-2.1386494171130876,1.5925018290905326,78.88548892374418,-0.07067043302626748,-0.9999918483702234,0.24277749619868222
3,6,0.3,demean,2.0,T1_liquid,1973,65.33198175367461,0.02134117145107915,-3.0591090850775915,0.1250515500271941,-17.936473724682248,0.0045643815759925845,-0.654681290950902,1.3775263004993383,18.06152527470944,-0.014451624593464428,-0.9753120657849855,0.4282818043588444
3,6,0.3,demean,2.0,T2_mid,1973,65.06943740496706,1.3340572878210126,-4.888453600014078,7.609813570156308,-27.87993581092636,0.2777581953107052,-1.017617657098812,1.4093049970199523,35.48974938108266,-0.043761464994025015,-0.9963104355887078,0.3745565129244805
3,6,0.3,demean,2.0,T3_illiquid,1973,64.8362899138368,2.7088640910597515,-10.443285183930024,14.50994657292737,-55.97527738441816,0.529613049911849,-2.043097624531263,1.4218522441182981,70.48522395734554,-0.07067043302626748,-0.9999855095494598,0.21388748099341104
3,6,0.3,none,2.0,T1_liquid,1973,65.33198175367461,0.02134117145107915,-3.0591090850775915,0.1250515500271941,-17.936473724682248,0.0045643815759925845,-0.654681290950902,1.3775263004993383,18.06152527470944,-0.014451624593464428,-0.9753120657849855,0.4282818043588444
3,6,0.3,none,2.0,T2_mid,1973,65.06943740496706,1.3340572878210126,-4.888453600014078,7.609813570156308,-27.87993581092636,0.2777581953107052,-1.017617657098812,1.4093049970199523,35.48974938108266,-0.043761464994025015,-0.9963104355887078,0.3745565129244805
3,6,0.3,none,2.0,T3_illiquid,1973,64.8362899138368,2.7088640910597515,-10.443285183930024,14.50994657292737,-55.97527738441816,0.529613049911849,-2.043097624531263,1.4218522441182981,70.48522395734554,-0.07067043302626748,-0.9999855095494598,0.21388748099341104
3,12,0.1,demean,2.0,T1_liquid,1973,21.14749113025849,-0.07227186627985965,-1.4506023696816566,-1.1454837783656262,-22.99339460212541,-0.04181015791034536,-0.8392589029775774,1.671350815091312,21.847910823759786,-0.007666473675213313,-0.9969916417996675,0.46578813988849466
3,12,0.1,demean,2.0,T2_mid,1973,21.09477952356817,1.3767077295815038,-1.4489439180680224,20.903537878984068,-22.000138845682258,0.7629791325829185,-0.8030050678674024,1.7174374634207377,42.90367672466633,-0.03488115248300531,-0.9953613685739118,0.4774455144450076
3,12,0.1,demean,2.0,T3_illiquid,1973,21.056259503294477,2.5891008933996384,-3.6072268035424746,36.12848879888379,-50.33247342481918,1.318689841159258,-1.8371352800059,1.7506950488830872,86.46096222370296,-0.05634954838661476,-0.9999815866038613,0.35631018753167765
3,12,0.1,none,2.0,T1_liquid,1973,21.14749113025849,-0.07227186627985965,-1.4506023696816566,-1.1454837783656262,-22.99339460212541,-0.04181015791034536,-0.8392589029775774,1.671350815091312,21.847910823759786,-0.007666473675213313,-0.9969916417996675,0.46578813988849466
3,12,0.1,none,2.0,T2_mid,1973,21.09477952356817,1.3767077295815038,-1.4489439180680224,20.903537878984068,-22.000138845682258,0.7629791325829185,-0.8030050678674024,1.7174374634207377,42.90367672466633,-0.03488115248300531,-0.9953613685739118,0.4774455144450076
3,12,0.1,none,2.0,T3_illiquid,1973,21.056259503294477,2.5891008933996384,-3.6072268035424746,36.12848879888379,-50.33247342481918,1.318689841159258,-1.8371352800059,1.7506950488830872,86.46096222370296,-0.05634954838661476,-0.9999815866038613,0.35631018753167765
3,12,0.2,demean,2.0,T1_liquid,1973,43.334009123162694,-0.21520728295314503,-2.202006050658678,-2.158134842665027,-22.09411758751695,-0.07877192175727349,-0.8064352919443688,1.5223675266945749,19.935982744851923,-0.007666473675213313,-0.9922291777955824,0.45058286872782566
3,12,0.2,demean,2.0,T2_mid,1973,43.19006588950836,0.9149173186317561,-3.111807908030868,8.921610662127973,-30.332911051681727,0.32563878916767103,-1.107151253386383,1.563794912244161,39.2545217138097,-0.03488115248300531,-0.9982311702606134,0.4348707551951343
3,12,0.2,demean,2.0,T3_illiquid,1973,43.099847947288396,2.726766277772825,-6.162615827989572,24.20406054860754,-54.68142837513663,0.8834482100241752,-1.9958721356924871,1.5925018290905326,78.88548892374418,-0.05634954838661476,-0.9999857566781782,0.31373542828180434
3,12,0.2,none,2.0,T1_liquid,1973,43.334009123162694,-0.21520728295314503,-2.202006050658678,-2.158134842665027,-22.09411758751695,-0.07877192175727349,-0.8064352919443688,1.5223675266945749,19.935982744851923,-0.007666473675213313,-0.9922291777955824,0.45058286872782566
3,12,0.2,none,2.0,T2_mid,1973,43.19006588950836,0.9149173186317561,-3.111807908030868,8.921610662127973,-30.332911051681727,0.32563878916767103,-1.107151253386383,1.563794912244161,39.2545217138097,-0.03488115248300531,-0.9982311702606134,0.4348707551951343
3,12,0.2,none,2.0,T3_illiquid,1973,43.099847947288396,2.726766277772825,-6.162615827989572,24.20406054860754,-54.68142837513663,0.8834482100241752,-1.9958721356924871,1.5925018290905326,78.88548892374418,-0.05634954838661476,-0.9999857566781782,0.31373542828180434
3,12,0.3,demean,2.0,T1_liquid,1973,65.33198175367461,-0.2423026664660169,-2.5906563470040673,-1.8622869898607721,-19.923812264570213,-0.06797347512991819,-0.7272191476568127,1.3775263004993383,18.06152527470944,-0.007666473675213313,-0.9860306020683896,0.44956918398378104
3,12,0.3,demean,2.0,T2_mid,1973,65.06943740496706,0.8707615559195401,-3.8958199132210902,6.483807766208906,-29.005941614873763,0.23665898346662506,-1.0587168689428923,1.4093049970199523,35.48974938108266,-0.03488115248300531,-0.9972989093244291,0.41155600608210846
3,12,0.3,demean,2.0,T3_illiquid,1973,64.8362899138368,2.4256501526806367,-7.355540646720068,17.471929213255162,-53.013294744090366,0.6377254162838134,-1.9349852581592983,1.4218522441182981,70.48522395734554,-0.05634954838661476,-0.9999782946720808,0.29194120628484543
3,12,0.3,none,2.0,T1_liquid,1973,65.33198175367461,-0.2423026664660169,-2.5906563470040673,-1.8622869898607721,-19.923812264570213,-0.06797347512991819,-0.7272191476568127,1.3775263004993383,18.06152527470944,-0.007666473675213313,-0.9860306020683896,0.44956918398378104
3,12,0.3,none,2.0,T2_mid,1973,65.06943740496706,0.8707615559195401,-3.8958199132210902,6.483807766208906,-29.005941614873763,0.23665898346662506,-1.0587168689428923,1.4093049970199523,35.48974938108266,-0.03488115248300531,-0.9972989093244291,0.41155600608210846
3,12,0.3,none,2.0,T3_illiquid,1973,64.8362899138368,2.4256501526806367,-7.355540646720068,17.471929213255162,-53.013294744090366,0.6377254162838134,-1.9349852581592983,1.4218522441182981,70.48522395734554,-0.05634954838661476,-0.9999782946720808,0.29194120628484543
3,24,0.1,demean,2.0,T1_liquid,1973,21.14749113025849,-0.567732130204571,-1.5680321903737955,-12.39781992701128,-34.24573075077107,-0.45252042733591175,-1.2499691724031439,1.671350815091312,21.847910823759786,-0.005939893953559503,-0.9998955152833343,0.4688291941206285
3,24,0.1,demean,2.0,T2_mid,1973,21.09477952356817,1.2619565674362976,-0.7810333825240747,26.498764284086075,-16.404912440580265,0.9672048963691418,-0.5987793040811797,1.7174374634207377,42.90367672466633,-0.03375958690451426,-0.993690764250215,0.49214394323365435
3,24,0.1,demean,2.0,T3_illiquid,1973,21.056259503294477,2.61676319419676,-2.072230004740208,48.25118817700161,-38.20977404670136,1.7611683684605588,-1.3946567527045999,1.7506950488830872,86.46096222370296,-0.04990437876419322,-0.9998642891929718,0.4161175874303092
3,24,0.1,none,2.0,T1_liquid,1973,21.14749113025849,-0.567732130204571,-1.5680321903737955,-12.39781992701128,-34.24573075077107,-0.45252042733591175,-1.2499691724031439,1.671350815091312,21.847910823759786,-0.005939893953559503,-0.9998955152833343,0.4688291941206285
3,24,0.1,none,2.0,T2_mid,1973,21.09477952356817,1.2619565674362976,-0.7810333825240747,26.498764284086075,-16.404912440580265,0.9672048963691418,-0.5987793040811797,1.7174374634207377,42.90367672466633,-0.03375958690451426,-0.993690764250215,0.49214394323365435
3,24,0.1,none,2.0,T3_illiquid,1973,21.056259503294477,2.61676319419676,-2.072230004740208,48.25118817700161,-38.20977404670136,1.7611683684605588,-1.3946567527045999,1.7506950488830872,86.46096222370296,-0.04990437876419322,-0.9998642891929718,0.4161175874303092
3,24,0.2,demean,2.0,T1_liquid,1973,43.334009123162694,-0.9401109635581003,-2.3695401943453853,-13.107239856068428,-33.04322260092035,-0.4784142547464976,-1.2060776249335927,1.5223675266945749,19.935982744851923,-0.005939893953559503,-0.9994858059768436,0.45058286872782566
3,24,0.2,demean,2.0,T2_mid,1973,43.19006588950836,1.0397791682376523,-1.7905512051193726,14.418141381165485,-24.836380332644218,0.5262621604125403,-0.906527882141514,1.563794912244161,39.2545217138097,-0.03375958690451426,-0.9968813011463177,0.46578813988849466
3,24,0.2,demean,2.0,T3_illiquid,1973,43.099847947288396,2.630157359209464,-3.5785359782436377,33.40161447205604,-45.48387445168812,1.2191589282300455,-1.6601614174866166,1.5925018290905326,78.88548892374418,-0.04990437876419322,-0.999932017856796,0.35985808413583376
3,24,0.2,none,2.0,T1_liquid,1973,43.334009123162694,-0.9401109635581003,-2.3695401943453853,-13.107239856068428,-33.04322260092035,-0.4784142547464976,-1.2060776249335927,1.5223675266945749,19.935982744851923,-0.005939893953559503,-0.9994858059768436,0.45058286872782566
3,24,0.2,none,2.0,T2_mid,1973,43.19006588950836,1.0397791682376523,-1.7905512051193726,14.418141381165485,-24.836380332644218,0.5262621604125403,-0.906527882141514,1.563794912244161,39.2545217138097,-0.03375958690451426,-0.9968813011463177,0.46578813988849466
3,24,0.2,none,2.0,T3_illiquid,1973,43.099847947288396,2.630157359209464,-3.5785359782436377,33.40161447205604,-45.48387445168812,1.2191589282300455,-1.6601614174866166,1.5925018290905326,78.88548892374418,-0.04990437876419322,-0.999932017856796,0.35985808413583376
3,24,0.3,demean,2.0,T1_liquid,1973,65.33198175367461,-0.7987292162768694,-2.4831324765752827,-8.559576109409962,-26.621101384119402,-0.3124245279934636,-0.9716702005203582,1.3775263004993383,18.06152527470944,-0.005939893953559503,-0.9972170818400637,0.44906234161175873
3,24,0.3,demean,2.0,T2_mid,1973,65.06943740496706,0.8074032725202587,-2.4576208584292836,8.773242547303774,-26.716506833778897,0.3202233529765877,-0.9751524994329297,1.4093049970199523,35.48974938108266,-0.03375958690451426,-0.9970856663451841,0.4333502280790674
3,24,0.3,demean,2.0,T3_illiquid,1973,64.8362899138368,2.2584991101966523,-4.6017767039060535,23.179879741951677,-47.30534421539386,0.8460656105812362,-1.7266450638618758,1.4218522441182981,70.48522395734554,-0.04990437876419322,-0.9999392563656267,0.33705017739483023
3,24,0.3,none,2.0,T1_liquid,1973,65.33198175367461,-0.7987292162768694,-2.4831324765752827,-8.559576109409962,-26.621101384119402,-0.3124245279934636,-0.9716702005203582,1.3775263004993383,18.06152527470944,-0.005939893953559503,-0.9972170818400637,0.44906234161175873
3,24,0.3,none,2.0,T2_mid,1973,65.06943740496706,0.8074032725202587,-2.4576208584292836,8.773242547303774,-26.716506833778897,0.3202233529765877,-0.9751524994329297,1.4093049970199523,35.48974938108266,-0.03375958690451426,-0.9970856663451841,0.4333502280790674
3,24,0.3,none,2.0,T3_illiquid,1973,64.8362899138368,2.2584991101966523,-4.6017767039060535,23.179879741951677,-47.30534421539386,0.8460656105812362,-1.7266450638618758,1.4218522441182981,70.48522395734554,-0.04990437876419322,-0.9999392563656267,0.33705017739483023
6,3,0.1,demean,2.0,T1_liquid,1973,21.14749113025849,1.164836937215644,-1.50345248216159,9.534246538771422,-12.3160406662801,0.3479999986651569,-0.4495354843192237,1.6723484939906634,21.850287205051522,-0.022549751412214766,-0.930811052623574,0.45261023821591484
6,3,0.1,demean,2.0,T2_mid,1973,21.09477952356817,2.4738793610486636,-2.8568280823178323,20.006231553908094,-23.103435841966853,0.7302274517176455,-0.8432754082317901,1.7268817289597826,43.109667395874936,-0.05426013787899001,-0.9919206848384423,0.4267612772427775
6,3,0.1,demean,2.0,T3_illiquid,1973,21.056259503294477,3.1509479683515362,-9.349508739200822,22.04588517086653,-65.53818696792558,0.8046748087366283,-2.392143824329284,1.7738658368156595,87.58407213879211,-0.07567829737495746,-0.99999806782072,0.2519006588950836
6,3,0.1,none,2.0,T1_liquid,1973,21.14749113025849,1.164836937215644,-1.50345248216159,9.534246538771422,-12.3160406662801,0.3479999986651569,-0.4495354843192237,1.6723484939906634,21.850287205051522,-0.022549751412214766,-0.930811052623574,0.45261023821591484
6,3,0.1,none,2.0,T2_mid,1973,21.09477952356817,2.4738793610486636,-2.8568280823178323,20.006231553908094,-23.103435841966853,0.7302274517176455,-0.8432754082317901,1.7268817289597826,43.109667395874936,-0.05426013787899001,-0.9919206848384423,0.4267612772427775
6,3,0.1,none,2.0,T3_illiquid,1973,21.056259503294477,3.1509479683515362,-9.349508739200822,22.04588517086653,-65.53818696792558,0.8046748087366283,-2.392143824329284,1.7738658368156595,87.58407213879211,-0.07567829737495746,-0.99999806782072,0.2519006588950836
6,3,0.2,demean,2.0,T1_liquid,1973,43.334009123162694,1.1407925703946358,-2.7909015382030837,5.84554266657903,-14.318525141911646,0.21336230733013462,-0.5226261676797751,1.5403856566356513,20.16406780849068,-0.022549751412214766,-0.9458651571492028,0.4313228585909782
6,3,0.2,demean,2.0,T2_mid,1973,43.19006588950836,2.596754258707142,-5.142867551702445,13.407674204795361,-26.562088233280313,0.48938010847503066,-0.9695162205147314,1.5930330193059121,39.96976243807567,-0.05426013787899001,-0.9951491743750789,0.36644703497212366
6,3,0.2,demean,2.0,T3_illiquid,1973,43.099847947288396,3.3521942222358425,-13.601851093423564,16.026257186199896,-65.2913851673941,0.5849583872962962,-2.3831355586098844,1.6412559101008883,81.317642353594,-0.07567829737495746,-0.99999770652744,0.17029903699949317
6,3,0.2,none,2.0,T1_liquid,1973,43.334009123162694,1.1407925703946358,-2.7909015382030837,5.84554266657903,-14.318525141911646,0.21336230733013462,-0.5226261676797751,1.5403856566356513,20.16406780849068,-0.022549751412214766,-0.9458651571492028,0.4313228585909782
6,3,0.2,none,2.0,T2_mid,1973,43.19006588950836,2.596754258707142,-5.142867551702445,13.407674204795361,-26.562088233280313,0.48938010847503066,-0.9695162205147314,1.5930330193059121,39.96976243807567,-0.05426013787899001,-0.9951491743750789,0.36644703497212366
6,3,0.2,none,2.0,T3_illiquid,1973,43.099847947288396,3.3521942222358425,-13.601851093423564,16.026257186199896,-65.2913851673941,0.5849583872962962,-2.3831355586098844,1.6412559101008883,81.317642353594,-0.07567829737495746,-0.99999770652744,0.17029903699949317
6,3,0.3,demean,2.0,T1_liquid,1973,65.33198175367461,0.880189489834764,-3.735021056537667,3.505814929653553,-14.897852320011811,0.12796224493235467,-0.543771609680431,1.4038421045488156,18.40366724966536,-0.022549751412214766,-0.9494548209727104,0.40192600101368475
6,3,0.3,demean,2.0,T2_mid,1973,65.06842372022301,2.5854826800381403,-6.889449635619329,9.985211260040417,-26.637751783922962,0.3644602109914752,-0.9722779401131881,1.4547783729725243,36.62296304396338,-0.05426013787899001,-0.9949717227004925,0.3253928028383173
6,3,0.3,demean,2.0,T3_illiquid,1973,64.8362899138368,3.150528029962389,-16.305633362221915,11.86475112742691,-61.8483387723692,0.43306341615108224,-2.257464365191476,1.4865115469060504,73.7130898997961,-0.07567829737495746,-0.9999953413323633,0.13482007095793208
6,3,0.3,none,2.0,T1_liquid,1973,65.33198175367461,0.880189489834764,-3.735021056537667,3.505814929653553,-14.897852320011811,0.12796224493235467,-0.543771609680431,1.4038421045488156,18.40366724966536,-0.022549751412214766,-0.9494548209727104,0.40192600101368475
6,3,0.3,none,2.0,T2_mid,1973,65.06842372022301,2.5854826800381403,-6.889449635619329,9.985211260040417,-26.637751783922962,0.3644602109914752,-0.9722779401131881,1.4547783729725243,36.62296304396338,-0.05426013787899001,-0.9949717227004925,0.3253928028383173
6,3,0.3,none,2.0,T3_illiquid,1973,64.8362899138368,3.150528029962389,-16.305633362221915,11.86475112742691,-61.8483387723692,0.43306341615108224,-2.257464365191476,1.4865115469060504,73.7130898997961,-0.07567829737495746,-0.9999953413323633,0.13482007095793208
6,6,0.1,demean,2.0,T1_liquid,1973,21.14749113025849,0.9088668821025433,-0.8566861479167327,11.244040292205517,-10.606246912846009,0.4104074706655013,-0.38712801231887933,1.6723484939906634,21.850287205051522,-0.028219006226350422,-0.9364961146155119,0.47896604156107453
6,6,0.1,demean,2.0,T2_mid,1973,21.09477952356817,2.180526096248955,-1.303395629809888,26.975401747548442,-16.134265648326497,0.9846021637855181,-0.5889006961639172,1.7268817289597826,43.109667395874936,-0.05387977276082284,-0.9770277032767615,0.4840344652812975
6,6,0.1,demean,2.0,T3_illiquid,1973,21.056259503294477,2.9757374422839664,-5.45078941213331,30.931188452952913,-56.65288368583919,1.1289883785327814,-2.067830254533131,1.7738658368156595,87.58407213879211,-0.07630869747813296,-0.999991135020402,0.34009123162696403
6,6,0.1,none,2.0,T1_liquid,1973,21.14749113025849,0.9088668821025433,-0.8566861479167327,11.244040292205517,-10.606246912846009,0.4104074706655013,-0.38712801231887933,1.6723484939906634,21.850287205051522,-0.028219006226350422,-0.9364961146155119,0.47896604156107453
6,6,0.1,none,2.0,T2_mid,1973,21.09477952356817,2.180526096248955,-1.303395629809888,26.975401747548442,-16.134265648326497,0.9846021637855181,-0.5889006961639172,1.7268817289597826,43.109667395874936,-0.05387977276082284,-0.9770277032767615,0.4840344652812975
6,6,0.1,none,2.0,T3_illiquid,1973,21.056259503294477,2.9757374422839664,-5.45078941213331,30.931188452952913,-56.65288368583919,1.1289883785327814,-2.067830254533131,1.7738658368156595,87.58407213879211,-0.07630869747813296,-0.999991135020402,0.34009123162696403
6,6,0.2,demean,2.0,T1_liquid,1973,43.334009123162694,1.1169404003520835,-1.5279165413050013,8.509268370560255,-11.654799437930425,0.3105882955254493,-0.4254001794844605,1.5403856566356513,20.16406780849068,-0.028219006226350422,-0.9242513114805236,0.46274708565636086
6,6,0.2,demean,2.0,T2_mid,1973,43.19006588950836,2.304804950162377,-3.025154424342498,17.276951170467566,-22.69281126760811,0.6306087177220661,-0.8282876112676961,1.5930330193059121,39.96976243807567,-0.05387977276082284,-0.9908250985667882,0.41814495691839837
6,6,0.2,demean,2.0,T3_illiquid,1973,43.099847947288396,3.1155632142505767,-8.381878119232862,22.034416628033494,-59.28322572556051,0.8042562069232225,-2.1638377389829584,1.6412559101008883,81.317642353594,-0.07630869747813296,-0.9999929521753274,0.2519006588950836
6,6,0.2,none,2.0,T1_liquid,1973,43.334009123162694,1.1169404003520835,-1.5279165413050013,8.509268370560255,-11.654799437930425,0.3105882955254493,-0.4254001794844605,1.5403856566356513,20.16406780849068,-0.028219006226350422,-0.9242513114805236,0.46274708565636086
6,6,0.2,none,2.0,T2_mid,1973,43.19006588950836,2.304804950162377,-3.025154424342498,17.276951170467566,-22.69281126760811,0.6306087177220661,-0.8282876112676961,1.5930330193059121,39.96976243807567,-0.05387977276082284,-0.9908250985667882,0.41814495691839837
6,6,0.2,none,2.0,T3_illiquid,1973,43.099847947288396,3.1155632142505767,-8.381878119232862,22.034416628033494,-59.28322572556051,0.8042562069232225,-2.1638377389829584,1.6412559101008883,81.317642353594,-0.07630869747813296,-0.9999929521753274,0.2519006588950836
6,6,0.3,demean,2.0,T1_liquid,1973,65.33198175367461,0.9771747634639603,-2.1446337897417593,5.7545203836526015,-12.649146866012762,0.21003999400331996,-0.4616938606094658,1.4038421045488156,18.40366724966536,-0.028219006226350422,-0.9304304145541139,0.4384186517992904
6,6,0.3,demean,2.0,T2_mid,1973,65.06842372022301,2.231623543562086,-4.3091997869285965,12.490834046073365,-24.13212899789001,0.45591544268167783,-0.8808227084229855,1.4547783729725243,36.62296304396338,-0.05387977276082284,-0.9922909870574815,0.3781044095286366
6,6,0.3,demean,2.0,T3_illiquid,1973,64.8362899138368,3.0178681339530264,-10.439522649114519,16.49785983249397,-57.21523006730213,0.6021718838860299,-2.0883558974565277,1.4865115469060504,73.7130898997961,-0.07630869747813296,-0.9999888303963749,0.22453117080587937
6,6,0.3,none,2.0,T1_liquid,1973,65.33198175367461,0.9771747634639603,-2.1446337897417593,5.7545203836526015,-12.649146866012762,0.21003999400331996,-0.4616938606094658,1.4038421045488156,18.40366724966536,-0.028219006226350422,-0.9304304145541139,0.4384186517992904
6,6,0.3,none,2.0,T2_mid,1973,65.06842372022301,2.231623543562086,-4.3091997869285965,12.490834046073365,-24.13212899789001,0.45591544268167783,-0.8808227084229855,1.4547783729725243,36.62296304396338,-0.05387977276082284,-0.9922909870574815,0.3781044095286366
6,6,0.3,none,2.0,T3_illiquid,1973,64.8362899138368,3.0178681339530264,-10.439522649114519,16.49785983249397,-57.21523006730213,0.6021718838860299,-2.0883558974565277,1.4865115469060504,73.7130898997961,-0.07630869747813296,-0.9999888303963749,0.22453117080587937
6,12,0.1,demean,2.0,T1_liquid,1973,21.14749113025849,0.8567157697356412,-0.46594710650563964,14.15144563490397,-7.698841570147553,0.5165277656739949,-0.2810077173103857,1.6723484939906634,21.850287205051522,-0.02340942318321293,-0.9348608905837585,0.5002534211860111
6,12,0.1,demean,2.0,T2_mid,1973,21.09477952356817,2.5604263320916814,-0.2671551664730395,39.03620453227217,-4.073462863602768,1.4248214654279343,-0.14868139452150106,1.7268817289597826,43.109667395874936,-0.04842826298334907,-0.9386638732481702,0.48910288900152055
6,12,0.1,demean,2.0,T3_illiquid,1973,21.056259503294477,3.159466105116732,-2.970389871031354,45.15523216301039,-42.42883997578172,1.6481659739498793,-1.5486526591160328,1.7738658368156595,87.58407213879211,-0.06710212644484326,-0.9999104000857292,0.3882412569690826
6,12,0.1,none,2.0,T1_liquid,1973,21.14749113025849,0.8567157697356412,-0.46594710650563964,14.15144563490397,-7.698841570147553,0.5165277656739949,-0.2810077173103857,1.6723484939906634,21.850287205051522,-0.02340942318321293,-0.9348608905837585,0.5002534211860111
6,12,0.1,none,2.0,T2_mid,1973,21.09477952356817,2.5604263320916814,-0.2671551664730395,39.03620453227217,-4.073462863602768,1.4248214654279343,-0.14868139452150106,1.7268817289597826,43.109667395874936,-0.04842826298334907,-0.9386638732481702,0.48910288900152055
6,12,0.1,none,2.0,T3_illiquid,1973,21.056259503294477,3.159466105116732,-2.970389871031354,45.15523216301039,-42.42883997578172,1.6481659739498793,-1.5486526591160328,1.7738658368156595,87.58407213879211,-0.06710212644484326,-0.9999104000857292,0.3882412569690826
6,12,0.2,demean,2.0,T1_liquid,1973,43.334009123162694,1.0643575082269738,-0.8939729031205736,10.955473568307099,-9.208594240183583,0.3998747852432091,-0.33611368976670075,1.5403856566356513,20.16406780849068,-0.02340942318321293,-0.9021076076236368,0.48808920425747593
6,12,0.2,demean,2.0,T2_mid,1973,43.19006588950836,2.4408196706853924,-1.7514628232787919,23.268936005586593,-16.70082643248908,0.8493161642039107,-0.6095801647858514,1.5930330193059121,39.96976243807567,-0.04842826298334907,-0.9729982965867608,0.44804865686771417
6,12,0.2,demean,2.0,T3_illiquid,1973,43.099847947288396,3.251706497326622,-5.033373289384725,31.922808573716182,-49.39483377987781,1.1651825129406406,-1.8029114329655398,1.6412559101008883,81.317642353594,-0.06710212644484326,-0.9999755269316958,0.324885960466295
6,12,0.2,none,2.0,T1_liquid,1973,43.334009123162694,1.0643575082269738,-0.8939729031205736,10.955473568307099,-9.208594240183583,0.3998747852432091,-0.33611368976670075,1.5403856566356513,20.16406780849068,-0.02340942318321293,-0.9021076076236368,0.48808920425747593
6,12,0.2,none,2.0,T2_mid,1973,43.19006588950836,2.4408196706853924,-1.7514628232787919,23.268936005586593,-16.70082643248908,0.8493161642039107,-0.6095801647858514,1.5930330193059121,39.96976243807567,-0.04842826298334907,-0.9729982965867608,0.44804865686771417
6,12,0.2,none,2.0,T3_illiquid,1973,43.099847947288396,3.251706497326622,-5.033373289384725,31.922808573716182,-49.39483377987781,1.1651825129406406,-1.8029114329655398,1.6412559101008883,81.317642353594,-0.06710212644484326,-0.9999755269316958,0.324885960466295
6,12,0.3,demean,2.0,T1_liquid,1973,65.33198175367461,0.8992074139687197,-1.4726703771973246,6.972131089798476,-11.431536159866885,0.2544827847776444,-0.4172510698351413,1.4038421045488156,18.40366724966536,-0.02340942318321293,-0.9213788388810077,0.4774455144450076
6,12,0.3,demean,2.0,T2_mid,1973,65.06842372022301,2.135202453028859,-2.891710017230525,15.549170182849643,-21.073792861113734,0.567544711674012,-0.7691934394306512,1.4547783729725243,36.62296304396338,-0.04842826298334907,-0.9871171126543656,0.4287886467308667
6,12,0.3,demean,2.0,T3_illiquid,1973,64.8362899138368,3.105886843107568,-6.427033569108478,24.01117474945134,-49.70191515034477,0.8764078783549739,-1.8141199029875839,1.4865115469060504,73.7130898997961,-0.06710212644484326,-0.9999617745223225,0.2934617334009123
6,12,0.3,none,2.0,T1_liquid,1973,65.33198175367461,0.8992074139687197,-1.4726703771973246,6.972131089798476,-11.431536159866885,0.2544827847776444,-0.4172510698351413,1.4038421045488156,18.40366724966536,-0.02340942318321293,-0.9213788388810077,0.4774455144450076
6,12,0.3,none,2.0,T2_mid,1973,65.06842372022301,2.135202453028859,-2.891710017230525,15.549170182849643,-21.073792861113734,0.567544711674012,-0.7691934394306512,1.4547783729725243,36.62296304396338,-0.04842826298334907,-0.9871171126543656,0.4287886467308667
6,12,0.3,none,2.0,T3_illiquid,1973,64.8362899138368,3.105886843107568,-6.427033569108478,24.01117474945134,-49.70191515034477,0.8764078783549739,-1.8141199029875839,1.4865115469060504,73.7130898997961,-0.06710212644484326,-0.9999617745223225,0.2934617334009123
6,24,0.1,demean,2.0,T1_liquid,1973,21.14749113025849,-0.043940806390150036,-1.0495243976998503,-0.9546701783178493,-22.80495738336938,-0.0348454615086015,-0.8323809444929824,1.6723484939906634,21.850287205051522,-0.01631745436616645,-0.9986368513106801,0.4875823618854536
6,24,0.1,demean,2.0,T2_mid,1973,21.09477952356817,2.2744744461153052,0.2529661672612907,48.50480714774646,5.395139751871512,1.7704254608927459,0.1969226009433102,1.7268817289597826,43.109667395874936,-0.04506233909522083,-0.8960052357230087,0.516979219462747
6,24,0.1,demean,2.0,T3_illiquid,1973,21.056259503294477,2.8518204520509673,-1.5983634264976747,56.12323253570525,-31.46083960308686,2.0484979875532416,-1.1483206455126704,1.7738658368156595,87.58407213879211,-0.0602506754706539,-0.9995841480497198,0.43993917891535733
6,24,0.1,none,2.0,T1_liquid,1973,21.14749113025849,-0.043940806390150036,-1.0495243976998503,-0.9546701783178493,-22.80495738336938,-0.0348454615086015,-0.8323809444929824,1.6723484939906634,21.850287205051522,-0.01631745436616645,-0.9986368513106801,0.4875823618854536
6,24,0.1,none,2.0,T2_mid,1973,21.09477952356817,2.2744744461153052,0.2529661672612907,48.50480714774646,5.395139751871512,1.7704254608927459,0.1969226009433102,1.7268817289597826,43.109667395874936,-0.04506233909522083,-0.8960052357230087,0.516979219462747
6,24,0.1,none,2.0,T3_illiquid,1973,21.056259503294477,2.8518204520509673,-1.5983634264976747,56.12323253570525,-31.46083960308686,2.0484979875532416,-1.1483206455126704,1.7738658368156595,87.58407213879211,-0.0602506754706539,-0.9995841480497198,0.43993917891535733
6,24,0.2,demean,2.0,T1_liquid,1973,43.334009123162694,0.16127788413796101,-1.2926219883023033,2.235958562557624,-17.928109245933058,0.08161248753335328,-0.6543759874765566,1.5403856566356513,20.16406780849068,-0.01631745436616645,-0.9881174689024208,0.4718702483527623
6,24,0.2,demean,2.0,T2_mid,1973,43.19006588950836,1.8947573426908964,-0.9067994357368874,27.032809772988834,-12.936952665086837,0.9866975567140924,-0.47219877227566953,1.5930330193059121,39.96976243807567,-0.04506233909522083,-0.9703476103391891,0.48859604662949824
6,24,0.2,demean,2.0,T3_illiquid,1973,43.099847947288396,3.2007347110144493,-3.0531085631141996,41.594742780063015,-39.722899573530974,1.5182081114723,-1.4498858344338805,1.6412559101008883,81.317642353594,-0.0602506754706539,-0.9998317641463124,0.3831728332488596
6,24,0.2,none,2.0,T1_liquid,1973,43.334009123162694,0.16127788413796101,-1.2926219883023033,2.235958562557624,-17.928109245933058,0.08161248753335328,-0.6543759874765566,1.5403856566356513,20.16406780849068,-0.01631745436616645,-0.9881174689024208,0.4718702483527623
6,24,0.2,none,2.0,T2_mid,1973,43.19006588950836,1.8947573426908964,-0.9067994357368874,27.032809772988834,-12.936952665086837,0.9866975567140924,-0.47219877227566953,1.5930330193059121,39.96976243807567,-0.04506233909522083,-0.9703476103391891,0.48859604662949824
6,24,0.2,none,2.0,T3_illiquid,1973,43.099847947288396,3.2007347110144493,-3.0531085631141996,41.594742780063015,-39.722899573530974,1.5182081114723,-1.4498858344338805,1.6412559101008883,81.317642353594,-0.0602506754706539,-0.9998317641463124,0.3831728332488596
6,24,0.3,demean,2.0,T1_liquid,1973,65.33198175367461,0.01509362335632209,-1.70452749987151,0.1614615314081835,-18.24220571825718,0.005893345896398698,-0.665840508716387,1.4038421045488156,18.40366724966536,-0.01631745436616645,-0.9832929891565236,0.4607197161682717
6,24,0.3,demean,2.0,T2_mid,1973,65.06842372022301,1.9011202375476786,-1.4308598849547896,20.890823660306154,-15.732139383657225,0.7625150636011746,-0.5742230875034887,1.4547783729725243,36.62296304396338,-0.04506233909522083,-0.9748362852910786,0.4668018246325393
6,24,0.3,demean,2.0,T3_illiquid,1973,64.8362899138368,3.0942710378343623,-3.9342901530248198,32.444907553891184,-41.26818234590492,1.1842391257170282,-1.5062886556255295,1.4865115469060504,73.7130898997961,-0.0602506754706539,-0.9998447319320336,0.35428281804358847
6,24,0.3,none,2.0,T1_liquid,1973,65.33198175367461,0.01509362335632209,-1.70452749987151,0.1614615314081835,-18.24220571825718,0.005893345896398698,-0.665840508716387,1.4038421045488156,18.40366724966536,-0.01631745436616645,-0.9832929891565236,0.4607197161682717
6,24,0.3,none,2.0,T2_mid,1973,65.06842372022301,1.9011202375476786,-1.4308598849547896,20.890823660306154,-15.732139383657225,0.7625150636011746,-0.5742230875034887,1.4547783729725243,36.62296304396338,-0.04506233909522083,-0.9748362852910786,0.4668018246325393
6,24,0.3,none,2.0,T3_illiquid,1973,64.8362899138368,3.0942710378343623,-3.9342901530248198,32.444907553891184,-41.26818234590492,1.1842391257170282,-1.5062886556255295,1.4865115469060504,73.7130898997961,-0.0602506754706539,-0.9998447319320336,0.35428281804358847
12,3,0.1,demean,2.0,T1_liquid,1973,21.14749113025849,0.5854857896152749,-1.3550153126999793,4.9303123388679015,-11.412875487834878,0.1799564003686784,-0.416569955305973,1.2484221767419943,16.343187826702778,-0.019703572427301013,-0.9236580151620594,0.4515965534718702
12,3,0.1,demean,2.0,T2_mid,1973,21.09477952356817,2.8086042433778715,-1.1955006644717028,23.25467930505101,-9.901450813211643,0.8487957946343618,-0.36140295468222494,1.3284965991377546,33.15613011826266,-0.06412165166219701,-0.9370267120633735,0.4875823618854536
12,3,0.1,demean,2.0,T3_illiquid,1973,21.056259503294477,3.6245775726916807,-5.76290786519169,26.102397341906517,-41.58216358134548,0.9527375029795879,-1.51774897071911,1.3751154530551388,67.68456092325201,-0.07787576596255488,-0.999787590346812,0.3253928028383173
12,3,0.1,none,2.0,T1_liquid,1973,21.14749113025849,0.5854857896152749,-1.3550153126999793,4.9303123388679015,-11.412875487834878,0.1799564003686784,-0.416569955305973,1.2484221767419943,16.343187826702778,-0.019703572427301013,-0.9236580151620594,0.4515965534718702
12,3,0.1,none,2.0,T2_mid,1973,21.09477952356817,2.8086042433778715,-1.1955006644717028,23.25467930505101,-9.901450813211643,0.8487957946343618,-0.36140295468222494,1.3284965991377546,33.15613011826266,-0.06412165166219701,-0.9370267120633735,0.4875823618854536
12,3,0.1,none,2.0,T3_illiquid,1973,21.056259503294477,3.6245775726916807,-5.76290786519169,26.102397341906517,-41.58216358134548,0.9527375029795879,-1.51774897071911,1.3751154530551388,67.68456092325201,-0.07787576596255488,-0.999787590346812,0.3253928028383173
12,3,0.2,demean,2.0,T1_liquid,1973,43.334009123162694,0.49234457648697955,-2.2507457059939586,2.60225934071092,-11.905145768999189,0.09498246593594858,-0.4345378205684704,1.1053188533888962,14.507405109710108,-0.019703572427301013,-0.9172674310832576,0.4389254941713127
12,3,0.2,demean,2.0,T2_mid,1973,43.19006588950836,2.5835573601348316,-2.8995662714214063,13.88435358466509,-15.582608250047336,0.5067789058402757,-0.5687652011267278,1.173541847104757,29.466961834712425,-0.06412165166219701,-0.9594245189562397,0.4227065382665991
12,3,0.2,demean,2.0,T3_illiquid,1973,43.099847947288396,3.364915461082901,-8.346866902027458,17.16554831107234,-42.6654013249658,0.6265425133541404,-1.5572871483612516,1.2113208362818517,59.83094963603814,-0.07787576596255488,-0.9998063627830087,0.26609224531170805
12,3,0.2,none,2.0,T1_liquid,1973,43.334009123162694,0.49234457648697955,-2.2507457059939586,2.60225934071092,-11.905145768999189,0.09498246593594858,-0.4345378205684704,1.1053188533888962,14.507405109710108,-0.019703572427301013,-0.9172674310832576,0.4389254941713127
12,3,0.2,none,2.0,T2_mid,1973,43.19006588950836,2.5835573601348316,-2.8995662714214063,13.88435358466509,-15.582608250047336,0.5067789058402757,-0.5687652011267278,1.173541847104757,29.466961834712425,-0.06412165166219701,-0.9594245189562397,0.4227065382665991
12,3,0.2,none,2.0,T3_illiquid,1973,43.099847947288396,3.364915461082901,-8.346866902027458,17.16554831107234,-42.6654013249658,0.6265425133541404,-1.5572871483612516,1.2113208362818517,59.83094963603814,-0.07787576596255488,-0.9998063627830087,0.26609224531170805
12,3,0.3,demean,2.0,T1_liquid,1973,65.33198175367461,0.58461573322998,-2.525917027419041,2.4181284096123186,-10.451520399064854,0.08826168695084963,-0.3814804945658672,0.9780515999034197,12.869648808677173,-0.019703572427301013,-0.8804115338537555,0.4267612772427775
12,3,0.3,demean,2.0,T2_mid,1973,65.06741003547897,2.686454431391249,-3.7733308738512474,10.8981197515108,-15.303584328450297,0.39778137093014415,-0.5585808279884358,1.0386838909305305,26.201704079961104,-0.06412165166219701,-0.9542012184317301,0.40192600101368475
12,3,0.3,demean,2.0,T3_illiquid,1973,64.8362899138368,3.49117479450863,-10.01011560909973,13.53986316470733,-39.007758009823114,0.49420500551181756,-1.4237831673585437,1.0629693025678646,52.547621174530455,-0.07787576596255488,-0.9995772586036372,0.23010643689812468
12,3,0.3,none,2.0,T1_liquid,1973,65.33198175367461,0.58461573322998,-2.525917027419041,2.4181284096123186,-10.451520399064854,0.08826168695084963,-0.3814804945658672,0.9780515999034197,12.869648808677173,-0.019703572427301013,-0.8804115338537555,0.4267612772427775
12,3,0.3,none,2.0,T2_mid,1973,65.06741003547897,2.686454431391249,-3.7733308738512474,10.8981197515108,-15.303584328450297,0.39778137093014415,-0.5585808279884358,1.0386838909305305,26.201704079961104,-0.06412165166219701,-0.9542012184317301,0.40192600101368475
12,3,0.3,none,2.0,T3_illiquid,1973,64.8362899138368,3.49117479450863,-10.01011560909973,13.53986316470733,-39.007758009823114,0.49420500551181756,-1.4237831673585437,1.0629693025678646,52.547621174530455,-0.07787576596255488,-0.9995772586036372,0.23010643689812468
12,6,0.1,demean,2.0,T1_liquid,1973,21.14749113025849,0.21764161003752985,-1.0831851891651456,2.734032260445503,-13.609155566257275,0.09979217750626086,-0.49673417816839055,1.2484221767419943,16.343187826702778,-0.029262374444045454,-0.9684038557921779,0.4678155093765839
12,6,0.1,demean,2.0,T2_mid,1973,21.09477952356817,2.4267422591527166,-0.3557585752138193,28.91399085902774,-4.242139259234914,1.0553606663545125,-0.15483808296207438,1.3284965991377546,33.15613011826266,-0.06763155554981104,-0.9487788011138174,0.5093765838824126
12,6,0.1,demean,2.0,T3_illiquid,1973,21.056259503294477,3.3473312095587437,-2.80848554133688,36.79790257838389,-30.886658344868113,1.3431234441110118,-1.1273630295876862,1.3751154530551388,67.68456092325201,-0.08400503662056404,-0.9989316463086577,0.39533705017739484
12,6,0.1,none,2.0,T1_liquid,1973,21.14749113025849,0.21764161003752985,-1.0831851891651456,2.734032260445503,-13.609155566257275,0.09979217750626086,-0.49673417816839055,1.2484221767419943,16.343187826702778,-0.029262374444045454,-0.9684038557921779,0.4678155093765839
12,6,0.1,none,2.0,T2_mid,1973,21.09477952356817,2.4267422591527166,-0.3557585752138193,28.91399085902774,-4.242139259234914,1.0553606663545125,-0.15483808296207438,1.3284965991377546,33.15613011826266,-0.06763155554981104,-0.9487788011138174,0.5093765838824126
12,6,0.1,none,2.0,T3_illiquid,1973,21.056259503294477,3.3473312095587437,-2.80848554133688,36.79790257838389,-30.886658344868113,1.3431234441110118,-1.1273630295876862,1.3751154530551388,67.68456092325201,-0.08400503662056404,-0.9989316463086577,0.39533705017739484
12,6,0.2,demean,2.0,T1_liquid,1973,43.334009123162694,0.48761216555428377,-1.3684126915227417,3.810124593404002,-10.697280516306108,0.13906954765924606,-0.39045073884517295,1.1053188533888962,14.507405109710108,-0.029262374444045454,-0.9129733173946101,0.4744044602128738
12,6,0.2,demean,2.0,T2_mid,1973,43.19006588950836,2.216184695834808,-1.6648827366155987,16.822198934827256,-12.644762899885169,0.6140102611211948,-0.4615338458458087,1.173541847104757,29.466961834712425,-0.06763155554981104,-0.9473661698456401,0.46578813988849466
12,6,0.2,demean,2.0,T3_illiquid,1973,43.099847947288396,3.2064350251630724,-4.585349975239843,24.614263441638432,-35.2166861943997,0.8984206156198028,-1.2854090460955891,1.2113208362818517,59.83094963603814,-0.08400503662056404,-0.9994026926410632,0.3446528129751647
12,6,0.2,none,2.0,T1_liquid,1973,43.334009123162694,0.48761216555428377,-1.3684126915227417,3.810124593404002,-10.697280516306108,0.13906954765924606,-0.39045073884517295,1.1053188533888962,14.507405109710108,-0.029262374444045454,-0.9129733173946101,0.4744044602128738
12,6,0.2,none,2.0,T2_mid,1973,43.19006588950836,2.216184695834808,-1.6648827366155987,16.822198934827256,-12.644762899885169,0.6140102611211948,-0.4615338458458087,1.173541847104757,29.466961834712425,-0.06763155554981104,-0.9473661698456401,0.46578813988849466
12,6,0.2,none,2.0,T3_illiquid,1973,43.099847947288396,3.2064350251630724,-4.585349975239843,24.614263441638432,-35.2166861943997,0.8984206156198028,-1.2854090460955891,1.2113208362818517,59.83094963603814,-0.08400503662056404,-0.9994026926410632,0.3446528129751647
12,6,0.3,demean,2.0,T1_liquid,1973,65.33198175367461,0.6571789094863666,-1.4823035944180794,3.9526062340742976,-8.917042574602874,0.14427012754371188,-0.3254720539730049,0.9780515999034197,12.869648808677173,-0.029262374444045454,-0.8594150056908503,0.46274708565636086
12,6,0.3,demean,2.0,T2_mid,1973,65.06741003547897,2.1205486579019395,-2.315565299570455,12.520431754442841,-13.681272325518258,0.4569957590371637,-0.4993664398814164,1.0386838909305305,26.201704079961104,-0.06763155554981104,-0.9425276076532847,0.4455144450076026
12,6,0.3,demean,2.0,T3_illiquid,1973,64.8362899138368,3.2816899381123332,-5.905592599011652,18.76758757714755,-33.7800335973829,0.6850169465658856,-1.2329712263044756,1.0629693025678646,52.547621174530455,-0.08400503662056404,-0.9989174671756572,0.31829700963000507
12,6,0.3,none,2.0,T1_liquid,1973,65.33198175367461,0.6571789094863666,-1.4823035944180794,3.9526062340742976,-8.917042574602874,0.14427012754371188,-0.3254720539730049,0.9780515999034197,12.869648808677173,-0.029262374444045454,-0.8594150056908503,0.46274708565636086
12,6,0.3,none,2.0,T2_mid,1973,65.06741003547897,2.1205486579019395,-2.315565299570455,12.520431754442841,-13.681272325518258,0.4569957590371637,-0.4993664398814164,1.0386838909305305,26.201704079961104,-0.06763155554981104,-0.9425276076532847,0.4455144450076026
12,6,0.3,none,2.0,T3_illiquid,1973,64.8362899138368,3.2816899381123332,-5.905592599011652,18.76758757714755,-33.7800335973829,0.6850169465658856,-1.2329712263044756,1.0629693025678646,52.547621174530455,-0.08400503662056404,-0.9989174671756572,0.31829700963000507
12,12,0.1,demean,2.0,T1_liquid,1973,21.14749113025849,-0.29796325970453097,-1.2834606001119078,-4.941020827070628,-21.284208653773412,-0.18034726018807792,-0.7768736158627295,1.2484221767419943,16.343187826702778,-0.02565749877290502,-0.9970680107016107,0.4744044602128738
12,12,0.1,demean,2.0,T2_mid,1973,21.09477952356817,2.6989057984411526,0.573015641414435,42.097816047249715,8.94168592898706,1.5365702857246146,0.3263715364080277,1.3284965991377546,33.15613011826266,-0.0637244785562878,-0.9097998696578051,0.518499746578814
12,12,0.1,demean,2.0,T3_illiquid,1973,21.056259503294477,3.06521397043364,-1.3468604253869703,47.02964498250262,-20.65491594074939,1.7165820418613456,-0.7539044318373528,1.3751154530551388,67.68456092325201,-0.07468827714224868,-0.996595391042957,0.4303091738469336
12,12,0.1,none,2.0,T1_liquid,1973,21.14749113025849,-0.29796325970453097,-1.2834606001119078,-4.941020827070628,-21.284208653773412,-0.18034726018807792,-0.7768736158627295,1.2484221767419943,16.343187826702778,-0.02565749877290502,-0.9970680107016107,0.4744044602128738
12,12,0.1,none,2.0,T2_mid,1973,21.09477952356817,2.6989057984411526,0.573015641414435,42.097816047249715,8.94168592898706,1.5365702857246146,0.3263715364080277,1.3284965991377546,33.15613011826266,-0.0637244785562878,-0.9097998696578051,0.518499746578814
12,12,0.1,none,2.0,T3_illiquid,1973,21.056259503294477,3.06521397043364,-1.3468604253869703,47.02964498250262,-20.65491594074939,1.7165820418613456,-0.7539044318373528,1.3751154530551388,67.68456092325201,-0.07468827714224868,-0.996595391042957,0.4303091738469336
12,12,0.2,demean,2.0,T1_liquid,1973,43.334009123162694,0.13840778346519358,-1.2508808236439801,1.445057738763649,-13.06234737094646,0.05274460746487318,-0.4767756790395458,1.1053188533888962,14.507405109710108,-0.02565749877290502,-0.96588746458532,0.4835276229092752
12,12,0.2,demean,2.0,T2_mid,1973,43.19006588950836,2.618472094294793,-0.3398022070580693,26.081407290931253,-3.3855545437811725,0.9519713661189908,-0.1235727408480128,1.173541847104757,29.466961834712425,-0.0637244785562878,-0.9028209135044916,0.49771920932589964
12,12,0.2,demean,2.0,T3_illiquid,1973,43.099847947288396,2.997962145825008,-2.6378841822996626,31.833948681071618,-27.99700095496653,1.161939126859114,-1.0218905348562783,1.2113208362818517,59.83094963603814,-0.07468827714224868,-0.998420182071417,0.3831728332488596
12,12,0.2,none,2.0,T1_liquid,1973,43.334009123162694,0.13840778346519358,-1.2508808236439801,1.445057738763649,-13.06234737094646,0.05274460746487318,-0.4767756790395458,1.1053188533888962,14.507405109710108,-0.02565749877290502,-0.96588746458532,0.4835276229092752
12,12,0.2,none,2.0,T2_mid,1973,43.19006588950836,2.618472094294793,-0.3398022070580693,26.081407290931253,-3.3855545437811725,0.9519713661189908,-0.1235727408480128,1.173541847104757,29.466961834712425,-0.0637244785562878,-0.9028209135044916,0.49771920932589964
12,12,0.2,none,2.0,T3_illiquid,1973,43.099847947288396,2.997962145825008,-2.6378841822996626,31.833948681071618,-27.99700095496653,1.161939126859114,-1.0218905348562783,1.2113208362818517,59.83094963603814,-0.07468827714224868,-0.998420182071417,0.3831728332488596
12,12,0.3,demean,2.0,T1_liquid,1973,65.33198175367461,0.26871666571255665,-1.3422136994062699,2.146667119376056,-10.722981689301117,0.07835334985722604,-0.39138883165949073,0.9780515999034197,12.869648808677173,-0.02565749877290502,-0.9278511227321291,0.476431829700963
12,12,0.3,demean,2.0,T2_mid,1973,65.06741003547897,2.5175417744928428,-0.8670102753711322,19.48946184855309,-6.712242231408006,0.7113653574721879,-0.24499684144639225,1.0386838909305305,26.201704079961104,-0.0637244785562878,-0.9046337114840874,0.4703497212366954
12,12,0.3,demean,2.0,T3_illiquid,1973,64.8362899138368,2.8982583378472473,-3.527791982215995,23.716711491237962,-28.83090968329248,0.8656599694301856,-1.0523282034401755,1.0629693025678646,52.547621174530455,-0.07468827714224868,-0.9977582018576944,0.3684744044602129
12,12,0.3,none,2.0,T1_liquid,1973,65.33198175367461,0.26871666571255665,-1.3422136994062699,2.146667119376056,-10.722981689301117,0.07835334985722604,-0.39138883165949073,0.9780515999034197,12.869648808677173,-0.02565749877290502,-0.9278511227321291,0.476431829700963
12,12,0.3,none,2.0,T2_mid,1973,65.06741003547897,2.5175417744928428,-0.8670102753711322,19.48946184855309,-6.712242231408006,0.7113653574721879,-0.24499684144639225,1.0386838909305305,26.201704079961104,-0.0637244785562878,-0.9046337114840874,0.4703497212366954
12,12,0.3,none,2.0,T3_illiquid,1973,64.8362899138368,2.8982583378472473,-3.527791982215995,23.716711491237962,-28.83090968329248,0.8656599694301856,-1.0523282034401755,1.0629693025678646,52.547621174530455,-0.07468827714224868,-0.9977582018576944,0.3684744044602129
12,24,0.1,demean,2.0,T1_liquid,1973,21.14749113025849,-1.1740886399434143,-1.857193342373689,-28.085016778127123,-44.4282046048299,-1.02510311240164,-1.6216294680762915,1.2484221767419943,16.343187826702778,-0.019038722255718708,-0.9999916808010826,0.46578813988849466
12,24,0.1,demean,2.0,T2_mid,1973,21.09477952356817,2.4895778645611792,0.9937481258389743,55.19865003793066,22.042519919668,2.0147507263844693,0.804551977067882,1.3284965991377546,33.15613011826266,-0.06114191919572248,-0.8398752752305876,0.5397871262037507
12,24,0.1,demean,2.0,T3_illiquid,1973,21.056259503294477,2.6648861534142765,-0.6828255641585528,53.87634963456943,-13.808211288682568,1.9664867616617843,-0.5039997120369137,1.3751154530551388,67.68456092325201,-0.06877879175484623,-0.997677533221726,0.4642676127724278
12,24,0.1,none,2.0,T1_liquid,1973,21.14749113025849,-1.1740886399434143,-1.857193342373689,-28.085016778127123,-44.4282046048299,-1.02510311240164,-1.6216294680762915,1.2484221767419943,16.343187826702778,-0.019038722255718708,-0.9999916808010826,0.46578813988849466
12,24,0.1,none,2.0,T2_mid,1973,21.09477952356817,2.4895778645611792,0.9937481258389743,55.19865003793066,22.042519919668,2.0147507263844693,0.804551977067882,1.3284965991377546,33.15613011826266,-0.06114191919572248,-0.8398752752305876,0.5397871262037507
12,24,0.1,none,2.0,T3_illiquid,1973,21.056259503294477,2.6648861534142765,-0.6828255641585528,53.87634963456943,-13.808211288682568,1.9664867616617843,-0.5039997120369137,1.3751154530551388,67.68456092325201,-0.06877879175484623,-0.997677533221726,0.4642676127724278
12,24,0.2,demean,2.0,T1_liquid,1973,43.334009123162694,-0.8378675480355261,-1.814294733636675,-12.446908523688702,-26.95431363339881,-0.4543121611146376,-0.9838324476190566,1.1053188533888962,14.507405109710108,-0.019038722255718708,-0.9984907552566621,0.45869234668018244
12,24,0.2,demean,2.0,T2_mid,1973,43.19006588950836,2.442656078513038,0.49170168080167564,36.89144224230049,7.42448040758807,1.346537641843968,0.27099353487696454,1.173541847104757,29.466961834712425,-0.06114191919572248,-0.7429666384692806,0.523568170299037
12,24,0.2,demean,2.0,T3_illiquid,1973,43.099847947288396,3.1502247871920845,-1.2319468373390658,43.01162356783478,-16.819326068203345,1.5699242602259698,-0.6139054014894221,1.2113208362818517,59.83094963603814,-0.06877879175484623,-0.9959497232659172,0.4287886467308667
12,24,0.2,none,2.0,T1_liquid,1973,43.334009123162694,-0.8378675480355261,-1.814294733636675,-12.446908523688702,-26.95431363339881,-0.4543121611146376,-0.9838324476190566,1.1053188533888962,14.507405109710108,-0.019038722255718708,-0.9984907552566621,0.45869234668018244
12,24,0.2,none,2.0,T2_mid,1973,43.19006588950836,2.442656078513038,0.49170168080167564,36.89144224230049,7.42448040758807,1.346537641843968,0.27099353487696454,1.173541847104757,29.466961834712425,-0.06114191919572248,-0.7429666384692806,0.523568170299037
12,24,0.2,none,2.0,T3_illiquid,1973,43.099847947288396,3.1502247871920845,-1.2319468373390658,43.01162356783478,-16.819326068203345,1.5699242602259698,-0.6139054014894221,1.2113208362818517,59.83094963603814,-0.06877879175484623,-0.9959497232659172,0.4287886467308667
12,24,0.3,demean,2.0,T1_liquid,1973,65.33198175367461,-0.6816473172900306,-1.8140070892988338,-7.746802518053198,-20.616451326730367,-0.28275829190894175,-0.7525004734256584,0.9780515999034197,12.869648808677173,-0.019038722255718708,-0.9920938085089618,0.46274708565636086
12,24,0.3,demean,2.0,T2_mid,1973,65.06741003547897,2.3931033627651273,0.14506587172586485,27.892208973717388,1.6905048937562903,1.0180656275406847,0.0617034286221046,1.0386838909305305,26.201704079961104,-0.06114191919572248,-0.6565615004513083,0.5068423720223011
12,24,0.3,demean,2.0,T3_illiquid,1973,64.8362899138368,3.009617637718636,-1.6944376669579486,33.623660785893854,-18.92396038863659,1.2272636186851258,-0.6907245541852355,1.0629693025678646,52.547621174530455,-0.06877879175484623,-0.9939314551733855,0.40902179422199697
12,24,0.3,none,2.0,T1_liquid,1973,65.33198175367461,-0.6816473172900306,-1.8140070892988338,-7.746802518053198,-20.616451326730367,-0.28275829190894175,-0.7525004734256584,0.9780515999034197,12.869648808677173,-0.019038722255718708,-0.9920938085089618,0.46274708565636086
12,24,0.3,none,2.0,T2_mid,1973,65.06741003547897,2.3931033627651273,0.14506587172586485,27.892208973717388,1.6905048937562903,1.0180656275406847,0.0617034286221046,1.0386838909305305,26.201704079961104,-0.06114191919572248,-0.6565615004513083,0.5068423720223011
12,24,0.3,none,2.0,T3_illiquid,1973,64.8362899138368,3.009617637718636,-1.6944376669579486,33.623660785893854,-18.92396038863659,1.2272636186851258,-0.6907245541852355,1.0629693025678646,52.547621174530455,-0.06877879175484623,-0.9939314551733855,0.40902179422199697
24,3,0.1,demean,2.0,T1_liquid,1973,21.14749113025849,0.8607508198250536,-0.4982418915706832,7.644519213705486,-4.425363162182973,0.27902495130025023,-0.1615257554196785,0.9200343273328575,12.069882375888458,-0.027195961486393822,-0.8065364259279422,0.49163710086163204
24,3,0.1,demean,2.0,T2_mid,1973,21.09477952356817,2.4573803874149354,-0.6339210048244688,20.26096230487169,-5.227617039701063,0.7395251241278167,-0.1908080219490888,1.0226237706090722,25.488579344572752,-0.07062162657700909,-0.8816102571969128,0.48910288900152055
24,3,0.1,demean,2.0,T3_illiquid,1973,21.056259503294477,3.418730028346197,-4.184679630370953,23.87477453206214,-29.178494705317586,0.8714292704202682,-1.065015056744092,1.081826487135661,53.05326923737972,-0.07212852952604715,-0.9980149033393666,0.3684744044602129
24,3,0.1,none,2.0,T1_liquid,1973,21.14749113025849,0.8607508198250536,-0.4982418915706832,7.644519213705486,-4.425363162182973,0.27902495130025023,-0.1615257554196785,0.9200343273328575,12.069882375888458,-0.027195961486393822,-0.8065364259279422,0.49163710086163204
24,3,0.1,none,2.0,T2_mid,1973,21.09477952356817,2.4573803874149354,-0.6339210048244688,20.26096230487169,-5.227617039701063,0.7395251241278167,-0.1908080219490888,1.0226237706090722,25.488579344572752,-0.07062162657700909,-0.8816102571969128,0.48910288900152055
24,3,0.1,none,2.0,T3_illiquid,1973,21.056259503294477,3.418730028346197,-4.184679630370953,23.87477453206214,-29.178494705317586,0.8714292704202682,-1.065015056744092,1.081826487135661,53.05326923737972,-0.07212852952604715,-0.9980149033393666,0.3684744044602129
24,3,0.2,demean,2.0,T1_liquid,1973,43.334009123162694,0.7575930038877632,-1.1341265506148013,4.219628610704272,-6.317036101450103,0.15401644429070593,-0.23057181770292876,0.8000146656119693,10.536664712154375,-0.027195961486393822,-0.7768840782954082,0.4683223517486062
24,3,0.2,demean,2.0,T2_mid,1973,43.19006588950836,2.924902671721643,-1.2985543568097853,15.316143416054043,-6.80493006831926,0.5590392346859726,-0.24837994749365297,0.8801810242694774,22.1210734843733,-0.07062162657700909,-0.8669699250140023,0.4698428788646731
24,3,0.2,demean,2.0,T3_illiquid,1973,43.099847947288396,3.4671364358920735,-5.64994401163535,17.284513899179014,-28.102392842082295,0.630884757320034,-1.0257373387360038,0.9224833776025668,45.386906741261306,-0.07212852952604715,-0.9967719958258263,0.31779016725798276
24,3,0.2,none,2.0,T1_liquid,1973,43.334009123162694,0.7575930038877632,-1.1341265506148013,4.219628610704272,-6.317036101450103,0.15401644429070593,-0.23057181770292876,0.8000146656119693,10.536664712154375,-0.027195961486393822,-0.7768840782954082,0.4683223517486062
24,3,0.2,none,2.0,T2_mid,1973,43.19006588950836,2.924902671721643,-1.2985543568097853,15.316143416054043,-6.80493006831926,0.5590392346859726,-0.24837994749365297,0.8801810242694774,22.1210734843733,-0.07062162657700909,-0.8669699250140023,0.4698428788646731
24,3,0.2,none,2.0,T3_illiquid,1973,43.099847947288396,3.4671364358920735,-5.64994401163535,17.284513899179014,-28.102392842082295,0.630884757320034,-1.0257373387360038,0.9224833776025668,45.386906741261306,-0.07212852952604715,-0.9967719958258263,0.31779016725798276
24,3,0.3,demean,2.0,T1_liquid,1973,65.33198175367461,0.5233208263773549,-1.6527045123878976,2.225512576869606,-7.026450641089863,0.08123120905574062,-0.25646544839977997,0.6998717150308769,9.251963217959467,-0.027195961486393822,-0.7880563807915882,0.461226558540294
24,3,0.3,demean,2.0,T2_mid,1973,65.06538266599088,2.7733062597498526,-1.9869668266236113,11.344989556313458,-8.135286541165302,0.4140921188054412,-0.29693795875253354,0.7700057021215713,19.480276097478765,-0.07062162657700909,-0.8512705067225073,0.45362392295995946
24,3,0.3,demean,2.0,T3_illiquid,1973,64.8362899138368,3.6547181412916405,-6.540767477269817,14.092647656830165,-25.298934488968687,0.514381639474301,-0.923411108847357,0.7998306606940775,39.39158214579885,-0.07212852952604715,-0.9941688704310888,0.30410542321338063
24,3,0.3,none,2.0,T1_liquid,1973,65.33198175367461,0.5233208263773549,-1.6527045123878976,2.225512576869606,-7.026450641089863,0.08123120905574062,-0.25646544839977997,0.6998717150308769,9.251963217959467,-0.027195961486393822,-0.7880563807915882,0.461226558540294
24,3,0.3,none,2.0,T2_mid,1973,65.06538266599088,2.7733062597498526,-1.9869668266236113,11.344989556313458,-8.135286541165302,0.4140921188054412,-0.29693795875253354,0.7700057021215713,19.480276097478765,-0.07062162657700909,-0.8512705067225073,0.45362392295995946
24,3,0.3,none,2.0,T3_illiquid,1973,64.8362899138368,3.6547181412916405,-6.540767477269817,14.092647656830165,-25.298934488968687,0.514381639474301,-0.923411108847357,0.7998306606940775,39.39158214579885,-0.07212852952604715,-0.9941688704310888,0.30410542321338063
24,6,0.1,demean,2.0,T1_liquid,1973,21.14749113025849,-0.02692388202907236,-0.9551914510747789,-0.350026464434524,-12.419908840322982,-0.012775965951860126,-0.45332667267178883,0.9200343273328575,12.069882375888458,-0.03239910399498512,-0.9721327892491316,0.49771920932589964
24,6,0.1,demean,2.0,T2_mid,1973,21.09477952356817,1.8044747984500764,-0.33889487350049163,21.45777742072361,-4.030801923849155,0.7832088758564116,-0.14712427022049415,1.0226237706090722,25.488579344572752,-0.07552331356760983,-0.8946307803452663,0.5210339584389255
24,6,0.1,demean,2.0,T3_illiquid,1973,21.056259503294477,3.166331143686858,-1.962476724451093,32.75620254869125,-20.297066688688478,1.1956013930272307,-0.7408429341371295,1.081826487135661,53.05326923737972,-0.07957377562787775,-0.9930054125380644,0.4358844399391789
24,6,0.1,none,2.0,T1_liquid,1973,21.14749113025849,-0.02692388202907236,-0.9551914510747789,-0.350026464434524,-12.419908840322982,-0.012775965951860126,-0.45332667267178883,0.9200343273328575,12.069882375888458,-0.03239910399498512,-0.9721327892491316,0.49771920932589964
24,6,0.1,none,2.0,T2_mid,1973,21.09477952356817,1.8044747984500764,-0.33889487350049163,21.45777742072361,-4.030801923849155,0.7832088758564116,-0.14712427022049415,1.0226237706090722,25.488579344572752,-0.07552331356760983,-0.8946307803452663,0.5210339584389255
24,6,0.1,none,2.0,T3_illiquid,1973,21.056259503294477,3.166331143686858,-1.962476724451093,32.75620254869125,-20.297066688688478,1.1956013930272307,-0.7408429341371295,1.081826487135661,53.05326923737972,-0.07957377562787775,-0.9930054125380644,0.4358844399391789
24,6,0.2,demean,2.0,T1_liquid,1973,43.334009123162694,-0.07481346286495959,-1.3586900202833205,-0.6140065331983239,-11.150671245352697,-0.02241123846173882,-0.4069995004553734,0.8000146656119693,10.536664712154375,-0.03239910399498512,-0.9335885690544415,0.47136340598074
24,6,0.2,demean,2.0,T2_mid,1973,43.19006588950836,2.310027484257882,-0.6575721693299558,17.21911475233205,-4.901958732041254,0.6284976884601199,-0.17892149371950575,0.8801810242694774,22.1210734843733,-0.07552331356760983,-0.825484121284241,0.49923973644196656
24,6,0.2,demean,2.0,T3_illiquid,1973,43.099847947288396,3.290704191377716,-3.122395842701446,23.30451487260273,-22.082391868658576,0.8506147928499997,-0.8060073032060381,0.9224833776025668,45.386906741261306,-0.07957377562787775,-0.9923584857055466,0.39178915357323874
24,6,0.2,none,2.0,T1_liquid,1973,43.334009123162694,-0.07481346286495959,-1.3586900202833205,-0.6140065331983239,-11.150671245352697,-0.02241123846173882,-0.4069995004553734,0.8000146656119693,10.536664712154375,-0.03239910399498512,-0.9335885690544415,0.47136340598074
24,6,0.2,none,2.0,T2_mid,1973,43.19006588950836,2.310027484257882,-0.6575721693299558,17.21911475233205,-4.901958732041254,0.6284976884601199,-0.17892149371950575,0.8801810242694774,22.1210734843733,-0.07552331356760983,-0.825484121284241,0.49923973644196656
24,6,0.2,none,2.0,T3_illiquid,1973,43.099847947288396,3.290704191377716,-3.122395842701446,23.30451487260273,-22.082391868658576,0.8506147928499997,-0.8060073032060381,0.9224833776025668,45.386906741261306,-0.07957377562787775,-0.9923584857055466,0.39178915357323874
24,6,0.3,demean,2.0,T1_liquid,1973,65.33198175367461,-0.10608038040974721,-1.5884517597875436,-0.6619992994522031,-9.913962517411669,-0.024162974430005413,-0.3618596318855259,0.6998717150308769,9.251963217959467,-0.03239910399498512,-0.8972985652418599,0.4673086670045616
24,6,0.3,demean,2.0,T2_mid,1973,65.06538266599088,2.1913266960941917,-1.1517822342221633,12.765835253149584,-6.714440844329179,0.46595298673995983,-0.24507709081801504,0.7700057021215713,19.480276097478765,-0.07552331356760983,-0.8238616133356029,0.4804865686771414
24,6,0.3,demean,2.0,T3_illiquid,1973,64.8362899138368,3.521482112273614,-3.465276877519178,19.823239820998687,-19.56834232480016,0.723548253466452,-0.7142444948552058,0.7998306606940775,39.39158214579885,-0.07957377562787775,-0.9854425302410387,0.37911809427268117
24,6,0.3,none,2.0,T1_liquid,1973,65.33198175367461,-0.10608038040974721,-1.5884517597875436,-0.6619992994522031,-9.913962517411669,-0.024162974430005413,-0.3618596318855259,0.6998717150308769,9.251963217959467,-0.03239910399498512,-0.8972985652418599,0.4673086670045616
24,6,0.3,none,2.0,T2_mid,1973,65.06538266599088,2.1913266960941917,-1.1517822342221633,12.765835253149584,-6.714440844329179,0.46595298673995983,-0.24507709081801504,0.7700057021215713,19.480276097478765,-0.07552331356760983,-0.8238616133356029,0.4804865686771414
24,6,0.3,none,2.0,T3_illiquid,1973,64.8362899138368,3.521482112273614,-3.465276877519178,19.823239820998687,-19.56834232480016,0.723548253466452,-0.7142444948552058,0.7998306606940775,39.39158214579885,-0.07957377562787775,-0.9854425302410387,0.37911809427268117
24,12,0.1,demean,2.0,T1_liquid,1973,21.14749113025849,-0.8460737220159793,-1.5185624033236564,-15.186391244818806,-27.256273620707265,-0.5543032804358864,-0.9948539871558152,0.9200343273328575,12.069882375888458,-0.02827928399612501,-0.9993588527630008,0.48504815002534213
24,12,0.1,demean,2.0,T2_mid,1973,21.09477952356817,1.6240101952894377,-0.0006582294375419691,25.47825743180108,-0.010321912771672593,0.9299563962607393,-0.00037674981616604963,1.0226237706090722,25.488579344572752,-0.07365044731107116,-0.8557161504707292,0.5296502787633046
24,12,0.1,demean,2.0,T3_illiquid,1973,21.056259503294477,3.146834696514343,-0.4798853593214706,46.031853118122385,-7.021416119257342,1.680162638811467,-0.256281688352893,1.081826487135661,53.05326923737972,-0.0744032144280051,-0.9870385852412247,0.48251393816523064
24,12,0.1,none,2.0,T1_liquid,1973,21.14749113025849,-0.8460737220159793,-1.5185624033236564,-15.186391244818806,-27.256273620707265,-0.5543032804358864,-0.9948539871558152,0.9200343273328575,12.069882375888458,-0.02827928399612501,-0.9993588527630008,0.48504815002534213
24,12,0.1,none,2.0,T2_mid,1973,21.09477952356817,1.6240101952894377,-0.0006582294375419691,25.47825743180108,-0.010321912771672593,0.9299563962607393,-0.00037674981616604963,1.0226237706090722,25.488579344572752,-0.07365044731107116,-0.8557161504707292,0.5296502787633046
24,12,0.1,none,2.0,T3_illiquid,1973,21.056259503294477,3.146834696514343,-0.4798853593214706,46.031853118122385,-7.021416119257342,1.680162638811467,-0.256281688352893,1.081826487135661,53.05326923737972,-0.0744032144280051,-0.9870385852412247,0.48251393816523064
24,12,0.2,demean,2.0,T1_liquid,1973,43.334009123162694,-0.948842184165532,-1.8719192059576217,-10.828287412623734,-21.36495212477811,-0.3952324905607663,-0.779820752554401,0.8000146656119693,10.536664712154375,-0.02827928399612501,-0.9944148136986449,0.4703497212366954
24,12,0.2,demean,2.0,T2_mid,1973,43.19006588950836,2.102091417122816,-0.04078158977803817,21.699969159730795,-0.42110432464250785,0.792048874330174,-0.015370307849451537,0.8801810242694774,22.1210734843733,-0.07365044731107116,-0.7307689943812171,0.5108971109984795
24,12,0.2,demean,2.0,T3_illiquid,1973,43.099847947288396,3.0332884248958325,-1.4543552891707672,30.68258644955433,-14.704320291706983,1.1199144054087329,-0.5367076906473048,0.9224833776025668,45.386906741261306,-0.0744032144280051,-0.9843926576825365,0.434363912823112
24,12,0.2,none,2.0,T1_liquid,1973,43.334009123162694,-0.948842184165532,-1.8719192059576217,-10.828287412623734,-21.36495212477811,-0.3952324905607663,-0.779820752554401,0.8000146656119693,10.536664712154375,-0.02827928399612501,-0.9944148136986449,0.4703497212366954
24,12,0.2,none,2.0,T2_mid,1973,43.19006588950836,2.102091417122816,-0.04078158977803817,21.699969159730795,-0.42110432464250785,0.792048874330174,-0.015370307849451537,0.8801810242694774,22.1210734843733,-0.07365044731107116,-0.7307689943812171,0.5108971109984795
24,12,0.2,none,2.0,T3_illiquid,1973,43.099847947288396,3.0332884248958325,-1.4543552891707672,30.68258644955433,-14.704320291706983,1.1199144054087329,-0.5367076906473048,0.9224833776025668,45.386906741261306,-0.0744032144280051,-0.9843926576825365,0.434363912823112
24,12,0.3,demean,2.0,T1_liquid,1973,65.33198175367461,-0.8134548918074151,-1.894733831582572,-6.958612636530635,-16.210575854490106,-0.2539893612333682,-0.5916860186888888,0.6998717150308769,9.251963217959467,-0.02827928399612501,-0.9773023045989206,0.4703497212366954
24,12,0.3,demean,2.0,T2_mid,1973,65.06538266599088,2.2607627147051965,-0.19102038199222948,17.961941774100666,-1.5183343233780966,0.6556108747546743,-0.055419202803300524,0.7700057021215713,19.480276097478765,-0.07365044731107116,-0.6804704870940973,0.5048150025342119
24,12,0.3,demean,2.0,T3_illiquid,1973,64.8362899138368,3.381451613215909,-1.6253340736347746,26.59610401582628,-12.795478129972574,0.9707577965776593,-0.46703495174399895,0.7998306606940775,39.39158214579885,-0.0744032144280051,-0.9757660425013774,0.4287886467308667
24,12,0.3,none,2.0,T1_liquid,1973,65.33198175367461,-0.8134548918074151,-1.894733831582572,-6.958612636530635,-16.210575854490106,-0.2539893612333682,-0.5916860186888888,0.6998717150308769,9.251963217959467,-0.02827928399612501,-0.9773023045989206,0.4703497212366954
24,12,0.3,none,2.0,T2_mid,1973,65.06538266599088,2.2607627147051965,-0.19102038199222948,17.961941774100666,-1.5183343233780966,0.6556108747546743,-0.055419202803300524,0.7700057021215713,19.480276097478765,-0.07365044731107116,-0.6804704870940973,0.5048150025342119
24,12,0.3,none,2.0,T3_illiquid,1973,64.8362899138368,3.381451613215909,-1.6253340736347746,26.59610401582628,-12.795478129972574,0.9707577965776593,-0.46703495174399895,0.7998306606940775,39.39158214579885,-0.0744032144280051,-0.9757660425013774,0.4287886467308667
24,24,0.1,demean,2.0,T1_liquid,1973,21.14749113025849,-1.491944118882506,-1.997667836386076,-35.60119350852714,-47.6710758844156,-1.2994435630612406,-1.7399942697811694,0.9200343273328575,12.069882375888458,-0.022013952665823712,-0.9999956570275386,0.48200709579320833
24,24,0.1,demean,2.0,T2_mid,1973,21.09477952356817,0.8901837202874197,-0.19316130096876283,20.944214608573606,-4.544364735999148,0.7644638332129365,-0.1658693128639689,1.0226237706090722,25.488579344572752,-0.06462258728537151,-0.9898482223895294,0.5255955397871263
24,24,0.1,demean,2.0,T3_illiquid,1973,21.056259503294477,2.388300882574652,-0.3288569739435362,46.63105146187202,-6.422217775507706,1.7020333783583288,-0.23441094880603128,1.081826487135661,53.05326923737972,-0.06440409293298356,-0.9955282328210093,0.48200709579320833
24,24,0.1,none,2.0,T1_liquid,1973,21.14749113025849,-1.491944118882506,-1.997667836386076,-35.60119350852714,-47.6710758844156,-1.2994435630612406,-1.7399942697811694,0.9200343273328575,12.069882375888458,-0.022013952665823712,-0.9999956570275386,0.48200709579320833
24,24,0.1,none,2.0,T2_mid,1973,21.09477952356817,0.8901837202874197,-0.19316130096876283,20.944214608573606,-4.544364735999148,0.7644638332129365,-0.1658693128639689,1.0226237706090722,25.488579344572752,-0.06462258728537151,-0.9898482223895294,0.5255955397871263
24,24,0.1,none,2.0,T3_illiquid,1973,21.056259503294477,2.388300882574652,-0.3288569739435362,46.63105146187202,-6.422217775507706,1.7020333783583288,-0.23441094880603128,1.081826487135661,53.05326923737972,-0.06440409293298356,-0.9955282328210093,0.48200709579320833
24,24,0.2,demean,2.0,T1_liquid,1973,43.334009123162694,-1.6410287462037012,-2.311006599832992,-25.790805035666775,-36.327469747821155,-0.9413643838018373,-1.3259526457954722,0.8000146656119693,10.536664712154375,-0.022013952665823712,-0.9998124295591764,0.46021287379624937
24,24,0.2,demean,2.0,T2_mid,1973,43.19006588950836,1.369313259675755,-0.0779315469410099,20.929530690190326,-1.1915427941829708,0.7639278701919469,-0.04349131198767843,0.8801810242694774,22.1210734843733,-0.06462258728537151,-0.9409757236734053,0.5179929042067917
24,24,0.2,demean,2.0,T3_illiquid,1973,43.099847947288396,2.3347392678711074,-0.7676039597055383,34.15882808044378,-11.228078660817516,1.246797224936198,-0.40982487111983934,0.9224833776025668,45.386906741261306,-0.06440409293298356,-0.9915922903019452,0.45514445007602633
24,24,0.2,none,2.0,T1_liquid,1973,43.334009123162694,-1.6410287462037012,-2.311006599832992,-25.790805035666775,-36.327469747821155,-0.9413643838018373,-1.3259526457954722,0.8000146656119693,10.536664712154375,-0.022013952665823712,-0.9998124295591764,0.46021287379624937
24,24,0.2,none,2.0,T2_mid,1973,43.19006588950836,1.369313259675755,-0.0779315469410099,20.929530690190326,-1.1915427941829708,0.7639278701919469,-0.04349131198767843,0.8801810242694774,22.1210734843733,-0.06462258728537151,-0.9409757236734053,0.5179929042067917
24,24,0.2,none,2.0,T3_illiquid,1973,43.099847947288396,2.3347392678711074,-0.7676039597055383,34.15882808044378,-11.228078660817516,1.246797224936198,-0.40982487111983934,0.9224833776025668,45.386906741261306,-0.06440409293298356,-0.9915922903019452,0.45514445007602633
24,24,0.3,demean,2.0,T1_liquid,1973,65.33198175367461,-1.326075591527034,-2.0945815768559406,-15.958538237343346,-25.21050145530282,-0.5824866456630321,-0.9201833031185529,0.6998717150308769,9.251963217959467,-0.022013952665823712,-0.9969765075529893,0.4683223517486062
24,24,0.3,demean,2.0,T2_mid,1973,65.06538266599088,1.8158597949924424,0.20401456082767153,21.94652227539239,2.466246177913626,0.8010480630518222,0.09001798549384735,0.7700057021215713,19.480276097478765,-0.06462258728537151,-0.8140516864895715,0.5053218449062341
24,24,0.3,demean,2.0,T3_illiquid,1973,64.8362899138368,2.596225011121249,-0.8993487335434672,29.245844725304238,-10.145737420494616,1.0674733324736045,-0.37031941584805345,0.7998306606940775,39.39158214579885,-0.06440409293298356,-0.98602847416145,0.44602128737962493
24,24,0.3,none,2.0,T1_liquid,1973,65.33198175367461,-1.326075591527034,-2.0945815768559406,-15.958538237343346,-25.21050145530282,-0.5824866456630321,-0.9201833031185529,0.6998717150308769,9.251963217959467,-0.022013952665823712,-0.9969765075529893,0.4683223517486062
24,24,0.3,none,2.0,T2_mid,1973,65.06538266599088,1.8158597949924424,0.20401456082767153,21.94652227539239,2.466246177913626,0.8010480630518222,0.09001798549384735,0.7700057021215713,19.480276097478765,-0.06462258728537151,-0.8140516864895715,0.5053218449062341
24,24,0.3,none,2.0,T3_illiquid,1973,64.8362899138368,2.596225011121249,-0.8993487335434672,29.245844725304238,-10.145737420494616,1.0674733324736045,-0.37031941584805345,0.7998306606940775,39.39158214579885,-0.06440409293298356,-0.98602847416145,0.44602128737962493
3,3,0.1,demean,4.0,T1_liquid,1973,21.14749113025849,-0.34278548220383587,-3.749572101722746,-2.7149100326389144,-29.697223529245367,-0.09909421619132038,-1.0839486588174558,1.671350815091312,26.982313496606448,-0.011731971620126416,-0.9977309709962601,0.41003547896604153
3,3,0.1,demean,4.0,T2_mid,1973,21.09477952356817,1.4433121756295373,-7.154459372466179,11.524448971664354,-57.10852984346094,0.42064238746574895,-2.0844613392863245,1.7174374634207377,68.63297881512528,-0.0471574917581441,-0.9999914906262592,0.3127217435377598
3,3,0.1,demean,4.0,T3_illiquid,1973,21.056259503294477,2.3851044284807648,-19.202402188806744,17.02153778254248,-138.3934361760326,0.6212861290628006,-5.05136042042519,1.7506950488830872,155.41497395857508,-0.07361559114621974,-0.9999999999990472,0.09731373542828181
3,3,0.1,none,4.0,T1_liquid,1973,21.14749113025849,-0.34278548220383587,-3.749572101722746,-2.7149100326389144,-29.697223529245367,-0.09909421619132038,-1.0839486588174558,1.671350815091312,26.982313496606448,-0.011731971620126416,-0.9977309709962601,0.41003547896604153
3,3,0.1,none,4.0,T2_mid,1973,21.09477952356817,1.4433121756295373,-7.154459372466179,11.524448971664354,-57.10852984346094,0.42064238746574895,-2.0844613392863245,1.7174374634207377,68.63297881512528,-0.0471574917581441,-0.9999914906262592,0.3127217435377598
3,3,0.1,none,4.0,T3_illiquid,1973,21.056259503294477,2.3851044284807648,-19.202402188806744,17.02153778254248,-138.3934361760326,0.6212861290628006,-5.05136042042519,1.7506950488830872,155.41497395857508,-0.07361559114621974,-0.9999999999990472,0.09731373542828181
3,3,0.2,demean,4.0,T1_liquid,1973,43.334009123162694,-0.7028877507248594,-5.53043136951566,-3.585311555494233,-28.233601778252332,-0.13086387177553951,-1.0305264649062102,1.5223675266945749,24.6482902227581,-0.011731971620126416,-0.9965359493574387,0.36898124683223515
3,3,0.2,demean,4.0,T2_mid,1973,43.19006588950836,1.297140124462889,-10.942751805918023,6.657580177233135,-56.21351412794466,0.24300167646900944,-2.05179326566998,1.563794912244161,62.87109430517781,-0.0471574917581441,-0.9999874738774135,0.22402432843385708
3,3,0.2,demean,4.0,T3_illiquid,1973,43.099847947288396,3.0061089813467303,-26.571976950835772,14.255868013763193,-127.59009154281983,0.5203391825023566,-4.657038341312924,1.5925018290905326,141.845959556583,-0.07361559114621974,-0.9999999999907122,0.05423213380638622
3,3,0.2,none,4.0,T1_liquid,1973,43.334009123162694,-0.7028877507248594,-5.53043136951566,-3.585311555494233,-28.233601778252332,-0.13086387177553951,-1.0305264649062102,1.5223675266945749,24.6482902227581,-0.011731971620126416,-0.9965359493574387,0.36898124683223515
3,3,0.2,none,4.0,T2_mid,1973,43.19006588950836,1.297140124462889,-10.942751805918023,6.657580177233135,-56.21351412794466,0.24300167646900944,-2.05179326566998,1.563794912244161,62.87109430517781,-0.0471574917581441,-0.9999874738774135,0.22402432843385708
3,3,0.2,none,4.0,T3_illiquid,1973,43.099847947288396,3.0061089813467303,-26.571976950835772,14.255868013763193,-127.59009154281983,0.5203391825023566,-4.657038341312924,1.5925018290905326,141.845959556583,-0.07361559114621974,-0.9999999999907122,0.05423213380638622
3,3,0.3,demean,4.0,T1_liquid,1973,65.33198175367461,-0.7374341639481318,-6.369629053792911,-2.9218164312391948,-25.269603975664694,-0.10664629974023061,-0.9223405451117613,1.3775263004993383,22.347787544425497,-0.011731971620126416,-0.9934372000263909,0.34668018246325394
3,3,0.3,demean,4.0,T2_mid,1973,65.06943740496706,1.2027582523485771,-13.38366112758731,4.679064033231726,-52.207384758734094,0.17078583721295798,-1.9055695436937943,1.4093049970199523,56.88644879196581,-0.0471574917581441,-0.9999688963268514,0.183476938672073
3,3,0.3,demean,4.0,T3_illiquid,1973,64.8362899138368,2.650724057911767,-31.11990793797342,9.776920972321323,-116.97500450118676,0.35685761548972833,-4.269587664293317,1.4218522441182981,126.7519254735081,-0.07361559114621974,-0.9999999999196779,0.04308160162189559
3,3,0.3,none,4.0,T1_liquid,1973,65.33198175367461,-0.7374341639481318,-6.369629053792911,-2.9218164312391948,-25.269603975664694,-0.10664629974023061,-0.9223405451117613,1.3775263004993383,22.347787544425497,-0.011731971620126416,-0.9934372000263909,0.34668018246325394
3,3,0.3,none,4.0,T2_mid,1973,65.06943740496706,1.2027582523485771,-13.38366112758731,4.679064033231726,-52.207384758734094,0.17078583721295798,-1.9055695436937943,1.4093049970199523,56.88644879196581,-0.0471574917581441,-0.9999688963268514,0.183476938672073
3,3,0.3,none,4.0,T3_illiquid,1973,64.8362899138368,2.650724057911767,-31.11990793797342,9.776920972321323,-116.97500450118676,0.35685761548972833,-4.269587664293317,1.4218522441182981,126.7519254735081,-0.07361559114621974,-0.9999999999196779,0.04308160162189559
3,6,0.1,demean,4.0,T1_liquid,1973,21.14749113025849,0.3640945303784156,-1.9168188364704701,4.305970327197333,-22.676343169409115,0.15716791694270263,-0.8276865256834327,1.671350815091312,26.982313496606448,-0.014451624593464428,-0.9938519253554225,0.44652812975164724
3,6,0.1,demean,4.0,T2_mid,1973,21.09477952356817,1.9180235338890448,-3.796837291322048,23.03548664818599,-45.5974921669393,0.8407952626587886,-1.6643084640932841,1.7174374634207377,68.63297881512528,-0.043761464994025015,-0.999935521318545,0.3907754688291941
3,6,0.1,demean,4.0,T3_illiquid,1973,21.056259503294477,2.653163239412233,-11.999573124167402,28.07099800696223,-127.34397595161285,1.0245914272541214,-4.648055122233869,1.7506950488830872,155.41497395857508,-0.07067043302626748,-0.9999999999929949,0.16624429802331475
3,6,0.1,none,4.0,T1_liquid,1973,21.14749113025849,0.3640945303784156,-1.9168188364704701,4.305970327197333,-22.676343169409115,0.15716791694270263,-0.8276865256834327,1.671350815091312,26.982313496606448,-0.014451624593464428,-0.9938519253554225,0.44652812975164724
3,6,0.1,none,4.0,T2_mid,1973,21.09477952356817,1.9180235338890448,-3.796837291322048,23.03548664818599,-45.5974921669393,0.8407952626587886,-1.6643084640932841,1.7174374634207377,68.63297881512528,-0.043761464994025015,-0.999935521318545,0.3907754688291941
3,6,0.1,none,4.0,T3_illiquid,1973,21.056259503294477,2.653163239412233,-11.999573124167402,28.07099800696223,-127.34397595161285,1.0245914272541214,-4.648055122233869,1.7506950488830872,155.41497395857508,-0.07067043302626748,-0.9999999999929949,0.16624429802331475
3,6,0.2,demean,4.0,T1_liquid,1973,43.334009123162694,0.06622633467772464,-3.1970478700200564,0.49974233640189686,-24.148547886356205,0.018240595278669235,-0.8814219978520015,1.5223675266945749,24.6482902227581,-0.014451624593464428,-0.9934099218849987,0.4227065382665991
3,6,0.2,demean,4.0,T2_mid,1973,43.19006588950836,1.4761808216099217,-6.94258878090766,11.026656129714548,-51.84443817546325,0.40247294873458095,-1.8923219934044087,1.563794912244161,62.87109430517781,-0.043761464994025015,-0.9999709407263095,0.31069437404967054
3,6,0.2,demean,4.0,T3_illiquid,1973,43.099847947288396,3.0169568406173886,-18.020022505242444,20.292354208317096,-121.55360534826592,0.740670928603574,-4.436706595211706,1.5925018290905326,141.845959556583,-0.07067043302626748,-0.9999999999705549,0.10745058286872783
3,6,0.2,none,4.0,T1_liquid,1973,43.334009123162694,0.06622633467772464,-3.1970478700200564,0.49974233640189686,-24.148547886356205,0.018240595278669235,-0.8814219978520015,1.5223675266945749,24.6482902227581,-0.014451624593464428,-0.9934099218849987,0.4227065382665991
3,6,0.2,none,4.0,T2_mid,1973,43.19006588950836,1.4761808216099217,-6.94258878090766,11.026656129714548,-51.84443817546325,0.40247294873458095,-1.8923219934044087,1.563794912244161,62.87109430517781,-0.043761464994025015,-0.9999709407263095,0.31069437404967054
3,6,0.2,none,4.0,T3_illiquid,1973,43.099847947288396,3.0169568406173886,-18.020022505242444,20.292354208317096,-121.55360534826592,0.740670928603574,-4.436706595211706,1.5925018290905326,141.845959556583,-0.07067043302626748,-0.9999999999705549,0.10745058286872783
3,6,0.3,demean,4.0,T1_liquid,1973,65.33198175367461,0.02134117145107915,-3.789377815302875,0.1250515500271941,-22.222735994398306,0.0045643815759925845,-0.8111298637955382,1.3775263004993383,22.347787544425497,-0.014451624593464428,-0.9893395761686565,0.40800810947795235
3,6,0.3,demean,4.0,T2_mid,1973,65.06943740496706,1.3340572878210126,-8.635376259225918,7.609813570156308,-49.27663522180951,0.2777581953107052,-1.798597185596047,1.4093049970199523,56.88644879196581,-0.043761464994025015,-0.9999466833551126,0.27268119614799796
3,6,0.3,demean,4.0,T3_illiquid,1973,64.8362899138368,2.7088640910597515,-20.844422830852107,14.50994657292737,-112.24197890058072,0.529613049911849,-4.096832229871197,1.4218522441182981,126.7519254735081,-0.07067043302626748,-0.9999999998005891,0.08008109477952356
3,6,0.3,none,4.0,T1_liquid,1973,65.33198175367461,0.02134117145107915,-3.789377815302875,0.1250515500271941,-22.222735994398306,0.0045643815759925845,-0.8111298637955382,1.3775263004993383,22.347787544425497,-0.014451624593464428,-0.9893395761686565,0.40800810947795235
3,6,0.3,none,4.0,T2_mid,1973,65.06943740496706,1.3340572878210126,-8.635376259225918,7.609813570156308,-49.27663522180951,0.2777581953107052,-1.798597185596047,1.4093049970199523,56.88644879196581,-0.043761464994025015,-0.9999466833551126,0.27268119614799796
3,6,0.3,none,4.0,T3_illiquid,1973,64.8362899138368,2.7088640910597515,-20.844422830852107,14.50994657292737,-112.24197890058072,0.529613049911849,-4.096832229871197,1.4218522441182981,126.7519254735081,-0.07067043302626748,-0.9999999998005891,0.08008109477952356
3,12,0.1,demean,4.0,T1_liquid,1973,21.14749113025849,-0.07227186627985965,-1.7744755869202422,-1.1454837783656262,-28.127797274972078,-0.04181015791034536,-1.0266646005364808,1.671350815091312,26.982313496606448,-0.007666473675213313,-0.9988912921172922,0.4576786619361379
3,12,0.1,demean,4.0,T2_mid,1973,21.09477952356817,1.3767077295815038,-3.1430725124235437,20.903537878984068,-47.729440936141216,0.7629791325829185,-1.7421245941691546,1.7174374634207377,68.63297881512528,-0.03488115248300531,-0.9999710436970052,0.42422706538266597
3,12,0.1,demean,4.0,T3_illiquid,1973,21.056259503294477,2.5891008933996384,-8.543393461685017,36.12848879888379,-119.28648515969131,1.318689841159258,-4.353956708328733,1.7506950488830872,155.41497395857508,-0.05634954838661476,-0.9999999999781078,0.22605169792194627
3,12,0.1,none,4.0,T1_liquid,1973,21.14749113025849,-0.07227186627985965,-1.7744755869202422,-1.1454837783656262,-28.127797274972078,-0.04181015791034536,-1.0266646005364808,1.671350815091312,26.982313496606448,-0.007666473675213313,-0.9988912921172922,0.4576786619361379
3,12,0.1,none,4.0,T2_mid,1973,21.09477952356817,1.3767077295815038,-3.1430725124235437,20.903537878984068,-47.729440936141216,0.7629791325829185,-1.7421245941691546,1.7174374634207377,68.63297881512528,-0.03488115248300531,-0.9999710436970052,0.42422706538266597
3,12,0.1,none,4.0,T3_illiquid,1973,21.056259503294477,2.5891008933996384,-8.543393461685017,36.12848879888379,-119.28648515969131,1.318689841159258,-4.353956708328733,1.7506950488830872,155.41497395857508,-0.05634954838661476,-0.9999999999781078,0.22605169792194627
3,12,0.2,demean,4.0,T1_liquid,1973,43.334009123162694,-0.21520728295314503,-2.67125626973167,-2.158134842665027,-26.806425065423127,-0.07877192175727349,-0.9784345148879442,1.5223675266945749,24.6482902227581,-0.007666473675213313,-0.9969144849141852,0.4353775975671566
3,12,0.2,demean,4.0,T2_mid,1973,43.19006588950836,0.9149173186317561,-5.534483659150526,8.921610662127973,-53.949483643049824,0.32563878916767103,-1.9691561529713184,1.563794912244161,62.87109430517781,-0.03488115248300531,-0.9999831716991414,0.35580334515965534
3,12,0.2,demean,4.0,T3_illiquid,1973,43.099847947288396,2.726766277772825,-13.242117654667469,24.20406054860754,-117.64189900797547,0.8834482100241752,-4.2939293137911045,1.5925018290905326,141.845959556583,-0.05634954838661476,-0.9999999999459944,0.16776482513938165
3,12,0.2,none,4.0,T1_liquid,1973,43.334009123162694,-0.21520728295314503,-2.67125626973167,-2.158134842665027,-26.806425065423127,-0.07877192175727349,-0.9784345148879442,1.5223675266945749,24.6482902227581,-0.007666473675213313,-0.9969144849141852,0.4353775975671566
3,12,0.2,none,4.0,T2_mid,1973,43.19006588950836,0.9149173186317561,-5.534483659150526,8.921610662127973,-53.949483643049824,0.32563878916767103,-1.9691561529713184,1.563794912244161,62.87109430517781,-0.03488115248300531,-0.9999831716991414,0.35580334515965534
3,12,0.2,none,4.0,T3_illiquid,1973,43.099847947288396,2.726766277772825,-13.242117654667469,24.20406054860754,-117.64189900797547,0.8834482100241752,-4.2939293137911045,1.5925018290905326,141.845959556583,-0.05634954838661476,-0.9999999999459944,0.16776482513938165
3,12,0.3,demean,4.0,T1_liquid,1973,65.33198175367461,-0.2423026664660169,-3.1474254517142555,-1.8622869898607721,-24.210074534286264,-0.06797347512991819,-0.8836677205014486,1.3775263004993383,22.347787544425497,-0.007666473675213313,-0.9939473885964372,0.43385707045108973
3,12,0.3,demean,4.0,T2_mid,1973,65.06943740496706,0.8707615559195401,-6.767344677142241,6.483807766208906,-50.40264102575691,0.23665898346662506,-1.8396963974401273,1.4093049970199523,56.88644879196581,-0.03488115248300531,-0.9999610005381363,0.3193106943740497
3,12,0.3,demean,4.0,T3_illiquid,1973,64.8362899138368,2.4256501526806367,-15.12068199411432,17.471929213255162,-109.27999626025291,0.6377254162838134,-3.9887198634992314,1.4218522441182981,126.7519254735081,-0.05634954838661476,-0.9999999996862081,0.14445007602635582
3,12,0.3,none,4.0,T1_liquid,1973,65.33198175367461,-0.2423026664660169,-3.1474254517142555,-1.8622869898607721,-24.210074534286264,-0.06797347512991819,-0.8836677205014486,1.3775263004993383,22.347787544425497,-0.007666473675213313,-0.9939473885964372,0.43385707045108973
3,12,0.3,none,4.0,T2_mid,1973,65.06943740496706,0.8707615559195401,-6.767344677142241,6.483807766208906,-50.40264102575691,0.23665898346662506,-1.8396963974401273,1.4093049970199523,56.88644879196581,-0.03488115248300531,-0.9999610005381363,0.3193106943740497
3,12,0.3,none,4.0,T3_illiquid,1973,64.8362899138368,2.4256501526806367,-15.12068199411432,17.471929213255162,-109.27999626025291,0.6377254162838134,-3.9887198634992314,1.4218522441182981,126.7519254735081,-0.05634954838661476,-0.9999999996862081,0.14445007602635582
3,24,0.1,demean,4.0,T1_liquid,1973,21.14749113025849,-0.567732130204571,-1.8030661745994385,-12.39781992701128,-39.380133423617735,-0.45252042733591175,-1.4373748699620472,1.671350815091312,26.982313496606448,-0.005939893953559503,-0.9999616389983954,0.4617334009123163
3,24,0.1,demean,4.0,T2_mid,1973,21.09477952356817,1.2619565674362976,-2.005520231419584,26.498764284086075,-42.13421453103923,0.9672048963691418,-1.5378988303829317,1.7174374634207377,68.63297881512528,-0.03375958690451426,-0.999960552886236,0.4546376077040041
3,24,0.1,demean,4.0,T3_illiquid,1973,21.056259503294477,2.61676319419676,-5.809514298590347,48.25118817700161,-107.16378578157347,1.7611683684605588,-3.9114781810274315,1.7506950488830872,155.41497395857508,-0.04990437876419322,-0.9999999998431006,0.2924480486568677
3,24,0.1,none,4.0,T1_liquid,1973,21.14749113025849,-0.567732130204571,-1.8030661745994385,-12.39781992701128,-39.380133423617735,-0.45252042733591175,-1.4373748699620472,1.671350815091312,26.982313496606448,-0.005939893953559503,-0.9999616389983954,0.4617334009123163
3,24,0.1,none,4.0,T2_mid,1973,21.09477952356817,1.2619565674362976,-2.005520231419584,26.498764284086075,-42.13421453103923,0.9672048963691418,-1.5378988303829317,1.7174374634207377,68.63297881512528,-0.03375958690451426,-0.999960552886236,0.4546376077040041
3,24,0.1,none,4.0,T3_illiquid,1973,21.056259503294477,2.61676319419676,-5.809514298590347,48.25118817700161,-107.16378578157347,1.7611683684605588,-3.9114781810274315,1.7506950488830872,155.41497395857508,-0.04990437876419322,-0.9999999998431006,0.2924480486568677
3,24,0.2,demean,4.0,T1_liquid,1973,43.334009123162694,-0.9401109635581003,-2.7072860389363713,-13.107239856068428,-37.75553007882653,-0.4784142547464976,-1.3780768478771686,1.5223675266945749,24.6482902227581,-0.005939893953559503,-0.9997924387065357,0.44298023314749113
3,24,0.2,demean,4.0,T2_mid,1973,43.19006588950836,1.0397791682376523,-3.492110078573167,14.418141381165485,-48.45295292401231,0.5262621604125403,-1.7685327817264493,1.563794912244161,62.87109430517781,-0.03375958690451426,-0.9999704007053037,0.4004054738976178
3,24,0.2,demean,4.0,T3_illiquid,1973,43.099847947288396,2.630157359209464,-8.520070163539472,33.40161447205604,-108.44434508452699,1.2191589282300455,-3.958218595585235,1.5925018290905326,141.845959556583,-0.04990437876419322,-0.9999999997493011,0.22959959452610237
3,24,0.2,none,4.0,T1_liquid,1973,43.334009123162694,-0.9401109635581003,-2.7072860389363713,-13.107239856068428,-37.75553007882653,-0.4784142547464976,-1.3780768478771686,1.5223675266945749,24.6482902227581,-0.005939893953559503,-0.9997924387065357,0.44298023314749113
3,24,0.2,none,4.0,T2_mid,1973,43.19006588950836,1.0397791682376523,-3.492110078573167,14.418141381165485,-48.45295292401231,0.5262621604125403,-1.7685327817264493,1.563794912244161,62.87109430517781,-0.03375958690451426,-0.9999704007053037,0.4004054738976178
3,24,0.2,none,4.0,T3_illiquid,1973,43.099847947288396,2.630157359209464,-8.520070163539472,33.40161447205604,-108.44434508452699,1.2191589282300455,-3.958218595585235,1.5925018290905326,141.845959556583,-0.04990437876419322,-0.9999999997493011,0.22959959452610237
3,24,0.3,demean,4.0,T1_liquid,1973,65.33198175367461,-0.7987292162768694,-2.8826428898513123,-8.559576109409962,-30.907363653835457,-0.3124245279934636,-1.1281187733649942,1.3775263004993383,22.347787544425497,-0.005939893953559503,-0.9987825861426468,0.43689812468322353
3,24,0.3,demean,4.0,T2_mid,1973,65.06943740496706,0.8074032725202587,-4.4239182834373425,8.773242547303774,-48.113206244662045,0.3202233529765877,-1.7561320279301647,1.4093049970199523,56.88644879196581,-0.03375958690451426,-0.9999578625857697,0.377090724784592
3,24,0.3,demean,4.0,T3_illiquid,1973,64.8362899138368,2.2584991101966523,-10.05115293180261,23.179879741951677,-103.57204573155641,0.8460656105812362,-3.780379669201809,1.4218522441182981,126.7519254735081,-0.04990437876419322,-0.9999999991553387,0.20476431829700964
3,24,0.3,none,4.0,T1_liquid,1973,65.33198175367461,-0.7987292162768694,-2.8826428898513123,-8.559576109409962,-30.907363653835457,-0.3124245279934636,-1.1281187733649942,1.3775263004993383,22.347787544425497,-0.005939893953559503,-0.9987825861426468,0.43689812468322353
3,24,0.3,none,4.0,T2_mid,1973,65.06943740496706,0.8074032725202587,-4.4239182834373425,8.773242547303774,-48.113206244662045,0.3202233529765877,-1.7561320279301647,1.4093049970199523,56.88644879196581,-0.03375958690451426,-0.9999578625857697,0.377090724784592
3,24,0.3,none,4.0,T3_illiquid,1973,64.8362899138368,2.2584991101966523,-10.05115293180261,23.179879741951677,-103.57204573155641,0.8460656105812362,-3.780379669201809,1.4218522441182981,126.7519254735081,-0.04990437876419322,-0.9999999991553387,0.20476431829700964
6,3,0.1,demean,4.0,T1_liquid,1973,21.14749113025849,1.164836937215644,-2.1287545039949376,9.534246538771422,-17.44284293142499,0.3479999986651569,-0.6366637669970122,1.6723484939906634,26.977089470196415,-0.022549751412214766,-0.9748779907363458,0.43740496705524584
6,3,0.1,demean,4.0,T2_mid,1973,21.09477952356817,2.4738793610486636,-6.05007546957196,20.006231553908094,-48.94428594824397,0.7302274517176455,-1.7864664371109051,1.7268817289597826,68.95051750215208,-0.05426013787899001,-0.9999507030501389,0.34668018246325394
6,3,0.1,demean,4.0,T3_illiquid,1973,21.056259503294477,3.1509479683515362,-19.23714222269196,22.04588517086653,-135.38360073856109,0.8046748087366283,-4.94150142695748,1.7738658368156595,157.42948590942763,-0.07567829737495746,-0.9999999999982447,0.10187531677648251
6,3,0.1,none,4.0,T1_liquid,1973,21.14749113025849,1.164836937215644,-2.1287545039949376,9.534246538771422,-17.44284293142499,0.3479999986651569,-0.6366637669970122,1.6723484939906634,26.977089470196415,-0.022549751412214766,-0.9748779907363458,0.43740496705524584
6,3,0.1,none,4.0,T2_mid,1973,21.09477952356817,2.4738793610486636,-6.05007546957196,20.006231553908094,-48.94428594824397,0.7302274517176455,-1.7864664371109051,1.7268817289597826,68.95051750215208,-0.05426013787899001,-0.9999507030501389,0.34668018246325394
6,3,0.1,none,4.0,T3_illiquid,1973,21.056259503294477,3.1509479683515362,-19.23714222269196,22.04588517086653,-135.38360073856109,0.8046748087366283,-4.94150142695748,1.7738658368156595,157.42948590942763,-0.07567829737495746,-0.9999999999982447,0.10187531677648251
6,3,0.2,demean,4.0,T1_liquid,1973,43.334009123162694,1.1407925703946358,-3.71723854360884,5.84554266657903,-19.078736384045815,0.21336230733013462,-0.6963738780176723,1.5403856566356513,24.924279050624843,-0.022549751412214766,-0.9788576920411061,0.40395337050177393
6,3,0.2,demean,4.0,T2_mid,1973,43.19006588950836,2.596754258707142,-9.788098167858143,13.407674204795361,-50.60152047829686,0.48938010847503066,-1.8469554974578355,1.5930330193059121,64.00919468309223,-0.05426013787899001,-0.999958469714303,0.2519006588950836
6,3,0.2,demean,4.0,T3_illiquid,1973,43.099847947288396,3.3521942222358425,-26.89922247682762,16.026257186199896,-130.19646841997923,0.5849583872962962,-4.752171097329241,1.6412559101008883,146.22272560617913,-0.07567829737495746,-0.9999999999944438,0.05271160669031931
6,3,0.2,none,4.0,T1_liquid,1973,43.334009123162694,1.1407925703946358,-3.71723854360884,5.84554266657903,-19.078736384045815,0.21336230733013462,-0.6963738780176723,1.5403856566356513,24.924279050624843,-0.022549751412214766,-0.9788576920411061,0.40395337050177393
6,3,0.2,none,4.0,T2_mid,1973,43.19006588950836,2.596754258707142,-9.788098167858143,13.407674204795361,-50.60152047829686,0.48938010847503066,-1.8469554974578355,1.5930330193059121,64.00919468309223,-0.05426013787899001,-0.999958469714303,0.2519006588950836
6,3,0.2,none,4.0,T3_illiquid,1973,43.099847947288396,3.3521942222358425,-26.89922247682762,16.026257186199896,-130.19646841997923,0.5849583872962962,-4.752171097329241,1.6412559101008883,146.22272560617913,-0.07567829737495746,-0.9999999999944438,0.05271160669031931
6,3,0.3,demean,4.0,T1_liquid,1973,65.33198175367461,0.880189489834764,-4.827291502036056,3.505814929653553,-19.26309852418902,0.12796224493235467,-0.7031030961328992,1.4038421045488156,22.76891345384257,-0.022549751412214766,-0.9786653137843312,0.36898124683223515
6,3,0.3,demean,4.0,T2_mid,1973,65.06842372022301,2.5854826800381403,-12.573392466956324,9.985211260040417,-48.7129310981611,0.3644602109914752,-1.77802198508288,1.4547783729725243,58.698142358201515,-0.05426013787899001,-0.9999364388323603,0.19918905220476432
6,3,0.3,demean,4.0,T3_illiquid,1973,64.8362899138368,3.150528029962389,-31.362360948631803,11.86475112742691,-120.69631320310482,0.43306341615108224,-4.405415431913326,1.4865115469060504,132.5610643305317,-0.07567829737495746,-0.9999999999619675,0.04206791687785099
6,3,0.3,none,4.0,T1_liquid,1973,65.33198175367461,0.880189489834764,-4.827291502036056,3.505814929653553,-19.26309852418902,0.12796224493235467,-0.7031030961328992,1.4038421045488156,22.76891345384257,-0.022549751412214766,-0.9786653137843312,0.36898124683223515
6,3,0.3,none,4.0,T2_mid,1973,65.06842372022301,2.5854826800381403,-12.573392466956324,9.985211260040417,-48.7129310981611,0.3644602109914752,-1.77802198508288,1.4547783729725243,58.698142358201515,-0.05426013787899001,-0.9999364388323603,0.19918905220476432
6,3,0.3,none,4.0,T3_illiquid,1973,64.8362899138368,3.150528029962389,-31.362360948631803,11.86475112742691,-120.69631320310482,0.43306341615108224,-4.405415431913326,1.4865115469060504,132.5610643305317,-0.07567829737495746,-0.9999999999619675,0.04206791687785099
6,6,0.1,demean,4.0,T1_liquid,1973,21.14749113025849,0.9088668821025433,-1.270541000734718,11.244040292205517,-15.7330491779909,0.4104074706655013,-0.5742562949966679,1.6723484939906634,26.977089470196415,-0.028219006226350422,-0.9767414515884315,0.4678155093765839
6,6,0.1,demean,4.0,T2_mid,1973,21.09477952356817,2.180526096248955,-3.3891220320045266,26.975401747548442,-41.97511575460363,0.9846021637855181,-1.5320917250430324,1.7268817289597826,68.95051750215208,-0.05387977276082284,-0.9998592239433479,0.42067916877850986
6,6,0.1,demean,4.0,T3_illiquid,1973,21.056259503294477,2.9757374422839664,-12.158143832423136,30.931188452952913,-126.4982974564747,1.1289883785327814,-4.617187857161326,1.7738658368156595,157.42948590942763,-0.07630869747813296,-0.999999999991469,0.17587430309173846
6,6,0.1,none,4.0,T1_liquid,1973,21.14749113025849,0.9088668821025433,-1.270541000734718,11.244040292205517,-15.7330491779909,0.4104074706655013,-0.5742562949966679,1.6723484939906634,26.977089470196415,-0.028219006226350422,-0.9767414515884315,0.4678155093765839
6,6,0.1,none,4.0,T2_mid,1973,21.09477952356817,2.180526096248955,-3.3891220320045266,26.975401747548442,-41.97511575460363,0.9846021637855181,-1.5320917250430324,1.7268817289597826,68.95051750215208,-0.05387977276082284,-0.9998592239433479,0.42067916877850986
6,6,0.1,none,4.0,T3_illiquid,1973,21.056259503294477,2.9757374422839664,-12.158143832423136,30.931188452952913,-126.4982974564747,1.1289883785327814,-4.617187857161326,1.7738658368156595,157.42948590942763,-0.07630869747813296,-0.999999999991469,0.17587430309173846
6,6,0.2,demean,4.0,T1_liquid,1973,43.334009123162694,1.1169404003520835,-2.15126713052486,8.509268370560255,-16.415010680064587,0.3105882955254493,-0.5991478898223574,1.5403856566356513,24.924279050624843,-0.028219006226350422,-0.9701867681415415,0.44450076026355806
6,6,0.2,demean,4.0,T2_mid,1973,43.19006588950836,2.304804950162377,-6.224778453911585,17.276951170467566,-46.73224351262466,0.6306087177220661,-1.7057268882108,1.5930330193059121,64.00919468309223,-0.05387977276082284,-0.9999202261489358,0.3309680689305626
6,6,0.2,demean,4.0,T3_illiquid,1973,43.099847947288396,3.1155632142505767,-17.516136059104316,22.034416628033494,-124.18830897814563,0.8042562069232225,-4.532873277702316,1.6412559101008883,146.22272560617913,-0.07630869747813296,-0.9999999999827514,0.10897110998479473
6,6,0.2,none,4.0,T1_liquid,1973,43.334009123162694,1.1169404003520835,-2.15126713052486,8.509268370560255,-16.415010680064587,0.3105882955254493,-0.5991478898223574,1.5403856566356513,24.924279050624843,-0.028219006226350422,-0.9701867681415415,0.44450076026355806
6,6,0.2,none,4.0,T2_mid,1973,43.19006588950836,2.304804950162377,-6.224778453911585,17.276951170467566,-46.73224351262466,0.6306087177220661,-1.7057268882108,1.5930330193059121,64.00919468309223,-0.05387977276082284,-0.9999202261489358,0.3309680689305626
6,6,0.2,none,4.0,T3_illiquid,1973,43.099847947288396,3.1155632142505767,-17.516136059104316,22.034416628033494,-124.18830897814563,0.8042562069232225,-4.532873277702316,1.6412559101008883,146.22272560617913,-0.07630869747813296,-0.9999999999827514,0.10897110998479473
6,6,0.3,demean,4.0,T1_liquid,1973,65.33198175367461,0.9771747634639603,-2.883596320019078,5.7545203836526015,-17.014393070189968,0.21003999400331996,-0.6210253470619338,1.4038421045488156,22.76891345384257,-0.028219006226350422,-0.9704153259190305,0.4216928535225545
6,6,0.3,demean,4.0,T2_mid,1973,65.06842372022301,2.231623543562086,-8.24306778013565,12.490834046073365,-46.207308312128156,0.45591544268167783,-1.6865667533926776,1.4547783729725243,58.698142358201515,-0.05387977276082284,-0.9999007175965334,0.2924480486568677
6,6,0.3,demean,4.0,T3_illiquid,1973,64.8362899138368,3.0178681339530264,-21.04377512148727,16.49785983249397,-116.06320449803776,0.6021718838860299,-4.236306964178378,1.4865115469060504,132.5610643305317,-0.07630869747813296,-0.9999999999078728,0.08109477952356817
6,6,0.3,none,4.0,T1_liquid,1973,65.33198175367461,0.9771747634639603,-2.883596320019078,5.7545203836526015,-17.014393070189968,0.21003999400331996,-0.6210253470619338,1.4038421045488156,22.76891345384257,-0.028219006226350422,-0.9704153259190305,0.4216928535225545
6,6,0.3,none,4.0,T2_mid,1973,65.06842372022301,2.231623543562086,-8.24306778013565,12.490834046073365,-46.207308312128156,0.45591544268167783,-1.6865667533926776,1.4547783729725243,58.698142358201515,-0.05387977276082284,-0.9999007175965334,0.2924480486568677
6,6,0.3,none,4.0,T3_illiquid,1973,64.8362899138368,3.0178681339530264,-21.04377512148727,16.49785983249397,-116.06320449803776,0.6021718838860299,-4.236306964178378,1.4865115469060504,132.5610643305317,-0.07630869747813296,-0.9999999999078728,0.08109477952356817
6,12,0.1,demean,4.0,T1_liquid,1973,21.14749113025849,0.8567157697356412,-0.7761542442239149,14.15144563490397,-12.82564383529244,0.5165277656739949,-0.468135999988174,1.6723484939906634,26.977089470196415,-0.02340942318321293,-0.9761475592782735,0.4870755195134313
6,12,0.1,demean,4.0,T2_mid,1973,21.09477952356817,2.5604263320916814,-1.9615792388057582,39.03620453227217,-29.914312969879894,1.4248214654279343,-1.091872423400616,1.7268817289597826,68.95051750215208,-0.04842826298334907,-0.9989884707916846,0.44652812975164724
6,12,0.1,demean,4.0,T3_illiquid,1973,21.056259503294477,3.159466105116732,-7.859218947313224,45.15523216301039,-112.27425374641722,1.6481659739498793,-4.098010261744228,1.7738658368156595,157.42948590942763,-0.06710212644484326,-0.9999999999071181,0.2468322351748606
6,12,0.1,none,4.0,T1_liquid,1973,21.14749113025849,0.8567157697356412,-0.7761542442239149,14.15144563490397,-12.82564383529244,0.5165277656739949,-0.468135999988174,1.6723484939906634,26.977089470196415,-0.02340942318321293,-0.9761475592782735,0.4870755195134313
6,12,0.1,none,4.0,T2_mid,1973,21.09477952356817,2.5604263320916814,-1.9615792388057582,39.03620453227217,-29.914312969879894,1.4248214654279343,-1.091872423400616,1.7268817289597826,68.95051750215208,-0.04842826298334907,-0.9989884707916846,0.44652812975164724
6,12,0.1,none,4.0,T3_illiquid,1973,21.056259503294477,3.159466105116732,-7.859218947313224,45.15523216301039,-112.27425374641722,1.6481659739498793,-4.098010261744228,1.7738658368156595,157.42948590942763,-0.06710212644484326,-0.9999999999071181,0.2468322351748606
6,12,0.2,demean,4.0,T1_liquid,1973,43.334009123162694,1.0643575082269738,-1.3557738887702468,10.955473568307099,-13.968805482317748,0.3998747852432091,-0.5098614001045978,1.5403856566356513,24.924279050624843,-0.02340942318321293,-0.9613433259551865,0.4774455144450076
6,12,0.2,demean,4.0,T2_mid,1973,43.19006588950836,2.4408196706853924,-4.270900852375086,23.268936005586593,-40.740258677505636,0.8493161642039107,-1.4870194417289557,1.5930330193059121,64.00919468309223,-0.04842826298334907,-0.9997645288250553,0.3862138874809934
6,12,0.2,demean,4.0,T3_illiquid,1973,43.099847947288396,3.251706497326622,-11.63646431821252,31.922808573716182,-114.29991703246291,1.1651825129406406,-4.171946971684896,1.6412559101008883,146.22272560617913,-0.06710212644484326,-0.9999999999090237,0.18297009630005068
6,12,0.2,none,4.0,T1_liquid,1973,43.334009123162694,1.0643575082269738,-1.3557738887702468,10.955473568307099,-13.968805482317748,0.3998747852432091,-0.5098614001045978,1.5403856566356513,24.924279050624843,-0.02340942318321293,-0.9613433259551865,0.4774455144450076
6,12,0.2,none,4.0,T2_mid,1973,43.19006588950836,2.4408196706853924,-4.270900852375086,23.268936005586593,-40.740258677505636,0.8493161642039107,-1.4870194417289557,1.5930330193059121,64.00919468309223,-0.04842826298334907,-0.9997645288250553,0.3862138874809934
6,12,0.2,none,4.0,T3_illiquid,1973,43.099847947288396,3.251706497326622,-11.63646431821252,31.922808573716182,-114.29991703246291,1.1651825129406406,-4.171946971684896,1.6412559101008883,146.22272560617913,-0.06710212644484326,-0.9999999999090237,0.18297009630005068
6,12,0.3,demean,4.0,T1_liquid,1973,65.33198175367461,0.8992074139687197,-2.034423851448384,6.972131089798476,-15.796782364044093,0.2544827847776444,-0.5765825562876093,1.4038421045488156,22.76891345384257,-0.02340942318321293,-0.9665665643205879,0.46274708565636086
6,12,0.3,demean,4.0,T2_mid,1973,65.06842372022301,2.135202453028859,-5.916013219437572,15.549170182849643,-43.148972175351865,0.567544711674012,-1.5749374844003432,1.4547783729725243,58.698142358201515,-0.04842826298334907,-0.9998342862584066,0.34668018246325394
6,12,0.3,demean,4.0,T3_illiquid,1973,64.8362899138368,3.105886843107568,-14.002930590443965,24.01117474945134,-108.54988958108038,0.8764078783549739,-3.962070969709434,1.4865115469060504,132.5610643305317,-0.06710212644484326,-0.9999999996455752,0.15408008109477953
6,12,0.3,none,4.0,T1_liquid,1973,65.33198175367461,0.8992074139687197,-2.034423851448384,6.972131089798476,-15.796782364044093,0.2544827847776444,-0.5765825562876093,1.4038421045488156,22.76891345384257,-0.02340942318321293,-0.9665665643205879,0.46274708565636086
6,12,0.3,none,4.0,T2_mid,1973,65.06842372022301,2.135202453028859,-5.916013219437572,15.549170182849643,-43.148972175351865,0.567544711674012,-1.5749374844003432,1.4547783729725243,58.698142358201515,-0.04842826298334907,-0.9998342862584066,0.34668018246325394
6,12,0.3,none,4.0,T3_illiquid,1973,64.8362899138368,3.105886843107568,-14.002930590443965,24.01117474945134,-108.54988958108038,0.8764078783549739,-3.962070969709434,1.4865115469060504,132.5610643305317,-0.06710212644484326,-0.9999999996455752,0.15408008109477953
6,24,0.1,demean,4.0,T1_liquid,1973,21.14749113025849,-0.043940806390150036,-1.2854117304542347,-0.9546701783178493,-27.931759648514273,-0.0348454615086015,-1.0195092271707709,1.6723484939906634,26.977089470196415,-0.01631745436616645,-0.9994920978250672,0.4835276229092752
6,24,0.1,demean,4.0,T2_mid,1973,21.09477952356817,2.2744744461153052,-0.9585612443477008,48.50480714774646,-20.44571035440561,1.7704254608927459,-0.7462684279358047,1.7268817289597826,68.95051750215208,-0.04506233909522083,-0.997359180541336,0.48200709579320833
6,24,0.1,demean,4.0,T3_illiquid,1973,21.056259503294477,2.8518204520509673,-5.144617421908754,56.12323253570525,-101.30625337372237,2.0484979875532416,-3.6976782481408663,1.7738658368156595,157.42948590942763,-0.0602506754706539,-0.9999999995775248,0.30816016218955905
6,24,0.1,none,4.0,T1_liquid,1973,21.14749113025849,-0.043940806390150036,-1.2854117304542347,-0.9546701783178493,-27.931759648514273,-0.0348454615086015,-1.0195092271707709,1.6723484939906634,26.977089470196415,-0.01631745436616645,-0.9994920978250672,0.4835276229092752
6,24,0.1,none,4.0,T2_mid,1973,21.09477952356817,2.2744744461153052,-0.9585612443477008,48.50480714774646,-20.44571035440561,1.7704254608927459,-0.7462684279358047,1.7268817289597826,68.95051750215208,-0.04506233909522083,-0.997359180541336,0.48200709579320833
6,24,0.1,none,4.0,T3_illiquid,1973,21.056259503294477,2.8518204520509673,-5.144617421908754,56.12323253570525,-101.30625337372237,2.0484979875532416,-3.6976782481408663,1.7738658368156595,157.42948590942763,-0.0602506754706539,-0.9999999995775248,0.30816016218955905
6,24,0.2,demean,4.0,T1_liquid,1973,43.334009123162694,0.16127788413796101,-1.6356242376434047,2.235958562557624,-22.688320488067223,0.08161248753335328,-0.8281236978144536,1.5403856566356513,24.924279050624843,-0.01631745436616645,-0.9952879429914977,0.46325392802838317
6,24,0.2,demean,4.0,T2_mid,1973,43.19006588950836,1.8947573426908964,-2.5915706339038023,27.032809772988834,-36.97638491010339,0.9866975567140924,-1.3496380492187736,1.5930330193059121,64.00919468309223,-0.04506233909522083,-0.9997405164469805,0.42118601115053217
6,24,0.2,demean,4.0,T3_illiquid,1973,43.099847947288396,3.2007347110144493,-8.02857863544711,41.594742780063015,-104.6279828261161,1.5182081114723,-3.8189213731532377,1.6412559101008883,146.22272560617913,-0.0602506754706539,-0.9999999995090278,0.240750126710593
6,24,0.2,none,4.0,T1_liquid,1973,43.334009123162694,0.16127788413796101,-1.6356242376434047,2.235958562557624,-22.688320488067223,0.08161248753335328,-0.8281236978144536,1.5403856566356513,24.924279050624843,-0.01631745436616645,-0.9952879429914977,0.46325392802838317
6,24,0.2,none,4.0,T2_mid,1973,43.19006588950836,1.8947573426908964,-2.5915706339038023,27.032809772988834,-36.97638491010339,0.9866975567140924,-1.3496380492187736,1.5930330193059121,64.00919468309223,-0.04506233909522083,-0.9997405164469805,0.42118601115053217
6,24,0.2,none,4.0,T3_illiquid,1973,43.099847947288396,3.2007347110144493,-8.02857863544711,41.594742780063015,-104.6279828261161,1.5182081114723,-3.8189213731532377,1.6412559101008883,146.22272560617913,-0.0602506754706539,-0.9999999995090278,0.240750126710593
6,24,0.3,demean,4.0,T1_liquid,1973,65.33198175367461,0.01509362335632209,-2.1121456640079947,0.1614615314081835,-22.607451922434393,0.005893345896398698,-0.8251719951688553,1.4038421045488156,22.76891345384257,-0.01631745436616645,-0.9928720955574032,0.44754181449569186
6,24,0.3,demean,4.0,T2_mid,1973,65.06842372022301,1.9011202375476786,-3.436840922390144,20.890823660306154,-37.80731869789536,0.7625150636011746,-1.3799671324731806,1.4547783729725243,58.698142358201515,-0.04506233909522083,-0.9996778828325855,0.40446021287379624
6,24,0.3,demean,4.0,T3_illiquid,1973,64.8362899138368,3.0942710378343623,-9.53050179446377,32.444907553891184,-100.11615677664055,1.1842391257170282,-3.65423972234738,1.4865115469060504,132.5610643305317,-0.0602506754706539,-0.9999999985496197,0.22858590978205778
6,24,0.3,none,4.0,T1_liquid,1973,65.33198175367461,0.01509362335632209,-2.1121456640079947,0.1614615314081835,-22.607451922434393,0.005893345896398698,-0.8251719951688553,1.4038421045488156,22.76891345384257,-0.01631745436616645,-0.9928720955574032,0.44754181449569186
6,24,0.3,none,4.0,T2_mid,1973,65.06842372022301,1.9011202375476786,-3.436840922390144,20.890823660306154,-37.80731869789536,0.7625150636011746,-1.3799671324731806,1.4547783729725243,58.698142358201515,-0.04506233909522083,-0.9996778828325855,0.40446021287379624
6,24,0.3,none,4.0,T3_illiquid,1973,64.8362899138368,3.0942710378343623,-9.53050179446377,32.444907553891184,-100.11615677664055,1.1842391257170282,-3.65423972234738,1.4865115469060504,132.5610643305317,-0.0602506754706539,-0.9999999985496197,0.22858590978205778
12,3,0.1,demean,4.0,T1_liquid,1973,21.14749113025849,0.5854857896152749,-1.8129170584761303,4.9303123388679015,-15.271841547117713,0.1799564003686784,-0.5574222164697965,1.2484221767419943,20.202153885985613,-0.019703572427301013,-0.9640403349085753,0.4419665484034465
12,3,0.1,demean,4.0,T2_mid,1973,21.09477952356817,2.8086042433778715,-3.5921019686206193,23.25467930505101,-29.77261494009675,0.8487957946343618,-1.0867004453135314,1.3284965991377546,53.027294245147765,-0.06412165166219701,-0.99799051648974,0.4161175874303092
12,3,0.1,demean,4.0,T3_illiquid,1973,21.056259503294477,3.6245775726916807,-13.153021533816927,26.102397341906517,-95.5155699740461,0.9527375029795879,-3.4863183040526824,1.3751154530551388,121.61796731595261,-0.07787576596255488,-0.9999999949597526,0.17029903699949317
12,3,0.1,none,4.0,T1_liquid,1973,21.14749113025849,0.5854857896152749,-1.8129170584761303,4.9303123388679015,-15.271841547117713,0.1799564003686784,-0.5574222164697965,1.2484221767419943,20.202153885985613,-0.019703572427301013,-0.9640403349085753,0.4419665484034465
12,3,0.1,none,4.0,T2_mid,1973,21.09477952356817,2.8086042433778715,-3.5921019686206193,23.25467930505101,-29.77261494009675,0.8487957946343618,-1.0867004453135314,1.3284965991377546,53.027294245147765,-0.06412165166219701,-0.99799051648974,0.4161175874303092
12,3,0.1,none,4.0,T3_illiquid,1973,21.056259503294477,3.6245775726916807,-13.153021533816927,26.102397341906517,-95.5155699740461,0.9527375029795879,-3.4863183040526824,1.3751154530551388,121.61796731595261,-0.07787576596255488,-0.9999999949597526,0.17029903699949317
12,3,0.2,demean,4.0,T1_liquid,1973,43.334009123162694,0.49234457648697955,-2.9029968532102886,2.60225934071092,-15.359362344820335,0.09498246593594858,-0.5606167255859422,1.1053188533888962,17.961621685531256,-0.019703572427301013,-0.9578143373233923,0.4232133806386214
12,3,0.2,demean,4.0,T2_mid,1973,43.19006588950836,2.5835573601348316,-6.1929277205695135,13.88435358466509,-33.31415161371219,0.5067789058402757,-1.2159665339004948,1.173541847104757,47.198505198377276,-0.06412165166219701,-0.9987453316176692,0.3355296502787633
12,3,0.2,demean,4.0,T3_illiquid,1973,43.099847947288396,3.364915461082901,-17.531017043026015,17.16554831107234,-90.38314259818542,0.6265425133541404,-3.2989847048337677,1.2113208362818517,107.54869090925777,-0.07787576596255488,-0.9999999847693997,0.11708058793715155
12,3,0.2,none,4.0,T1_liquid,1973,43.334009123162694,0.49234457648697955,-2.9029968532102886,2.60225934071092,-15.359362344820335,0.09498246593594858,-0.5606167255859422,1.1053188533888962,17.961621685531256,-0.019703572427301013,-0.9578143373233923,0.4232133806386214
12,3,0.2,none,4.0,T2_mid,1973,43.19006588950836,2.5835573601348316,-6.1929277205695135,13.88435358466509,-33.31415161371219,0.5067789058402757,-1.2159665339004948,1.173541847104757,47.198505198377276,-0.06412165166219701,-0.9987453316176692,0.3355296502787633
12,3,0.2,none,4.0,T3_illiquid,1973,43.099847947288396,3.364915461082901,-17.531017043026015,17.16554831107234,-90.38314259818542,0.6265425133541404,-3.2989847048337677,1.2113208362818517,107.54869090925777,-0.07787576596255488,-0.9999999847693997,0.11708058793715155
12,3,0.3,demean,4.0,T1_liquid,1973,65.33198175367461,0.58461573322998,-3.271889277269548,2.4181284096123186,-13.540653208707829,0.08826168695084963,-0.4942338421178357,0.9780515999034197,15.958781618320149,-0.019703572427301013,-0.9349995114240769,0.41409021794221995
12,3,0.3,demean,4.0,T2_mid,1973,65.06741003547897,2.686454431391249,-7.663561541913431,10.8981197515108,-31.11844949910609,0.39778137093014415,-1.1358234067173725,1.0386838909305305,42.016569250616904,-0.06412165166219701,-0.9979618637045455,0.30207805372529145
12,3,0.3,demean,4.0,T3_illiquid,1973,64.8362899138368,3.49117479450863,-20.48040803237877,13.53986316470733,-80.92568615867492,0.49420500551181756,-2.9537875447916346,1.0629693025678646,94.46554932338225,-0.07787576596255488,-0.9999998963082339,0.0957932083122149
12,3,0.3,none,4.0,T1_liquid,1973,65.33198175367461,0.58461573322998,-3.271889277269548,2.4181284096123186,-13.540653208707829,0.08826168695084963,-0.4942338421178357,0.9780515999034197,15.958781618320149,-0.019703572427301013,-0.9349995114240769,0.41409021794221995
12,3,0.3,none,4.0,T2_mid,1973,65.06741003547897,2.686454431391249,-7.663561541913431,10.8981197515108,-31.11844949910609,0.39778137093014415,-1.1358234067173725,1.0386838909305305,42.016569250616904,-0.06412165166219701,-0.9979618637045455,0.30207805372529145
12,3,0.3,none,4.0,T3_illiquid,1973,64.8362899138368,3.49117479450863,-20.48040803237877,13.53986316470733,-80.92568615867492,0.49420500551181756,-2.9537875447916346,1.0629693025678646,94.46554932338225,-0.07787576596255488,-0.9999998963082339,0.0957932083122149
12,6,0.1,demean,4.0,T1_liquid,1973,21.14749113025849,0.21764161003752985,-1.3901735115850828,2.734032260445503,-17.468121625540107,0.09979217750626086,-0.6375864393322138,1.2484221767419943,20.202153885985613,-0.029262374444045454,-0.9850729220587715,0.461226558540294
12,6,0.1,demean,4.0,T2_mid,1973,21.09477952356817,2.4267422591527166,-2.020761765381157,28.91399085902774,-24.113303386120023,1.0553606663545125,-0.8801355735933808,1.3284965991377546,53.027294245147765,-0.06763155554981104,-0.9958460878243216,0.46224024328433855
12,6,0.1,demean,4.0,T3_illiquid,1973,21.056259503294477,3.3473312095587437,-7.6938317823571465,36.79790257838389,-84.82006473756873,1.3431234441110118,-3.0959323629212583,1.3751154530551388,121.61796731595261,-0.08400503662056404,-0.9999999688468253,0.25342118601115055
12,6,0.1,none,4.0,T1_liquid,1973,21.14749113025849,0.21764161003752985,-1.3901735115850828,2.734032260445503,-17.468121625540107,0.09979217750626086,-0.6375864393322138,1.2484221767419943,20.202153885985613,-0.029262374444045454,-0.9850729220587715,0.461226558540294
12,6,0.1,none,4.0,T2_mid,1973,21.09477952356817,2.4267422591527166,-2.020761765381157,28.91399085902774,-24.113303386120023,1.0553606663545125,-0.8801355735933808,1.3284965991377546,53.027294245147765,-0.06763155554981104,-0.9958460878243216,0.46224024328433855
12,6,0.1,none,4.0,T3_illiquid,1973,21.056259503294477,3.3473312095587437,-7.6938317823571465,36.79790257838389,-84.82006473756873,1.3431234441110118,-3.0959323629212583,1.3751154530551388,121.61796731595261,-0.08400503662056404,-0.9999999688468253,0.25342118601115055
12,6,0.2,demean,4.0,T1_liquid,1973,43.334009123162694,0.48761216555428377,-1.8099499893155782,3.810124593404002,-14.151497092127252,0.13906954765924606,-0.5165296438626448,1.1053188533888962,17.961621685531256,-0.029262374444045454,-0.9556158694404726,0.4581855043081602
12,6,0.2,demean,4.0,T2_mid,1973,43.19006588950836,2.216184695834808,-3.996313089472768,16.822198934827256,-30.37630626355003,0.6140102611211948,-1.108735178619576,1.173541847104757,47.198505198377276,-0.06763155554981104,-0.9980312219832759,0.39939178915357326
12,6,0.2,demean,4.0,T3_illiquid,1973,43.099847947288396,3.2064350251630724,-10.760544815048736,24.614263441638432,-82.93442746761932,0.8984206156198028,-3.027106602568105,1.2113208362818517,107.54869090925777,-0.08400503662056404,-0.9999999427642365,0.19462747085656362
12,6,0.2,none,4.0,T1_liquid,1973,43.334009123162694,0.48761216555428377,-1.8099499893155782,3.810124593404002,-14.151497092127252,0.13906954765924606,-0.5165296438626448,1.1053188533888962,17.961621685531256,-0.029262374444045454,-0.9556158694404726,0.4581855043081602
12,6,0.2,none,4.0,T2_mid,1973,43.19006588950836,2.216184695834808,-3.996313089472768,16.822198934827256,-30.37630626355003,0.6140102611211948,-1.108735178619576,1.173541847104757,47.198505198377276,-0.06763155554981104,-0.9980312219832759,0.39939178915357326
12,6,0.2,none,4.0,T3_illiquid,1973,43.099847947288396,3.2064350251630724,-10.760544815048736,24.614263441638432,-82.93442746761932,0.8984206156198028,-3.027106602568105,1.2113208362818517,107.54869090925777,-0.08400503662056404,-0.9999999427642365,0.19462747085656362
12,6,0.3,demean,4.0,T1_liquid,1973,65.33198175367461,0.6571789094863666,-1.9956152079223148,3.9526062340742976,-12.006175384245848,0.14427012754371188,-0.43822540152497347,0.9780515999034197,15.958781618320149,-0.029262374444045454,-0.9229686405972342,0.44906234161175873
12,6,0.3,demean,4.0,T2_mid,1973,65.06741003547897,2.1205486579019395,-4.987254778297442,12.520431754442841,-29.496137496174047,0.4569957590371637,-1.0766090186103527,1.0386838909305305,42.016569250616904,-0.06763155554981104,-0.9974276590944112,0.3806386213887481
12,6,0.3,demean,4.0,T3_illiquid,1973,64.8362899138368,3.2816899381123332,-13.16879116925822,18.76758757714755,-75.6979617462347,0.6850169465658856,-2.7629756037375666,1.0629693025678646,94.46554932338225,-0.08400503662056404,-0.9999997280077109,0.16624429802331475
12,6,0.3,none,4.0,T1_liquid,1973,65.33198175367461,0.6571789094863666,-1.9956152079223148,3.9526062340742976,-12.006175384245848,0.14427012754371188,-0.43822540152497347,0.9780515999034197,15.958781618320149,-0.029262374444045454,-0.9229686405972342,0.44906234161175873
12,6,0.3,none,4.0,T2_mid,1973,65.06741003547897,2.1205486579019395,-4.987254778297442,12.520431754442841,-29.496137496174047,0.4569957590371637,-1.0766090186103527,1.0386838909305305,42.016569250616904,-0.06763155554981104,-0.9974276590944112,0.3806386213887481
12,6,0.3,none,4.0,T3_illiquid,1973,64.8362899138368,3.2816899381123332,-13.16879116925822,18.76758757714755,-75.6979617462347,0.6850169465658856,-2.7629756037375666,1.0629693025678646,94.46554932338225,-0.08400503662056404,-0.9999997280077109,0.16624429802331475
12,12,0.1,demean,4.0,T1_liquid,1973,21.14749113025849,-0.29796325970453097,-1.5161006912575015,-4.941020827070628,-25.14317471305624,-0.18034726018807792,-0.9177258770265528,1.2484221767419943,20.202153885985613,-0.02565749877290502,-0.9986162686455005,0.4683223517486062
12,12,0.1,demean,4.0,T2_mid,1973,21.09477952356817,2.6989057984411526,-0.7001315393559892,42.097816047249715,-10.92947819789805,1.5365702857246146,-0.3989259542232788,1.3284965991377546,53.027294245147765,-0.0637244785562878,-0.9903896035596266,0.4835276229092752
12,12,0.1,demean,4.0,T3_illiquid,1973,21.056259503294477,3.06521397043364,-4.860263980483561,47.02964498250262,-74.58832233345,1.7165820418613456,-2.7224737651709248,1.3751154530551388,121.61796731595261,-0.07468827714224868,-0.9999998495975618,0.30917384693360367
12,12,0.1,none,4.0,T1_liquid,1973,21.14749113025849,-0.29796325970453097,-1.5161006912575015,-4.941020827070628,-25.14317471305624,-0.18034726018807792,-0.9177258770265528,1.2484221767419943,20.202153885985613,-0.02565749877290502,-0.9986162686455005,0.4683223517486062
12,12,0.1,none,4.0,T2_mid,1973,21.09477952356817,2.6989057984411526,-0.7001315393559892,42.097816047249715,-10.92947819789805,1.5365702857246146,-0.3989259542232788,1.3284965991377546,53.027294245147765,-0.0637244785562878,-0.9903896035596266,0.4835276229092752
12,12,0.1,none,4.0,T3_illiquid,1973,21.056259503294477,3.06521397043364,-4.860263980483561,47.02964498250262,-74.58832233345,1.7165820418613456,-2.7224737651709248,1.3751154530551388,121.61796731595261,-0.07468827714224868,-0.9999998495975618,0.30917384693360367
12,12,0.2,demean,4.0,T1_liquid,1973,43.334009123162694,0.13840778346519358,-1.5815154584358695,1.445057738763649,-16.516563946767604,0.05274460746487318,-0.6028545840570175,1.1053188533888962,17.961621685531256,-0.02565749877290502,-0.9825629558657677,0.4738976178408515
12,12,0.2,demean,4.0,T2_mid,1973,43.19006588950836,2.618472094294793,-2.1185526893747784,26.081407290931253,-21.117097907446027,0.9519713661189908,-0.7707740736217801,1.173541847104757,47.198505198377276,-0.0637244785562878,-0.9921710339661157,0.4384186517992904
12,12,0.2,demean,4.0,T3_illiquid,1973,43.099847947288396,2.997962145825008,-7.124846556111039,31.833948681071618,-75.71474222818614,1.161939126859114,-2.7635880913287942,1.2113208362818517,107.54869090925777,-0.07468827714224868,-0.9999998217093742,0.2579827673593512
12,12,0.2,none,4.0,T1_liquid,1973,43.334009123162694,0.13840778346519358,-1.5815154584358695,1.445057738763649,-16.516563946767604,0.05274460746487318,-0.6028545840570175,1.1053188533888962,17.961621685531256,-0.02565749877290502,-0.9825629558657677,0.4738976178408515
12,12,0.2,none,4.0,T2_mid,1973,43.19006588950836,2.618472094294793,-2.1185526893747784,26.081407290931253,-21.117097907446027,0.9519713661189908,-0.7707740736217801,1.173541847104757,47.198505198377276,-0.0637244785562878,-0.9921710339661157,0.4384186517992904
12,12,0.2,none,4.0,T3_illiquid,1973,43.099847947288396,2.997962145825008,-7.124846556111039,31.833948681071618,-75.71474222818614,1.161939126859114,-2.7635880913287942,1.2113208362818517,107.54869090925777,-0.07468827714224868,-0.9999998217093742,0.2579827673593512
12,12,0.3,demean,4.0,T1_liquid,1973,65.33198175367461,0.26871666571255665,-1.7287545109979288,2.146667119376056,-13.812114498944089,0.07835334985722604,-0.5041421792114592,0.9780515999034197,15.958781618320149,-0.02565749877290502,-0.9603835716974846,0.4673086670045616
12,12,0.3,demean,4.0,T2_mid,1973,65.06741003547897,2.5175417744928428,-2.9086617419457292,19.48946184855309,-22.5271074020638,0.7113653574721879,-0.8222394201753287,1.0386838909305305,42.016569250616904,-0.0637244785562878,-0.9920756091700194,0.4156107450582869
12,12,0.3,demean,4.0,T3_illiquid,1973,64.8362899138368,2.8982583378472473,-8.64550546696943,23.716711491237962,-70.74883783214429,0.8656599694301856,-2.5823325808732664,1.0629693025678646,94.46554932338225,-0.07468827714224868,-0.99999939436827,0.23618854536239228
12,12,0.3,none,4.0,T1_liquid,1973,65.33198175367461,0.26871666571255665,-1.7287545109979288,2.146667119376056,-13.812114498944089,0.07835334985722604,-0.5041421792114592,0.9780515999034197,15.958781618320149,-0.02565749877290502,-0.9603835716974846,0.4673086670045616
12,12,0.3,none,4.0,T2_mid,1973,65.06741003547897,2.5175417744928428,-2.9086617419457292,19.48946184855309,-22.5271074020638,0.7113653574721879,-0.8222394201753287,1.0386838909305305,42.016569250616904,-0.0637244785562878,-0.9920756091700194,0.4156107450582869
12,12,0.3,none,4.0,T3_illiquid,1973,64.8362899138368,2.8982583378472473,-8.64550546696943,23.716711491237962,-70.74883783214429,0.8656599694301856,-2.5823325808732664,1.0629693025678646,94.46554932338225,-0.07468827714224868,-0.99999939436827,0.23618854536239228
12,24,0.1,demean,4.0,T1_liquid,1973,21.14749113025849,-1.1740886399434143,-2.0184505507697983,-28.085016778127123,-48.28717066411274,-1.02510311240164,-1.7624817292401151,1.2484221767419943,20.202153885985613,-0.019038722255718708,-0.9999960220347441,0.4617334009123163
12,24,0.1,demean,4.0,T2_mid,1973,21.09477952356817,2.4895778645611792,0.09786012144614975,55.19865003793066,2.171355792782892,2.0147507263844693,0.07925448643657557,1.3284965991377546,53.027294245147765,-0.06114191919572248,-0.917351217623783,0.5063355296502787
12,24,0.1,demean,4.0,T3_illiquid,1973,21.056259503294477,2.6648861534142765,-3.3470715465790217,53.87634963456943,-67.74161768138319,1.9664867616617843,-2.472569045370486,1.3751154530551388,121.61796731595261,-0.06877879175484623,-0.9999997029446552,0.3699949315762798
12,24,0.1,none,4.0,T1_liquid,1973,21.14749113025849,-1.1740886399434143,-2.0184505507697983,-28.085016778127123,-48.28717066411274,-1.02510311240164,-1.7624817292401151,1.2484221767419943,20.202153885985613,-0.019038722255718708,-0.9999960220347441,0.4617334009123163
12,24,0.1,none,4.0,T2_mid,1973,21.09477952356817,2.4895778645611792,0.09786012144614975,55.19865003793066,2.171355792782892,2.0147507263844693,0.07925448643657557,1.3284965991377546,53.027294245147765,-0.06114191919572248,-0.917351217623783,0.5063355296502787
12,24,0.1,none,4.0,T3_illiquid,1973,21.056259503294477,2.6648861534142765,-3.3470715465790217,53.87634963456943,-67.74161768138319,1.9664867616617843,-2.472569045370486,1.3751154530551388,121.61796731595261,-0.06877879175484623,-0.9999997029446552,0.3699949315762798
12,24,0.2,demean,4.0,T1_liquid,1973,43.334009123162694,-0.8378675480355261,-2.046689467777721,-12.446908523688702,-30.408530209219954,-0.4543121611146376,-1.1099113526365283,1.1053188533888962,17.961621685531256,-0.019038722255718708,-0.9992287360996429,0.45565129244804864
12,24,0.2,demean,4.0,T2_mid,1973,43.19006588950836,2.442656078513038,-0.6826046789642526,36.89144224230049,-10.30706295607679,1.346537641843968,-0.3762077978968028,1.173541847104757,47.198505198377276,-0.06114191919572248,-0.9628041117100579,0.4870755195134313
12,24,0.2,demean,4.0,T3_illiquid,1973,43.099847947288396,3.1502247871920845,-4.722617244234188,43.01162356783478,-64.53706734142297,1.5699242602259698,-2.3556029579619384,1.2113208362818517,107.54869090925777,-0.06877879175484623,-0.9999987877713382,0.31474911302584896
12,24,0.2,none,4.0,T1_liquid,1973,43.334009123162694,-0.8378675480355261,-2.046689467777721,-12.446908523688702,-30.408530209219954,-0.4543121611146376,-1.1099113526365283,1.1053188533888962,17.961621685531256,-0.019038722255718708,-0.9992287360996429,0.45565129244804864
12,24,0.2,none,4.0,T2_mid,1973,43.19006588950836,2.442656078513038,-0.6826046789642526,36.89144224230049,-10.30706295607679,1.346537641843968,-0.3762077978968028,1.173541847104757,47.198505198377276,-0.06114191919572248,-0.9628041117100579,0.4870755195134313
12,24,0.2,none,4.0,T3_illiquid,1973,43.099847947288396,3.1502247871920845,-4.722617244234188,43.01162356783478,-64.53706734142297,1.5699242602259698,-2.3556029579619384,1.2113208362818517,107.54869090925777,-0.06877879175484623,-0.9999987877713382,0.31474911302584896
12,24,0.3,demean,4.0,T1_liquid,1973,65.33198175367461,-0.6816473172900306,-2.0857101527686366,-7.746802518053198,-23.70558413637334,-0.28275829190894175,-0.8652538209776269,0.9780515999034197,15.958781618320149,-0.019038722255718708,-0.9956582194892307,0.4546376077040041
12,24,0.3,demean,4.0,T2_mid,1973,65.06741003547897,2.3931033627651273,-1.2119453944887464,27.892208973717388,-14.124360276899504,1.0180656275406847,-0.5155391501068319,1.0386838909305305,42.016569250616904,-0.06114191919572248,-0.9734951901661545,0.4581855043081602
12,24,0.3,demean,4.0,T3_illiquid,1973,64.8362899138368,3.009617637718636,-5.442362558438143,33.623660785893854,-60.84188853748839,1.2272636186851258,-2.2207289316183263,1.0629693025678646,94.46554932338225,-0.06877879175484623,-0.9999968318995957,0.30461226558540294
12,24,0.3,none,4.0,T1_liquid,1973,65.33198175367461,-0.6816473172900306,-2.0857101527686366,-7.746802518053198,-23.70558413637334,-0.28275829190894175,-0.8652538209776269,0.9780515999034197,15.958781618320149,-0.019038722255718708,-0.9956582194892307,0.4546376077040041
12,24,0.3,none,4.0,T2_mid,1973,65.06741003547897,2.3931033627651273,-1.2119453944887464,27.892208973717388,-14.124360276899504,1.0180656275406847,-0.5155391501068319,1.0386838909305305,42.016569250616904,-0.06114191919572248,-0.9734951901661545,0.4581855043081602
12,24,0.3,none,4.0,T3_illiquid,1973,64.8362899138368,3.009617637718636,-5.442362558438143,33.623660785893854,-60.84188853748839,1.2272636186851258,-2.2207289316183263,1.0629693025678646,94.46554932338225,-0.06877879175484623,-0.9999968318995957,0.30461226558540294
24,3,0.1,demean,4.0,T1_liquid,1973,21.14749113025849,0.8607508198250536,-0.821225473765115,7.644519213705486,-7.294902264742858,0.27902495130025023,-0.2662639326631143,0.9200343273328575,14.939421478448342,-0.027195961486393822,-0.8696255686273284,0.4835276229092752
24,3,0.1,demean,4.0,T2_mid,1973,21.09477952356817,2.4573803874149354,-2.482756638963657,20.26096230487169,-20.4899586781831,0.7395251241278167,-0.7478834917536831,1.0226237706090722,40.75092098305479,-0.07062162657700909,-0.9881774751079436,0.4384186517992904
24,3,0.1,demean,4.0,T3_illiquid,1973,21.056259503294477,3.418730028346197,-10.199548192394532,23.87477453206214,-71.41349907134071,0.8714292704202682,-2.6065927161039357,1.081826487135661,95.28827360340286,-0.07212852952604715,-0.9999994356804294,0.2326406487582362
24,3,0.1,none,4.0,T1_liquid,1973,21.14749113025849,0.8607508198250536,-0.821225473765115,7.644519213705486,-7.294902264742858,0.27902495130025023,-0.2662639326631143,0.9200343273328575,14.939421478448342,-0.027195961486393822,-0.8696255686273284,0.4835276229092752
24,3,0.1,none,4.0,T2_mid,1973,21.09477952356817,2.4573803874149354,-2.482756638963657,20.26096230487169,-20.4899586781831,0.7395251241278167,-0.7478834917536831,1.0226237706090722,40.75092098305479,-0.07062162657700909,-0.9881774751079436,0.4384186517992904
24,3,0.1,none,4.0,T3_illiquid,1973,21.056259503294477,3.418730028346197,-10.199548192394532,23.87477453206214,-71.41349907134071,0.8714292704202682,-2.6065927161039357,1.081826487135661,95.28827360340286,-0.07212852952604715,-0.9999994356804294,0.2326406487582362
24,3,0.2,demean,4.0,T1_liquid,1973,43.334009123162694,0.7575930038877632,-1.589366033595464,4.219628610704272,-8.853554157484782,0.15401644429070593,-0.3231547267481945,0.8000146656119693,13.073182768189053,-0.027195961486393822,-0.863861518545369,0.45717181956411557
24,3,0.2,demean,4.0,T2_mid,1973,43.19006588950836,2.924902671721643,-3.8349314492058286,15.316143416054043,-20.12419330999779,0.5590392346859726,-0.7345330558149193,0.8801810242694774,35.44033672605183,-0.07062162657700909,-0.9848774083503249,0.3998986315255955
24,3,0.2,demean,4.0,T3_illiquid,1973,43.099847947288396,3.4671364358920735,-12.854532716517111,17.284513899179014,-64.26446580731792,0.630884757320034,-2.3456530019671042,0.9224833776025668,81.54897970649695,-0.07212852952604715,-0.9999973053079392,0.1804358844399392
24,3,0.2,none,4.0,T1_liquid,1973,43.334009123162694,0.7575930038877632,-1.589366033595464,4.219628610704272,-8.853554157484782,0.15401644429070593,-0.3231547267481945,0.8000146656119693,13.073182768189053,-0.027195961486393822,-0.863861518545369,0.45717181956411557
24,3,0.2,none,4.0,T2_mid,1973,43.19006588950836,2.924902671721643,-3.8349314492058286,15.316143416054043,-20.12419330999779,0.5590392346859726,-0.7345330558149193,0.8801810242694774,35.44033672605183,-0.07062162657700909,-0.9848774083503249,0.3998986315255955
24,3,0.2,none,4.0,T3_illiquid,1973,43.099847947288396,3.4671364358920735,-12.854532716517111,17.284513899179014,-64.26446580731792,0.630884757320034,-2.3456530019671042,0.9224833776025668,81.54897970649695,-0.07212852952604715,-0.9999973053079392,0.1804358844399392
24,3,0.3,demean,4.0,T1_liquid,1973,65.33198175367461,0.5233208263773549,-2.182696250475757,2.225512576869606,-9.279696708740563,0.08123120905574062,-0.33870892986903056,0.6998717150308769,11.50520928561017,-0.027195961486393822,-0.8633077344740506,0.44956918398378104
24,3,0.3,demean,4.0,T2_mid,1973,65.06538266599088,2.7733062597498526,-4.856269315605364,11.344989556313458,-19.91550561742835,0.4140921188054412,-0.7269159550361349,0.7700057021215713,31.260495173741813,-0.07062162657700909,-0.9833469691600214,0.3775975671566143
24,3,0.3,demean,4.0,T3_illiquid,1973,64.8362899138368,3.6547181412916405,-14.493744605467864,14.092647656830165,-56.692210027826754,0.514381639474301,-2.0692656660156765,0.7998306606940775,70.78485768465693,-0.07212852952604715,-0.9999875321356643,0.16117587430309174
24,3,0.3,none,4.0,T1_liquid,1973,65.33198175367461,0.5233208263773549,-2.182696250475757,2.225512576869606,-9.279696708740563,0.08123120905574062,-0.33870892986903056,0.6998717150308769,11.50520928561017,-0.027195961486393822,-0.8633077344740506,0.44956918398378104
24,3,0.3,none,4.0,T2_mid,1973,65.06538266599088,2.7733062597498526,-4.856269315605364,11.344989556313458,-19.91550561742835,0.4140921188054412,-0.7269159550361349,0.7700057021215713,31.260495173741813,-0.07062162657700909,-0.9833469691600214,0.3775975671566143
24,3,0.3,none,4.0,T3_illiquid,1973,64.8362899138368,3.6547181412916405,-14.493744605467864,14.092647656830165,-56.692210027826754,0.514381639474301,-2.0692656660156765,0.7998306606940775,70.78485768465693,-0.07212852952604715,-0.9999875321356643,0.16117587430309174
24,6,0.1,demean,4.0,T1_liquid,1973,21.14749113025849,-0.02692388202907236,-1.1757699861713198,-0.350026464434524,-15.289447942882868,-0.012775965951860126,-0.5580648499152246,0.9200343273328575,14.939421478448342,-0.03239910399498512,-0.9840273310464429,0.49163710086163204
24,6,0.1,demean,4.0,T2_mid,1973,21.09477952356817,1.8044747984500764,-1.6213413788877855,21.45777742072361,-19.29314356233119,0.7832088758564116,-0.7041997400250883,1.0226237706090722,40.75092098305479,-0.07552331356760983,-0.9901353257450594,0.4845413076533198
24,6,0.1,demean,4.0,T3_illiquid,1973,21.056259503294477,3.166331143686858,-6.032420684901695,32.75620254869125,-62.53207105471161,1.1956013930272307,-2.2824205934969735,1.081826487135661,95.28827360340286,-0.07957377562787775,-0.9999975934760241,0.31525595539787127
24,6,0.1,none,4.0,T1_liquid,1973,21.14749113025849,-0.02692388202907236,-1.1757699861713198,-0.350026464434524,-15.289447942882868,-0.012775965951860126,-0.5580648499152246,0.9200343273328575,14.939421478448342,-0.03239910399498512,-0.9840273310464429,0.49163710086163204
24,6,0.1,none,4.0,T2_mid,1973,21.09477952356817,1.8044747984500764,-1.6213413788877855,21.45777742072361,-19.29314356233119,0.7832088758564116,-0.7041997400250883,1.0226237706090722,40.75092098305479,-0.07552331356760983,-0.9901353257450594,0.4845413076533198
24,6,0.1,none,4.0,T3_illiquid,1973,21.056259503294477,3.166331143686858,-6.032420684901695,32.75620254869125,-62.53207105471161,1.1956013930272307,-2.2824205934969735,1.081826487135661,95.28827360340286,-0.07957377562787775,-0.9999975934760241,0.31525595539787127
24,6,0.2,demean,4.0,T1_liquid,1973,43.334009123162694,-0.07481346286495959,-1.6676556432711493,-0.6140065331983239,-13.687189301387376,-0.02241123846173882,-0.49958240950063926,0.8000146656119693,13.073182768189053,-0.03239910399498512,-0.9594076063705331,0.4607197161682717
24,6,0.2,demean,4.0,T2_mid,1973,43.19006588950836,2.310027484257882,-2.443101035073699,17.21911475233205,-18.221221973719782,0.6284976884601199,-0.6650746020407721,0.8801810242694774,35.44033672605183,-0.07552331356760983,-0.981903932101417,0.4546376077040041
24,6,0.2,demean,4.0,T3_illiquid,1973,43.099847947288396,3.290704191377716,-8.21631093507186,23.30451487260273,-58.24446483389422,0.8506147928499997,-2.125922966437139,0.9224833776025668,81.54897970649695,-0.07957377562787775,-0.9999923603407441,0.25646224024328435
24,6,0.2,none,4.0,T1_liquid,1973,43.334009123162694,-0.07481346286495959,-1.6676556432711493,-0.6140065331983239,-13.687189301387376,-0.02241123846173882,-0.49958240950063926,0.8000146656119693,13.073182768189053,-0.03239910399498512,-0.9594076063705331,0.4607197161682717
24,6,0.2,none,4.0,T2_mid,1973,43.19006588950836,2.310027484257882,-2.443101035073699,17.21911475233205,-18.221221973719782,0.6284976884601199,-0.6650746020407721,0.8801810242694774,35.44033672605183,-0.07552331356760983,-0.981903932101417,0.4546376077040041
24,6,0.2,none,4.0,T3_illiquid,1973,43.099847947288396,3.290704191377716,-8.21631093507186,23.30451487260273,-58.24446483389422,0.8506147928499997,-2.125922966437139,0.9224833776025668,81.54897970649695,-0.07957377562787775,-0.9999923603407441,0.25646224024328435
24,6,0.3,demean,4.0,T1_liquid,1973,65.33198175367461,-0.10608038040974721,-1.949316013311649,-0.6619992994522031,-12.167208585062369,-0.024162974430005413,-0.4441031133547765,0.6998717150308769,11.50520928561017,-0.03239910399498512,-0.9336478384311289,0.45565129244804864
24,6,0.3,demean,4.0,T2_mid,1973,65.06538266599088,2.1913266960941917,-3.1696052521784632,12.765835253149584,-18.494659920592227,0.46595298673995983,-0.6750550871016163,0.7700057021215713,31.260495173741813,-0.07552331356760983,-0.9815669294408707,0.4237202230106437
24,6,0.3,demean,4.0,T3_illiquid,1973,64.8362899138368,3.521482112273614,-8.964879634664781,19.823239820998687,-50.96161786365823,0.723548253466452,-1.8600990520235254,0.7998306606940775,70.78485768465693,-0.07957377562787775,-0.9999653432024623,0.24632539280283833
24,6,0.3,none,4.0,T1_liquid,1973,65.33198175367461,-0.10608038040974721,-1.949316013311649,-0.6619992994522031,-12.167208585062369,-0.024162974430005413,-0.4441031133547765,0.6998717150308769,11.50520928561017,-0.03239910399498512,-0.9336478384311289,0.45565129244804864
24,6,0.3,none,4.0,T2_mid,1973,65.06538266599088,2.1913266960941917,-3.1696052521784632,12.765835253149584,-18.494659920592227,0.46595298673995983,-0.6750550871016163,0.7700057021215713,31.260495173741813,-0.07552331356760983,-0.9815669294408707,0.4237202230106437
24,6,0.3,none,4.0,T3_illiquid,1973,64.8362899138368,3.521482112273614,-8.964879634664781,19.823239820998687,-50.96161786365823,0.723548253466452,-1.8600990520235254,0.7998306606940775,70.78485768465693,-0.07957377562787775,-0.9999653432024623,0.24632539280283833
24,12,0.1,demean,4.0,T1_liquid,1973,21.14749113025849,-0.8460737220159793,-1.67836527032983,-15.186391244818806,-30.125812723267146,-0.5543032804358864,-1.0995921643992508,0.9200343273328575,14.939421478448342,-0.02827928399612501,-0.9996274988464233,0.481500253421186
24,12,0.1,demean,4.0,T2_mid,1973,21.09477952356817,1.6240101952894377,-0.9739970494320898,25.47825743180108,-15.272663551253704,0.9299563962607393,-0.5574522196207602,1.0226237706090722,40.75092098305479,-0.07365044731107116,-0.9870773899033025,0.49822605169792195
24,12,0.1,demean,4.0,T3_illiquid,1973,21.056259503294477,3.146834696514343,-3.3617161274111025,46.031853118122385,-49.256420485280465,1.680162638811467,-1.797859347712737,1.081826487135661,95.28827360340286,-0.0744032144280051,-0.9999797108842244,0.3831728332488596
24,12,0.1,none,4.0,T1_liquid,1973,21.14749113025849,-0.8460737220159793,-1.67836527032983,-15.186391244818806,-30.125812723267146,-0.5543032804358864,-1.0995921643992508,0.9200343273328575,14.939421478448342,-0.02827928399612501,-0.9996274988464233,0.481500253421186
24,12,0.1,none,4.0,T2_mid,1973,21.09477952356817,1.6240101952894377,-0.9739970494320898,25.47825743180108,-15.272663551253704,0.9299563962607393,-0.5574522196207602,1.0226237706090722,40.75092098305479,-0.07365044731107116,-0.9870773899033025,0.49822605169792195
24,12,0.1,none,4.0,T3_illiquid,1973,21.056259503294477,3.146834696514343,-3.3617161274111025,46.031853118122385,-49.256420485280465,1.680162638811467,-1.797859347712737,1.081826487135661,95.28827360340286,-0.0744032144280051,-0.9999797108842244,0.3831728332488596
24,12,0.2,demean,4.0,T1_liquid,1973,43.334009123162694,-0.948842184165532,-2.0939976814413397,-10.828287412623734,-23.90147018081279,-0.3952324905607663,-0.8724036615996669,0.8000146656119693,13.073182768189053,-0.02827928399612501,-0.9965781676705666,0.46224024328433855
24,12,0.2,demean,4.0,T2_mid,1973,43.19006588950836,2.102091417122816,-1.330102626940636,21.699969159730795,-13.740367566321037,0.792048874330174,-0.5015234161707178,0.8801810242694774,35.44033672605183,-0.07365044731107116,-0.9703375241492584,0.4738976178408515
24,12,0.2,demean,4.0,T3_illiquid,1973,43.099847947288396,3.0332884248958325,-5.024429732076013,30.68258644955433,-50.86639325694262,1.1199144054087329,-1.8566233538784056,0.9224833776025668,81.54897970649695,-0.0744032144280051,-0.9999761208820419,0.3223517486061835
24,12,0.2,none,4.0,T1_liquid,1973,43.334009123162694,-0.948842184165532,-2.0939976814413397,-10.828287412623734,-23.90147018081279,-0.3952324905607663,-0.8724036615996669,0.8000146656119693,13.073182768189053,-0.02827928399612501,-0.9965781676705666,0.46224024328433855
24,12,0.2,none,4.0,T2_mid,1973,43.19006588950836,2.102091417122816,-1.330102626940636,21.699969159730795,-13.740367566321037,0.792048874330174,-0.5015234161707178,0.8801810242694774,35.44033672605183,-0.07365044731107116,-0.9703375241492584,0.4738976178408515
24,12,0.2,none,4.0,T3_illiquid,1973,43.099847947288396,3.0332884248958325,-5.024429732076013,30.68258644955433,-50.86639325694262,1.1199144054087329,-1.8566233538784056,0.9224833776025668,81.54897970649695,-0.0744032144280051,-0.9999761208820419,0.3223517486061835
24,12,0.3,demean,4.0,T1_liquid,1973,65.33198175367461,-0.8134548918074151,-2.1579311832682198,-6.958612636530635,-18.463821922140806,-0.2539893612333682,-0.6739295001581393,0.6998717150308769,11.50520928561017,-0.02827928399612501,-0.9853328115102877,0.4637607704004055
24,12,0.3,demean,4.0,T2_mid,1973,65.06538266599088,2.2607627147051965,-1.6721241366307724,17.961941774100666,-13.298553399641149,0.6556108747546743,-0.48539719908690193,0.7700057021215713,31.260495173741813,-0.07365044731107116,-0.9596958899464099,0.45970603142422706
24,12,0.3,demean,4.0,T3_illiquid,1973,64.8362899138368,3.381451613215909,-5.59695487720443,26.59610401582628,-44.18875366883065,0.9707577965776593,-1.6128895089123187,0.7998306606940775,70.78485768465693,-0.0744032144280051,-0.9998835179798223,0.30511910795742525
24,12,0.3,none,4.0,T1_liquid,1973,65.33198175367461,-0.8134548918074151,-2.1579311832682198,-6.958612636530635,-18.463821922140806,-0.2539893612333682,-0.6739295001581393,0.6998717150308769,11.50520928561017,-0.02827928399612501,-0.9853328115102877,0.4637607704004055
24,12,0.3,none,4.0,T2_mid,1973,65.06538266599088,2.2607627147051965,-1.6721241366307724,17.961941774100666,-13.298553399641149,0.6556108747546743,-0.48539719908690193,0.7700057021215713,31.260495173741813,-0.07365044731107116,-0.9596958899464099,0.45970603142422706
24,12,0.3,none,4.0,T3_illiquid,1973,64.8362899138368,3.381451613215909,-5.59695487720443,26.59610401582628,-44.18875366883065,0.9707577965776593,-1.6128895089123187,0.7998306606940775,70.78485768465693,-0.0744032144280051,-0.9998835179798223,0.30511910795742525
24,24,0.1,demean,4.0,T1_liquid,1973,21.14749113025849,-1.491944118882506,-2.117882104293979,-35.60119350852714,-50.54061498697548,-1.2994435630612406,-1.844732447024605,0.9200343273328575,14.939421478448342,-0.022013952665823712,-0.9999974796963116,0.4784591991890522
24,24,0.1,demean,4.0,T2_mid,1973,21.09477952356817,0.8901837202874197,-0.841855954449513,20.944214608573606,-19.80670637448118,0.7644638332129365,-0.7229447826685631,1.0226237706090722,40.75092098305479,-0.06462258728537151,-0.9987203834748964,0.501773948302078
24,24,0.1,demean,4.0,T3_illiquid,1973,21.056259503294477,2.388300882574652,-2.4894090430861335,46.63105146187202,-48.65722214153082,1.7020333783583288,-1.7759886081658751,1.081826487135661,95.28827360340286,-0.06440409293298356,-0.9999861224334733,0.40547389761784086
24,24,0.1,none,4.0,T1_liquid,1973,21.14749113025849,-1.491944118882506,-2.117882104293979,-35.60119350852714,-50.54061498697548,-1.2994435630612406,-1.844732447024605,0.9200343273328575,14.939421478448342,-0.022013952665823712,-0.9999974796963116,0.4784591991890522
24,24,0.1,none,4.0,T2_mid,1973,21.09477952356817,0.8901837202874197,-0.841855954449513,20.944214608573606,-19.80670637448118,0.7644638332129365,-0.7229447826685631,1.0226237706090722,40.75092098305479,-0.06462258728537151,-0.9987203834748964,0.501773948302078
24,24,0.1,none,4.0,T3_illiquid,1973,21.056259503294477,2.388300882574652,-2.4894090430861335,46.63105146187202,-48.65722214153082,1.7020333783583288,-1.7759886081658751,1.081826487135661,95.28827360340286,-0.06440409293298356,-0.9999861224334733,0.40547389761784086
24,24,0.2,demean,4.0,T1_liquid,1973,43.334009123162694,-1.6410287462037012,-2.472184068619563,-25.790805035666775,-38.86398780385583,-0.9413643838018373,-1.4185355548407377,0.8000146656119693,13.073182768189053,-0.022013952665823712,-0.9998849566221496,0.45362392295995946
24,24,0.2,demean,4.0,T2_mid,1973,43.19006588950836,1.369313259675755,-0.948780226419998,20.929530690190326,-14.510806035861503,0.7639278701919469,-0.5296444203089449,0.8801810242694774,35.44033672605183,-0.06462258728537151,-0.9858723191929455,0.4931576279776989
24,24,0.2,demean,4.0,T3_illiquid,1973,43.099847947288396,2.3347392678711074,-3.2377821988570736,34.15882808044378,-47.39015162605316,1.246797224936198,-1.7297405343509404,0.9224833776025668,81.54897970649695,-0.06440409293298356,-0.9999695978785891,0.3826659908768373
24,24,0.2,none,4.0,T1_liquid,1973,43.334009123162694,-1.6410287462037012,-2.472184068619563,-25.790805035666775,-38.86398780385583,-0.9413643838018373,-1.4185355548407377,0.8000146656119693,13.073182768189053,-0.022013952665823712,-0.9998849566221496,0.45362392295995946
24,24,0.2,none,4.0,T2_mid,1973,43.19006588950836,1.369313259675755,-0.948780226419998,20.929530690190326,-14.510806035861503,0.7639278701919469,-0.5296444203089449,0.8801810242694774,35.44033672605183,-0.06462258728537151,-0.9858723191929455,0.4931576279776989
24,24,0.2,none,4.0,T3_illiquid,1973,43.099847947288396,2.3347392678711074,-3.2377821988570736,34.15882808044378,-47.39015162605316,1.246797224936198,-1.7297405343509404,0.9224833776025668,81.54897970649695,-0.06440409293298356,-0.9999695978785891,0.3826659908768373
24,24,0.3,demean,4.0,T1_liquid,1973,65.33198175367461,-1.326075591527034,-2.2816464907907315,-15.958538237343346,-27.46374752295351,-0.5824866456630321,-1.0024267845878032,0.6998717150308769,11.50520928561017,-0.022013952665823712,-0.9980490150073584,0.46224024328433855
24,24,0.3,demean,4.0,T2_mid,1973,65.06538266599088,1.8158597949924424,-0.7702816660999661,21.94652227539239,-9.313972898349423,0.8010480630518222,-0.33996001078975396,0.7700057021215713,31.260495173741813,-0.06462258728537151,-0.9526744364271645,0.4749113025848961
24,24,0.3,demean,4.0,T3_illiquid,1973,64.8362899138368,2.596225011121249,-3.674018652921873,29.245844725304238,-41.539012959352696,1.0674733324736045,-1.5161739730163735,0.7998306606940775,70.78485768465693,-0.06440409293298356,-0.9998623506452665,0.36644703497212366
24,24,0.3,none,4.0,T1_liquid,1973,65.33198175367461,-1.326075591527034,-2.2816464907907315,-15.958538237343346,-27.46374752295351,-0.5824866456630321,-1.0024267845878032,0.6998717150308769,11.50520928561017,-0.022013952665823712,-0.9980490150073584,0.46224024328433855
24,24,0.3,none,4.0,T2_mid,1973,65.06538266599088,1.8158597949924424,-0.7702816660999661,21.94652227539239,-9.313972898349423,0.8010480630518222,-0.33996001078975396,0.7700057021215713,31.260495173741813,-0.06462258728537151,-0.9526744364271645,0.4749113025848961
24,24,0.3,none,4.0,T3_illiquid,1973,64.8362899138368,2.596225011121249,-3.674018652921873,29.245844725304238,-41.539012959352696,1.0674733324736045,-1.5161739730163735,0.7998306606940775,70.78485768465693,-0.06440409293298356,-0.9998623506452665,0.36644703497212366
