{
  "BTC_1h_anchor_trigger": {
    "wt2_avg": 0.046802875981518215,
    "wt2_min": 0.051944520361068766,
    "wt2_max": 0.06341951855275116,
    "mfi_pct_green": 0.0651296718223034,
    "rsi_avg": 0.060894165896222756,
    "wt_cross_count": 0.017792162973996085,
    "vol_regime": 0.08932064825977802,
    "ret_1d": 0.13522666459214716,
    "ret_3d": 0.08736871043403116,
    "trend_strength": 0.11697085340938691,
    "cfg_os_level_norm": 0.2582973666011415,
    "cfg_require_mfi": 0.005904370690512929,
    "cfg_reset_above_norm": 0.0003264917214877929,
    "cfg_exit_above_norm": 0.0006019787036542336,
    "cfg_div_lookback_norm": 0.0,
    "cfg_mfi_threshold_norm": 0.0,
    "cfg_ob_stop_norm": 0.0,
    "cfg_strategy_enc_0": 0.0,
    "cfg_strategy_enc_1": 0.0,
    "cfg_strategy_enc_2": 0.0,
    "cfg_strategy_enc_3": 0.0
  },
  "ETH_1h_anchor_trigger": {
    "wt2_avg": 0.04363230736199645,
    "wt2_min": 0.10435139974900402,
    "wt2_max": 0.036688561200854626,
    "mfi_pct_green": 0.04131441949056983,
    "rsi_avg": 0.09962169275566146,
    "wt_cross_count": 0.03353734795341348,
    "vol_regime": 0.1078156671810807,
    "ret_1d": 0.26573915688012434,
    "ret_3d": 0.15694051460488423,
    "trend_strength": 0.0399841234614129,
    "cfg_os_level_norm": 0.047144515774173404,
    "cfg_require_mfi": 0.022259384400856723,
    "cfg_reset_above_norm": 0.000735335889513538,
    "cfg_exit_above_norm": 0.00023557329645431893,
    "cfg_div_lookback_norm": 0.0,
    "cfg_mfi_threshold_norm": 0.0,
    "cfg_ob_stop_norm": 0.0,
    "cfg_strategy_enc_0": 0.0,
    "cfg_strategy_enc_1": 0.0,
    "cfg_strategy_enc_2": 0.0,
    "cfg_strategy_enc_3": 0.0
  },
  "SOL_1h_anchor_trigger": {
    "wt2_avg": 0.08810327735681871,
    "wt2_min": 0.07520266765684785,
    "wt2_max": 0.0987954033016336,
    "mfi_pct_green": 0.03917925354746798,
    "rsi_avg": 0.13384301204297122,
    "wt_cross_count": 0.04150114794530062,
    "vol_regime": 0.11857647563993179,
    "ret_1d": 0.04391436924486428,
    "ret_3d": 0.05937379660723856,
    "trend_strength": 0.08865786741817239,
    "cfg_os_level_norm": 0.21092022210957576,
    "cfg_require_mfi": 0.0013614962250457225,
    "cfg_reset_above_norm": 0.00023782500714538183,
    "cfg_exit_above_norm": 0.00033318589698628815,
    "cfg_div_lookback_norm": 0.0,
    "cfg_mfi_threshold_norm": 0.0,
    "cfg_ob_stop_norm": 0.0,
    "cfg_strategy_enc_0": 0.0,
    "cfg_strategy_enc_1": 0.0,
    "cfg_strategy_enc_2": 0.0,
    "cfg_strategy_enc_3": 0.0
  }
}