formation,holding,quantile,residualize,spread_mult,rebalance_every,tier,n_periods,avg_names,gross_sharpe,net_sharpe,gross_mean_bps,net_mean_bps,gross_ann_return,net_ann_return,avg_turnover,avg_cost_bps,mean_ic,net_max_drawdown,hit_rate
3,3,0.1,demean,0.5,3,T1_liquid,2486,19.045856798069188,-1.5243976936532526,-4.529415784952231,-9.117962508971445,-27.104494240346792,-0.6656112631549154,-1.9786280795453157,1.671724906228124,17.98653173137535,-0.008252100524747773,-0.9991948420174964,0.4420756234915527
3,3,0.1,demean,0.5,3,T2_mid,2486,18.983105390185035,0.20977340457166055,-3.8767182210233857,1.2074261523843466,-22.318570079472206,0.0881421091240573,-1.6292556158014708,1.711095569532818,23.525996231856546,-0.031841733661228715,-0.9972157026689062,0.45132743362831856
3,3,0.1,demean,0.5,3,T3_illiquid,2486,18.942880128720837,0.6667085210868418,-5.700928095541659,3.6862662483685535,-31.561208930816704,0.2690974361309044,-2.303968251949619,1.7708401246112426,35.24747517918526,-0.051247279619191094,-0.9997508616977516,0.39702333065164924
3,3,0.1,none,0.5,3,T1_liquid,2486,19.045856798069188,-1.5243976936532526,-4.529415784952231,-9.117962508971445,-27.104494240346792,-0.6656112631549154,-1.9786280795453157,1.671724906228124,17.98653173137535,-0.008252100524747773,-0.9991948420174964,0.4420756234915527
3,3,0.1,none,0.5,3,T2_mid,2486,18.983105390185035,0.20977340457166055,-3.8767182210233857,1.2074261523843466,-22.318570079472206,0.0881421091240573,-1.6292556158014708,1.711095569532818,23.525996231856546,-0.031841733661228715,-0.9972157026689062,0.45132743362831856
3,3,0.1,none,0.5,3,T3_illiquid,2486,18.942880128720837,0.6667085210868418,-5.700928095541659,3.6862662483685535,-31.561208930816704,0.2690974361309044,-2.303968251949619,1.7708401246112426,35.24747517918526,-0.051247279619191094,-0.9997508616977516,0.39702333065164924
3,3,0.2,demean,0.5,3,T1_liquid,2486,39.16492357200322,-2.153019409048377,-6.490063913464547,-8.188072793367672,-24.686705973090508,-0.59772931391584,-1.802129536035607,1.5329766372632319,16.498633179722837,-0.008252100524747773,-0.9981582933116648,0.3930008045052293
3,3,0.2,demean,0.5,3,T2_mid,2486,39.02413515687852,-0.2933951233904871,-6.238634405415085,-1.0775810015774077,-22.922499317669345,-0.07866341311515075,-1.6733424501898622,1.586786779149985,21.844918316091942,-0.031841733661228715,-0.9971318207026114,0.4022526146419952
3,3,0.2,demean,0.5,3,T3_illiquid,2486,38.9195494770716,1.0271563146449816,-8.085098613325492,3.6687324071264613,-28.909507014170817,0.2678174657202317,-2.1103940120344697,1.6346926758713571,32.578239421297276,-0.051247279619191094,-0.9993623100009221,0.333467417538214
3,3,0.2,none,0.5,3,T1_liquid,2486,39.16492357200322,-2.153019409048377,-6.490063913464547,-8.188072793367672,-24.686705973090508,-0.59772931391584,-1.802129536035607,1.5329766372632319,16.498633179722837,-0.008252100524747773,-0.9981582933116648,0.3930008045052293
3,3,0.2,none,0.5,3,T2_mid,2486,39.02413515687852,-0.2933951233904871,-6.238634405415085,-1.0775810015774077,-22.922499317669345,-0.07866341311515075,-1.6733424501898622,1.586786779149985,21.844918316091942,-0.031841733661228715,-0.9971318207026114,0.4022526146419952
3,3,0.2,none,0.5,3,T3_illiquid,2486,38.9195494770716,1.0271563146449816,-8.085098613325492,3.6687324071264613,-28.909507014170817,0.2678174657202317,-2.1103940120344697,1.6346926758713571,32.578239421297276,-0.051247279619191094,-0.9993623100009221,0.333467417538214
3,3,0.3,demean,0.5,3,T1_liquid,2486,59.05711987127916,-2.2106388531598764,-7.441310843529601,-6.360715176555667,-21.419731883908877,-0.4643322078885637,-1.563640427525348,1.3988672046436292,15.059016707353209,-0.008252100524747773,-0.9955008433473295,0.3809332260659694
3,3,0.3,demean,0.5,3,T2_mid,2486,58.71761866452132,-0.6198448906550904,-7.850095441052487,-1.7074169810476179,-21.639448378754015,-0.12464143961647611,-1.5796797316490432,1.4467559612635925,19.932031397706396,-0.031841733661228715,-0.9956153568204615,0.3656476267095736
3,3,0.3,demean,0.5,3,T3_illiquid,2486,58.50603378921963,0.7636604249246854,-9.783511195290338,2.13594025417225,-27.378406036771604,0.15592363855457428,-1.9986236406843272,1.4803749437522256,29.514346290943855,-0.051247279619191094,-0.9989898808415594,0.3020917135961384
3,3,0.3,none,0.5,3,T1_liquid,2486,59.05711987127916,-2.2106388531598764,-7.441310843529601,-6.360715176555667,-21.419731883908877,-0.4643322078885637,-1.563640427525348,1.3988672046436292,15.059016707353209,-0.008252100524747773,-0.9955008433473295,0.3809332260659694
3,3,0.3,none,0.5,3,T2_mid,2486,58.71761866452132,-0.6198448906550904,-7.850095441052487,-1.7074169810476179,-21.639448378754015,-0.12464143961647611,-1.5796797316490432,1.4467559612635925,19.932031397706396,-0.031841733661228715,-0.9956153568204615,0.3656476267095736
3,3,0.3,none,0.5,3,T3_illiquid,2486,58.50603378921963,0.7636604249246854,-9.783511195290338,2.13594025417225,-27.378406036771604,0.15592363855457428,-1.9986236406843272,1.4803749437522256,29.514346290943855,-0.051247279619191094,-0.9989898808415594,0.3020917135961384
3,6,0.1,demean,0.5,6,T1_liquid,1243,19.050683829444893,0.48375080023835837,-0.9533261100245009,6.100734061071239,-12.024635671770334,0.22267679322910022,-0.4388992020196172,1.6834773432520818,18.12536973284157,-0.01912435716768792,-0.8479345699174091,0.49477071600965405
3,6,0.1,demean,0.5,6,T2_mid,1243,18.98793242156074,2.338138793124998,0.41948452565334376,28.99157433639557,5.200671343850884,1.0581924632784383,0.18982450405055726,1.7304341832298389,23.790902992544684,-0.04179703008645556,-0.5233936899471638,0.5269509251810137
3,6,0.1,demean,0.5,6,T3_illiquid,1243,18.942880128720837,2.348963688502323,-0.6836487951758281,27.149661868460292,-7.90058421741281,0.9909626581988007,-0.2883713239355675,1.7660997110514405,35.0502460858731,-0.07104318427370142,-0.7705762677977274,0.498793242156074
3,6,0.1,none,0.5,6,T1_liquid,1243,19.050683829444893,0.48375080023835837,-0.9533261100245009,6.100734061071239,-12.024635671770334,0.22267679322910022,-0.4388992020196172,1.6834773432520818,18.12536973284157,-0.01912435716768792,-0.8479345699174091,0.49477071600965405
3,6,0.1,none,0.5,6,T2_mid,1243,18.98793242156074,2.338138793124998,0.41948452565334376,28.99157433639557,5.200671343850884,1.0581924632784383,0.18982450405055726,1.7304341832298389,23.790902992544684,-0.04179703008645556,-0.5233936899471638,0.5269509251810137
3,6,0.1,none,0.5,6,T3_illiquid,1243,18.942880128720837,2.348963688502323,-0.6836487951758281,27.149661868460292,-7.90058421741281,0.9909626581988007,-0.2883713239355675,1.7660997110514405,35.0502460858731,-0.07104318427370142,-0.7705762677977274,0.498793242156074
3,6,0.2,demean,0.5,6,T1_liquid,1243,39.17135961383749,0.07092578844236705,-1.9822842534511782,0.5686491910926881,-15.905456642074524,0.020755695474883117,-0.5805491674357202,1.5290952410698508,16.474105833167215,-0.01912435716768792,-0.8816167654739515,0.4585679806918745
3,6,0.2,demean,0.5,6,T2_mid,1243,39.02654867256637,1.5959068788700044,-1.185518812690263,12.39259556100919,-9.20419102266386,0.4523297379768354,-0.33595297232723087,1.5673442965901063,21.596786583673047,-0.04179703008645556,-0.7287581503528455,0.48431214802896216
3,6,0.2,demean,0.5,6,T3_illiquid,1243,38.921962992759454,2.9080916081335793,-1.4614258972588239,21.229837184836654,-10.660938114985049,0.7748890572465379,-0.38912424119695427,1.6039510378346562,31.890775299821698,-0.07104318427370142,-0.7546989338235988,0.4682220434432824
3,6,0.2,none,0.5,6,T1_liquid,1243,39.17135961383749,0.07092578844236705,-1.9822842534511782,0.5686491910926881,-15.905456642074524,0.020755695474883117,-0.5805491674357202,1.5290952410698508,16.474105833167215,-0.01912435716768792,-0.8816167654739515,0.4585679806918745
3,6,0.2,none,0.5,6,T2_mid,1243,39.02654867256637,1.5959068788700044,-1.185518812690263,12.39259556100919,-9.20419102266386,0.4523297379768354,-0.33595297232723087,1.5673442965901063,21.596786583673047,-0.04179703008645556,-0.7287581503528455,0.48431214802896216
3,6,0.2,none,0.5,6,T3_illiquid,1243,38.921962992759454,2.9080916081335793,-1.4614258972588239,21.229837184836654,-10.660938114985049,0.7748890572465379,-0.38912424119695427,1.6039510378346562,31.890775299821698,-0.07104318427370142,-0.7546989338235988,0.4682220434432824
3,6,0.3,demean,0.5,6,T1_liquid,1243,59.05872888173773,0.04521324256126636,-2.3538822636080283,0.2796451666805736,-14.568212587453319,0.010207048583840937,-0.5317397594420461,1.3776228807084827,14.847857754133893,-0.01912435716768792,-0.8499297657097025,0.45293644408688655
3,6,0.3,demean,0.5,6,T2_mid,1243,58.730490748189865,1.143120632761588,-2.0961196343627213,6.859521440153411,-12.579413589003535,0.2503725325655995,-0.459148595998629,1.4088089552173706,19.438935029156948,-0.04179703008645556,-0.802780870098698,0.4505229283990346
3,6,0.3,demean,0.5,6,T3_illiquid,1243,58.511665325824616,2.5492477340803625,-2.3774725631774234,14.701624235623653,-13.69763720626366,0.5366092846002632,-0.4999637580286236,1.42767689127981,28.39926144188731,-0.07104318427370142,-0.8253233942367695,0.4344328238133548
3,6,0.3,none,0.5,6,T1_liquid,1243,59.05872888173773,0.04521324256126636,-2.3538822636080283,0.2796451666805736,-14.568212587453319,0.010207048583840937,-0.5317397594420461,1.3776228807084827,14.847857754133893,-0.01912435716768792,-0.8499297657097025,0.45293644408688655
3,6,0.3,none,0.5,6,T2_mid,1243,58.730490748189865,1.143120632761588,-2.0961196343627213,6.859521440153411,-12.579413589003535,0.2503725325655995,-0.459148595998629,1.4088089552173706,19.438935029156948,-0.04179703008645556,-0.802780870098698,0.4505229283990346
3,6,0.3,none,0.5,6,T3_illiquid,1243,58.511665325824616,2.5492477340803625,-2.3774725631774234,14.701624235623653,-13.69763720626366,0.5366092846002632,-0.4999637580286236,1.42767689127981,28.39926144188731,-0.07104318427370142,-0.8253233942367695,0.4344328238133548
3,12,0.1,demean,0.5,12,T1_liquid,622,19.04823151125402,-0.14591816734753216,-0.9633938039292109,-3.2736046083512202,-21.60709774191469,-0.05974328410240977,-0.39432953378994307,1.7007676094894748,18.33349313356347,-0.010301116558981062,-0.8106894937257877,0.4855305466237942
3,12,0.1,demean,0.5,12,T2_mid,622,18.990353697749196,1.0519120920784784,-0.09514728274547102,22.214860614082937,-2.009455344944637,0.4054212062070136,-0.03667256004523962,1.7602172969938243,24.224315959027575,-0.029347274554698762,-0.4839053039996899,0.5096463022508039
3,12,0.1,demean,0.5,12,T3_illiquid,622,18.94855305466238,1.7156513163186122,0.06530242073091506,36.61228992488906,1.394304612706602,0.6681742911292254,0.02544605918189549,1.7815164158813677,35.21798531218245,-0.054052997940791915,-0.5059909511542331,0.4919614147909968
3,12,0.1,none,0.5,12,T1_liquid,622,19.04823151125402,-0.14591816734753216,-0.9633938039292109,-3.2736046083512202,-21.60709774191469,-0.05974328410240977,-0.39432953378994307,1.7007676094894748,18.33349313356347,-0.010301116558981062,-0.8106894937257877,0.4855305466237942
3,12,0.1,none,0.5,12,T2_mid,622,18.990353697749196,1.0519120920784784,-0.09514728274547102,22.214860614082937,-2.009455344944637,0.4054212062070136,-0.03667256004523962,1.7602172969938243,24.224315959027575,-0.029347274554698762,-0.4839053039996899,0.5096463022508039
3,12,0.1,none,0.5,12,T3_illiquid,622,18.94855305466238,1.7156513163186122,0.06530242073091506,36.61228992488906,1.394304612706602,0.6681742911292254,0.02544605918189549,1.7815164158813677,35.21798531218245,-0.054052997940791915,-0.5059909511542331,0.4919614147909968
3,12,0.2,demean,0.5,12,T1_liquid,622,39.167202572347264,-0.12159714878319738,-1.2873343779988098,-1.730049333434596,-18.31617089594571,-0.03157340033518138,-0.3342701188510092,1.537118247238296,16.58612156251112,-0.010301116558981062,-0.7252143509515507,0.4517684887459807
3,12,0.2,demean,0.5,12,T2_mid,622,39.032154340836016,0.8624274066350989,-0.7183325869079688,12.010998803028128,-10.000072327329544,0.21920072815526334,-0.18250131997376418,1.5937180393401895,22.011071130357678,-0.029347274554698762,-0.5374835938597213,0.4678456591639871
3,12,0.2,demean,0.5,12,T3_illiquid,622,38.91961414790997,1.746992006394871,-0.6726713879116377,22.860239084961215,-8.809623324649266,0.4171993633005422,-0.1607756256748491,1.5988496171813014,31.669862409610474,-0.054052997940791915,-0.49924262438179257,0.4646302250803859
3,12,0.2,none,0.5,12,T1_liquid,622,39.167202572347264,-0.12159714878319738,-1.2873343779988098,-1.730049333434596,-18.31617089594571,-0.03157340033518138,-0.3342701188510092,1.537118247238296,16.58612156251112,-0.010301116558981062,-0.7252143509515507,0.4517684887459807
3,12,0.2,none,0.5,12,T2_mid,622,39.032154340836016,0.8624274066350989,-0.7183325869079688,12.010998803028128,-10.000072327329544,0.21920072815526334,-0.18250131997376418,1.5937180393401895,22.011071130357678,-0.029347274554698762,-0.5374835938597213,0.4678456591639871
3,12,0.2,none,0.5,12,T3_illiquid,622,38.91961414790997,1.746992006394871,-0.6726713879116377,22.860239084961215,-8.809623324649266,0.4171993633005422,-0.1607756256748491,1.5988496171813014,31.669862409610474,-0.054052997940791915,-0.49924262438179257,0.4646302250803859
3,12,0.3,demean,0.5,12,T1_liquid,622,59.054662379421224,-0.08875630450757413,-1.4501147391774334,-0.9732279205841103,-15.905470713631141,-0.017761409550660013,-0.29027484052376834,1.3829029041453351,14.932242793047031,-0.010301116558981062,-0.6556284156862164,0.4565916398713826
3,12,0.3,demean,0.5,12,T2_mid,622,58.72990353697749,0.6140015638429711,-1.1759497850158351,6.778350434105848,-12.981338675358883,0.12370489542243172,-0.2369094308252996,1.4277232661217976,19.759689109464734,-0.029347274554698762,-0.5784694409318245,0.45980707395498394
3,12,0.3,demean,0.5,12,T3_illiquid,622,58.51768488745981,1.6553373236057543,-0.8977661521830833,18.280608956240812,-9.917935187592787,0.3336211134513948,-0.18100231717356838,1.422996756728159,28.1985441438336,-0.054052997940791915,-0.5237704080803269,0.4678456591639871
3,12,0.3,none,0.5,12,T1_liquid,622,59.054662379421224,-0.08875630450757413,-1.4501147391774334,-0.9732279205841103,-15.905470713631141,-0.017761409550660013,-0.29027484052376834,1.3829029041453351,14.932242793047031,-0.010301116558981062,-0.6556284156862164,0.4565916398713826
3,12,0.3,none,0.5,12,T2_mid,622,58.72990353697749,0.6140015638429711,-1.1759497850158351,6.778350434105848,-12.981338675358883,0.12370489542243172,-0.2369094308252996,1.4277232661217976,19.759689109464734,-0.029347274554698762,-0.5784694409318245,0.45980707395498394
3,12,0.3,none,0.5,12,T3_illiquid,622,58.51768488745981,1.6553373236057543,-0.8977661521830833,18.280608956240812,-9.917935187592787,0.3336211134513948,-0.18100231717356838,1.422996756728159,28.1985441438336,-0.054052997940791915,-0.5237704080803269,0.4678456591639871
3,24,0.1,demean,0.5,24,T1_liquid,311,19.05466237942122,0.060354793499739275,-0.3807550281119872,2.530177052592164,-15.955588039764574,0.023087865604903494,-0.14559474086285173,1.7123035592488969,18.485765092356733,-0.008119112059176443,-0.5347168875409642,0.4887459807073955
3,24,0.1,demean,0.5,24,T2_mid,311,18.9967845659164,0.7075697502113094,0.1072682707139035,28.90331225458218,4.3809656981821625,0.2637427243230624,0.039976311995912235,1.778610287533117,24.522346556400016,-0.029772311603811486,-0.6147688837693063,0.5530546623794212
3,24,0.1,demean,0.5,24,T3_illiquid,311,18.964630225080384,1.1627535076376498,0.3093638125396817,48.24059069440092,12.844115042730325,0.4401953900864084,0.11720254976491422,1.8017923841074965,35.3964756516706,-0.05653421590075332,-0.45922752548103574,0.5434083601286174
3,24,0.1,none,0.5,24,T1_liquid,311,19.05466237942122,0.060354793499739275,-0.3807550281119872,2.530177052592164,-15.955588039764574,0.023087865604903494,-0.14559474086285173,1.7123035592488969,18.485765092356733,-0.008119112059176443,-0.5347168875409642,0.4887459807073955
3,24,0.1,none,0.5,24,T2_mid,311,18.9967845659164,0.7075697502113094,0.1072682707139035,28.90331225458218,4.3809656981821625,0.2637427243230624,0.039976311995912235,1.778610287533117,24.522346556400016,-0.029772311603811486,-0.6147688837693063,0.5530546623794212
3,24,0.1,none,0.5,24,T3_illiquid,311,18.964630225080384,1.1627535076376498,0.3093638125396817,48.24059069440092,12.844115042730325,0.4401953900864084,0.11720254976491422,1.8017923841074965,35.3964756516706,-0.05653421590075332,-0.45922752548103574,0.5434083601286174
3,24,0.2,demean,0.5,24,T1_liquid,311,39.18327974276527,-0.5027184804850665,-1.1118614748544537,-13.90327523630418,-30.73815427304211,-0.12686738653127566,-0.28048565774150924,1.555928517580364,16.83487903673793,-0.008119112059176443,-0.6406845280150143,0.4887459807073955
3,24,0.2,demean,0.5,24,T2_mid,311,39.035369774919616,0.2991849164652932,-0.4972819261364026,8.40498157401219,-13.968596973083331,0.07669545686286124,-0.1274634473793854,1.6145016096973859,22.373578547095512,-0.029772311603811486,-0.5518903578091039,0.5144694533762058
3,24,0.2,demean,0.5,24,T3_illiquid,311,38.945337620578776,1.1164151512951326,-0.08851852914640726,29.745144239845864,-2.360069549044206,0.2714244411885935,-0.021535634635028375,1.630592186912415,32.10521378889007,-0.05653421590075332,-0.2976064077773892,0.4790996784565916
3,24,0.2,none,0.5,24,T1_liquid,311,39.18327974276527,-0.5027184804850665,-1.1118614748544537,-13.90327523630418,-30.73815427304211,-0.12686738653127566,-0.28048565774150924,1.555928517580364,16.83487903673793,-0.008119112059176443,-0.6406845280150143,0.4887459807073955
3,24,0.2,none,0.5,24,T2_mid,311,39.035369774919616,0.2991849164652932,-0.4972819261364026,8.40498157401219,-13.968596973083331,0.07669545686286124,-0.1274634473793854,1.6145016096973859,22.373578547095512,-0.029772311603811486,-0.5518903578091039,0.5144694533762058
3,24,0.2,none,0.5,24,T3_illiquid,311,38.945337620578776,1.1164151512951326,-0.08851852914640726,29.745144239845864,-2.360069549044206,0.2714244411885935,-0.021535634635028375,1.630592186912415,32.10521378889007,-0.05653421590075332,-0.2976064077773892,0.4790996784565916
3,24,0.3,demean,0.5,24,T1_liquid,311,59.067524115755624,-0.4282551353687323,-1.114844256241728,-9.457102755842136,-24.594484977464507,-0.0862960626470595,-0.22442467541936365,1.3968616164033747,15.137382221622373,-0.008119112059176443,-0.5522529190362097,0.4630225080385852
3,24,0.3,demean,0.5,24,T2_mid,311,58.758842443729904,0.03810392563725012,-0.8571561942642195,0.855463746253784,-19.245365726373773,0.007806106684565778,-0.17561396225316067,1.4449140646808958,20.100829472627563,-0.029772311603811486,-0.5093632784134684,0.4790996784565916
3,24,0.3,demean,0.5,24,T3_illiquid,311,58.559485530546624,1.1495988467041813,-0.11129982520788112,25.945623307214202,-2.5138081899559954,0.2367538126783296,-0.022938499733348456,1.4455802478095392,28.459431497170197,-0.05653421590075332,-0.29903051846065076,0.43729903536977494
3,24,0.3,none,0.5,24,T1_liquid,311,59.067524115755624,-0.4282551353687323,-1.114844256241728,-9.457102755842136,-24.594484977464507,-0.0862960626470595,-0.22442467541936365,1.3968616164033747,15.137382221622373,-0.008119112059176443,-0.5522529190362097,0.4630225080385852
3,24,0.3,none,0.5,24,T2_mid,311,58.758842443729904,0.03810392563725012,-0.8571561942642195,0.855463746253784,-19.245365726373773,0.007806106684565778,-0.17561396225316067,1.4449140646808958,20.100829472627563,-0.029772311603811486,-0.5093632784134684,0.4790996784565916
3,24,0.3,none,0.5,24,T3_illiquid,311,58.559485530546624,1.1495988467041813,-0.11129982520788112,25.945623307214202,-2.5138081899559954,0.2367538126783296,-0.022938499733348456,1.4455802478095392,28.459431497170197,-0.05653421590075332,-0.29903051846065076,0.43729903536977494
6,3,0.1,demean,0.5,3,T1_liquid,2486,19.045856798069188,0.29944900894069704,-1.7901388362325061,1.9015837568611103,-11.37085995824652,0.13881561425086106,-0.830072776951996,1.2332705575465028,13.27244371510763,-0.020440582806888225,-0.9595869204993499,0.47023330651649237
6,3,0.1,demean,0.5,3,T2_mid,2486,18.983105390185035,2.0881554418570487,-0.9184815030132332,12.406604953407012,-5.462610029646718,0.9056821615987118,-0.3987705321642104,1.3003380402113305,17.869214983053727,-0.04201629702151432,-0.8342356086238076,0.500402252614642
6,3,0.1,demean,0.5,3,T3_illiquid,2486,18.942880128720837,2.5778452484289,-2.475860022515261,13.84242919338672,-13.32173779143971,1.0104973311172305,-0.9724868587750988,1.3669631320677176,27.16416698482643,-0.06803754855353321,-0.9736831507396324,0.4686242960579244
6,3,0.1,none,0.5,3,T1_liquid,2486,19.045856798069188,0.29944900894069704,-1.7901388362325061,1.9015837568611103,-11.37085995824652,0.13881561425086106,-0.830072776951996,1.2332705575465028,13.27244371510763,-0.020440582806888225,-0.9595869204993499,0.47023330651649237
6,3,0.1,none,0.5,3,T2_mid,2486,18.983105390185035,2.0881554418570487,-0.9184815030132332,12.406604953407012,-5.462610029646718,0.9056821615987118,-0.3987705321642104,1.3003380402113305,17.869214983053727,-0.04201629702151432,-0.8342356086238076,0.500402252614642
6,3,0.1,none,0.5,3,T3_illiquid,2486,18.942880128720837,2.5778452484289,-2.475860022515261,13.84242919338672,-13.32173779143971,1.0104973311172305,-0.9724868587750988,1.3669631320677176,27.16416698482643,-0.06803754855353321,-0.9736831507396324,0.4686242960579244
6,3,0.2,demean,0.5,3,T1_liquid,2486,39.16492357200322,-0.06327470811701091,-3.0219480535032286,-0.2511035212415739,-12.003926949321857,-0.018330557050634896,-0.8762866673004954,1.0914800474035413,11.75282342808028,-0.020440582806888225,-0.9564547991397535,0.4565567176186645
6,3,0.2,demean,0.5,3,T2_mid,2486,39.02413515687852,1.7267485998313523,-2.512504130401898,6.4421669967694895,-9.384638562348231,0.4702781907641727,-0.6850786150514208,1.1495187634715485,15.826805559117721,-0.04201629702151432,-0.9119290227410624,0.45414320193081253
6,3,0.2,demean,0.5,3,T3_illiquid,2486,38.9195494770716,2.8365618410917937,-3.720319028197554,10.322877736878963,-13.569899394088234,0.7535700747921643,-0.9906026557684411,1.200456123627497,23.892777130967197,-0.06803754855353321,-0.9699324368837428,0.42075623491552694
6,3,0.2,none,0.5,3,T1_liquid,2486,39.16492357200322,-0.06327470811701091,-3.0219480535032286,-0.2511035212415739,-12.003926949321857,-0.018330557050634896,-0.8762866673004954,1.0914800474035413,11.75282342808028,-0.020440582806888225,-0.9564547991397535,0.4565567176186645
6,3,0.2,none,0.5,3,T2_mid,2486,39.02413515687852,1.7267485998313523,-2.512504130401898,6.4421669967694895,-9.384638562348231,0.4702781907641727,-0.6850786150514208,1.1495187634715485,15.826805559117721,-0.04201629702151432,-0.9119290227410624,0.45414320193081253
6,3,0.2,none,0.5,3,T3_illiquid,2486,38.9195494770716,2.8365618410917937,-3.720319028197554,10.322877736878963,-13.569899394088234,0.7535700747921643,-0.9906026557684411,1.200456123627497,23.892777130967197,-0.06803754855353321,-0.9699324368837428,0.42075623491552694
6,3,0.3,demean,0.5,3,T1_liquid,2486,59.05711987127916,-0.25006693900333626,-3.714250241259518,-0.7549845065336014,-11.232022689246545,-0.055113868976952904,-0.8199376563149978,0.972608406523465,10.477038182712944,-0.020440582806888225,-0.9429272199429052,0.4416733708769107
6,3,0.3,demean,0.5,3,T2_mid,2486,58.716814159292035,1.4733874685607844,-3.5156335041820843,4.136788687815651,-9.889263423759852,0.3019855742105425,-0.7219162299344692,1.0173594804947061,14.026052111575506,-0.04201629702151432,-0.9188662037576815,0.4469026548672566
6,3,0.3,demean,0.5,3,T3_illiquid,2486,58.50603378921963,2.736670502365091,-4.430788727790115,7.980058990638453,-12.946745511441788,0.582544306316607,-0.9451124223352506,1.0509675105246314,20.92680450208024,-0.06803754855353321,-0.9630486951706236,0.40386162510056317
6,3,0.3,none,0.5,3,T1_liquid,2486,59.05711987127916,-0.25006693900333626,-3.714250241259518,-0.7549845065336014,-11.232022689246545,-0.055113868976952904,-0.8199376563149978,0.972608406523465,10.477038182712944,-0.020440582806888225,-0.9429272199429052,0.4416733708769107
6,3,0.3,none,0.5,3,T2_mid,2486,58.716814159292035,1.4733874685607844,-3.5156335041820843,4.136788687815651,-9.889263423759852,0.3019855742105425,-0.7219162299344692,1.0173594804947061,14.026052111575506,-0.04201629702151432,-0.9188662037576815,0.4469026548672566
6,3,0.3,none,0.5,3,T3_illiquid,2486,58.50603378921963,2.736670502365091,-4.430788727790115,7.980058990638453,-12.946745511441788,0.582544306316607,-0.9451124223352506,1.0509675105246314,20.92680450208024,-0.06803754855353321,-0.9630486951706236,0.40386162510056317
6,6,0.1,demean,0.5,6,T1_liquid,1243,19.050683829444893,1.0449805955044433,-0.2985566693171437,14.081851276182832,-4.025289157576668,0.5139875715806733,-0.1469230542515484,1.6819629463233645,18.1071404337595,-0.0330528142980567,-0.6792835583067227,0.501206757843926
6,6,0.1,demean,0.5,6,T2_mid,1243,18.98793242156074,2.7369946325998873,0.8754757756102918,35.24055618355101,11.275811677085356,1.2862803006996117,0.41156712621361546,1.7434814760639379,23.964744506465642,-0.057078578925860074,-0.5704940607567088,0.5534995977473853
6,6,0.1,demean,0.5,6,T3_illiquid,1243,18.942880128720837,3.304970966650646,0.1582291545450612,37.339782646619234,1.7877534802572965,1.362902066601602,0.06525300202939133,1.791551476145201,35.552029166361926,-0.08859690062393502,-0.4097450660200521,0.5470635559131134
6,6,0.1,none,0.5,6,T1_liquid,1243,19.050683829444893,1.0449805955044433,-0.2985566693171437,14.081851276182832,-4.025289157576668,0.5139875715806733,-0.1469230542515484,1.6819629463233645,18.1071404337595,-0.0330528142980567,-0.6792835583067227,0.501206757843926
6,6,0.1,none,0.5,6,T2_mid,1243,18.98793242156074,2.7369946325998873,0.8754757756102918,35.24055618355101,11.275811677085356,1.2862803006996117,0.41156712621361546,1.7434814760639379,23.964744506465642,-0.057078578925860074,-0.5704940607567088,0.5534995977473853
6,6,0.1,none,0.5,6,T3_illiquid,1243,18.942880128720837,3.304970966650646,0.1582291545450612,37.339782646619234,1.7877534802572965,1.362902066601602,0.06525300202939133,1.791551476145201,35.552029166361926,-0.08859690062393502,-0.4097450660200521,0.5470635559131134
6,6,0.2,demean,0.5,6,T1_liquid,1243,39.17135961383749,1.1262791255932887,-0.9089547225898928,9.209040362265064,-7.441050880204675,0.3361299732226748,-0.27159835712747066,1.5456818608626475,16.65009124246974,-0.0330528142980567,-0.6772621563175605,0.4883346741753821
6,6,0.2,demean,0.5,6,T2_mid,1243,39.02654867256637,2.804348061438414,-0.0714408860886631,21.53854600296514,-0.548939180246212,0.7861569291082277,-0.02003628007898674,1.603489302387221,22.087485183211353,-0.057078578925860074,-0.4424953079940198,0.5108608205953339
6,6,0.2,demean,0.5,6,T3_illiquid,1243,38.921962992759454,3.513191541311301,-0.7659918190819212,27.07781241957768,-5.902573861002449,0.9883401533145852,-0.21544394592658941,1.6585381093556009,32.98038628058013,-0.08859690062393502,-0.6657711792583341,0.49316170555108607
6,6,0.2,none,0.5,6,T1_liquid,1243,39.17135961383749,1.1262791255932887,-0.9089547225898928,9.209040362265064,-7.441050880204675,0.3361299732226748,-0.27159835712747066,1.5456818608626475,16.65009124246974,-0.0330528142980567,-0.6772621563175605,0.4883346741753821
6,6,0.2,none,0.5,6,T2_mid,1243,39.02654867256637,2.804348061438414,-0.0714408860886631,21.53854600296514,-0.548939180246212,0.7861569291082277,-0.02003628007898674,1.603489302387221,22.087485183211353,-0.057078578925860074,-0.4424953079940198,0.5108608205953339
6,6,0.2,none,0.5,6,T3_illiquid,1243,38.921962992759454,3.513191541311301,-0.7659918190819212,27.07781241957768,-5.902573861002449,0.9883401533145852,-0.21544394592658941,1.6585381093556009,32.98038628058013,-0.08859690062393502,-0.6657711792583341,0.49316170555108607
6,6,0.3,demean,0.5,6,T1_liquid,1243,59.05872888173773,1.0123773551752746,-1.3985443653941634,6.368853869145412,-8.811275592640536,0.23246316622380755,-0.3216115591313796,1.4085612254721014,15.180129461785949,-0.0330528142980567,-0.7012426179714043,0.46098149637972646
6,6,0.3,demean,0.5,6,T2_mid,1243,58.72888173773129,2.723427030476938,-0.8095720756624506,15.537485810101204,-4.620818553757751,0.5671182320686939,-0.16865987721215792,1.4612979046820804,20.158304363858953,-0.057078578925860074,-0.45726972563874846,0.49316170555108607
6,6,0.3,demean,0.5,6,T3_illiquid,1243,58.511665325824616,3.3298335559589076,-1.6434380032076894,19.961733176009446,-9.859243789598274,0.7286032609243448,-0.35986239832033706,1.4989080063446694,29.820976965607727,-0.08859690062393502,-0.7311495218841622,0.46983105390185037
6,6,0.3,none,0.5,6,T1_liquid,1243,59.05872888173773,1.0123773551752746,-1.3985443653941634,6.368853869145412,-8.811275592640536,0.23246316622380755,-0.3216115591313796,1.4085612254721014,15.180129461785949,-0.0330528142980567,-0.7012426179714043,0.46098149637972646
6,6,0.3,none,0.5,6,T2_mid,1243,58.72888173773129,2.723427030476938,-0.8095720756624506,15.537485810101204,-4.620818553757751,0.5671182320686939,-0.16865987721215792,1.4612979046820804,20.158304363858953,-0.057078578925860074,-0.45726972563874846,0.49316170555108607
6,6,0.3,none,0.5,6,T3_illiquid,1243,58.511665325824616,3.3298335559589076,-1.6434380032076894,19.961733176009446,-9.859243789598274,0.7286032609243448,-0.35986239832033706,1.4989080063446694,29.820976965607727,-0.08859690062393502,-0.7311495218841622,0.46983105390185037
6,12,0.1,demean,0.5,12,T1_liquid,622,19.04823151125402,0.5644393145786576,-0.2067803987565924,13.354806422463355,-4.893684617356058,0.24372521720995624,-0.08930974426674806,1.6929274949773343,18.248491039819413,-0.02566062381651845,-0.5950027236864983,0.5096463022508039
6,12,0.1,demean,0.5,12,T2_mid,622,18.990353697749196,2.316258641355376,1.2052326655040342,50.35720210321637,26.197548616407545,0.9190189383836989,0.4781052622494377,1.7561739930309062,24.159653486808832,-0.046270102108050847,-0.2255215135908959,0.5385852090032154
6,12,0.1,demean,0.5,12,T3_illiquid,622,18.94855305466238,2.4536657242257003,0.876642534405399,54.831702786894375,19.597620012086118,1.0006785758608223,0.3576565652205716,1.7834728776047104,35.23408277480826,-0.0671845776969679,-0.28808581798413413,0.5257234726688103
6,12,0.1,none,0.5,12,T1_liquid,622,19.04823151125402,0.5644393145786576,-0.2067803987565924,13.354806422463355,-4.893684617356058,0.24372521720995624,-0.08930974426674806,1.6929274949773343,18.248491039819413,-0.02566062381651845,-0.5950027236864983,0.5096463022508039
6,12,0.1,none,0.5,12,T2_mid,622,18.990353697749196,2.316258641355376,1.2052326655040342,50.35720210321637,26.197548616407545,0.9190189383836989,0.4781052622494377,1.7561739930309062,24.159653486808832,-0.046270102108050847,-0.2255215135908959,0.5385852090032154
6,12,0.1,none,0.5,12,T3_illiquid,622,18.94855305466238,2.4536657242257003,0.876642534405399,54.831702786894375,19.597620012086118,1.0006785758608223,0.3576565652205716,1.7834728776047104,35.23408277480826,-0.0671845776969679,-0.28808581798413413,0.5257234726688103
6,12,0.2,demean,0.5,12,T1_liquid,622,39.167202572347264,0.7705154905232398,-0.31186456442236976,11.897747265823151,-4.818267754240856,0.2171338876012725,-0.08793338651489563,1.5491913135656359,16.71601502006401,-0.02566062381651845,-0.45159013702946893,0.5096463022508039
6,12,0.2,demean,0.5,12,T2_mid,622,39.032154340836016,2.2540653355299174,0.5634341739731228,29.491634538310766,7.3705466590824456,0.5382223303241715,0.13451247652825463,1.6024223577393266,22.121087879228323,-0.046270102108050847,-0.2350491657504561,0.5257234726688103
6,12,0.2,demean,0.5,12,T3_illiquid,622,38.91961414790997,2.508595560250818,0.37531617830202835,37.62976530443577,5.6342831641667255,0.6867432168059528,0.10282566774604274,1.6153296582820966,31.99548214026905,-0.0671845776969679,-0.3753404507170919,0.5016077170418006
6,12,0.2,none,0.5,12,T1_liquid,622,39.167202572347264,0.7705154905232398,-0.31186456442236976,11.897747265823151,-4.818267754240856,0.2171338876012725,-0.08793338651489563,1.5491913135656359,16.71601502006401,-0.02566062381651845,-0.45159013702946893,0.5096463022508039
6,12,0.2,none,0.5,12,T2_mid,622,39.032154340836016,2.2540653355299174,0.5634341739731228,29.491634538310766,7.3705466590824456,0.5382223303241715,0.13451247652825463,1.6024223577393266,22.121087879228323,-0.046270102108050847,-0.2350491657504561,0.5257234726688103
6,12,0.2,none,0.5,12,T3_illiquid,622,38.91961414790997,2.508595560250818,0.37531617830202835,37.62976530443577,5.6342831641667255,0.6867432168059528,0.10282566774604274,1.6153296582820966,31.99548214026905,-0.0671845776969679,-0.3753404507170919,0.5016077170418006
6,12,0.3,demean,0.5,12,T1_liquid,622,59.054662379421224,0.67172643843631,-0.6348942095088183,7.770206100799666,-7.3445351526652125,0.1418062613395939,-0.13403776653614013,1.3998298063013246,15.114741253464878,-0.02566062381651845,-0.45280845757617183,0.4855305466237942
6,12,0.3,demean,0.5,12,T2_mid,622,58.72668810289389,1.6306670939808863,-0.2889896076833606,16.969190109025366,-3.0068126471355403,0.3096877194897129,-0.054874330810223616,1.4439946912350554,19.976002756160902,-0.046270102108050847,-0.37586534669480054,0.4983922829581994
6,12,0.3,demean,0.5,12,T3_illiquid,622,58.51768488745981,2.173038040072654,-0.12913508540592794,27.020655711681314,-1.6063249347848785,0.493126966738184,-0.029315430059824035,1.4444018803571352,28.6269806464662,-0.0671845776969679,-0.37365679694086207,0.4855305466237942
6,12,0.3,none,0.5,12,T1_liquid,622,59.054662379421224,0.67172643843631,-0.6348942095088183,7.770206100799666,-7.3445351526652125,0.1418062613395939,-0.13403776653614013,1.3998298063013246,15.114741253464878,-0.02566062381651845,-0.45280845757617183,0.4855305466237942
6,12,0.3,none,0.5,12,T2_mid,622,58.72668810289389,1.6306670939808863,-0.2889896076833606,16.969190109025366,-3.0068126471355403,0.3096877194897129,-0.054874330810223616,1.4439946912350554,19.976002756160902,-0.046270102108050847,-0.37586534669480054,0.4983922829581994
6,12,0.3,none,0.5,12,T3_illiquid,622,58.51768488745981,2.173038040072654,-0.12913508540592794,27.020655711681314,-1.6063249347848785,0.493126966738184,-0.029315430059824035,1.4444018803571352,28.6269806464662,-0.0671845776969679,-0.37365679694086207,0.4855305466237942
6,24,0.1,demean,0.5,24,T1_liquid,311,19.05466237942122,0.5580475979691714,0.12868145987910687,23.997893918090043,5.534065521584795,0.21898078200257165,0.05049834788446125,1.7098959275808145,18.463828396505246,-0.013677487686231568,-0.4886607343227637,0.5144694533762058
6,24,0.1,demean,0.5,24,T2_mid,311,18.9967845659164,1.4421839997301529,0.8413524887316132,58.513787048423474,34.12824704805229,0.5339383068168643,0.31142025431347714,1.7714968936030029,24.38554000037119,-0.05031237224383839,-0.42678034458868086,0.5466237942122186
6,24,0.1,demean,0.5,24,T3_illiquid,311,18.964630225080384,1.2285647227415644,0.5606761777425942,64.49727121911582,29.43632502659807,0.5885375998744318,0.26860646586770737,1.7866927195705329,35.06094619251774,-0.07317673110216749,-0.3905343416527227,0.5369774919614148
6,24,0.1,none,0.5,24,T1_liquid,311,19.05466237942122,0.5580475979691714,0.12868145987910687,23.997893918090043,5.534065521584795,0.21898078200257165,0.05049834788446125,1.7098959275808145,18.463828396505246,-0.013677487686231568,-0.4886607343227637,0.5144694533762058
6,24,0.1,none,0.5,24,T2_mid,311,18.9967845659164,1.4421839997301529,0.8413524887316132,58.513787048423474,34.12824704805229,0.5339383068168643,0.31142025431347714,1.7714968936030029,24.38554000037119,-0.05031237224383839,-0.42678034458868086,0.5466237942122186
6,24,0.1,none,0.5,24,T3_illiquid,311,18.964630225080384,1.2285647227415644,0.5606761777425942,64.49727121911582,29.43632502659807,0.5885375998744318,0.26860646586770737,1.7866927195705329,35.06094619251774,-0.07317673110216749,-0.3905343416527227,0.5369774919614148
6,24,0.2,demean,0.5,24,T1_liquid,311,39.18327974276527,0.13552381822184148,-0.4346919820544524,3.973531449501379,-12.745595051392074,0.03625847447670009,-0.11630355484395268,1.5455197194321146,16.719126500893452,-0.013677487686231568,-0.4375905708226655,0.49517684887459806
6,24,0.2,demean,0.5,24,T2_mid,311,39.035369774919616,0.8912610215471699,0.05631422508156942,23.89554098948528,1.509452864770128,0.2180468115290532,0.013773757391027418,1.6153508771362914,22.386088124715155,-0.05031237224383839,-0.40297217960638765,0.4983922829581994
6,24,0.2,demean,0.5,24,T3_illiquid,311,38.945337620578776,1.6009654464629441,0.6070216021370765,51.727425888773126,19.627086778603264,0.47201276123505476,0.1790971668547548,1.6310436158238948,32.10033911016987,-0.07317673110216749,-0.3407102605020379,0.5144694533762058
6,24,0.2,none,0.5,24,T1_liquid,311,39.18327974276527,0.13552381822184148,-0.4346919820544524,3.973531449501379,-12.745595051392074,0.03625847447670009,-0.11630355484395268,1.5455197194321146,16.719126500893452,-0.013677487686231568,-0.4375905708226655,0.49517684887459806
6,24,0.2,none,0.5,24,T2_mid,311,39.035369774919616,0.8912610215471699,0.05631422508156942,23.89554098948528,1.509452864770128,0.2180468115290532,0.013773757391027418,1.6153508771362914,22.386088124715155,-0.05031237224383839,-0.40297217960638765,0.4983922829581994
6,24,0.2,none,0.5,24,T3_illiquid,311,38.945337620578776,1.6009654464629441,0.6070216021370765,51.727425888773126,19.627086778603264,0.47201276123505476,0.1790971668547548,1.6310436158238948,32.10033911016987,-0.07317673110216749,-0.3407102605020379,0.5144694533762058
6,24,0.3,demean,0.5,24,T1_liquid,311,59.067524115755624,-0.1917616153344269,-0.8335413198275315,-4.511561659519375,-19.611839254344943,-0.041168000143114294,-0.1789580331958976,1.3939279754088505,15.10027759482557,-0.013677487686231568,-0.47959169078106123,0.4662379421221865
6,24,0.3,demean,0.5,24,T2_mid,311,58.752411575562704,0.8327710530284622,-0.10391415250384468,18.051801081662433,-2.252644522039837,0.1647226848701697,-0.02055538126361351,1.4607308487403259,20.30444560370227,-0.05031237224383839,-0.29460773409639673,0.4887459807073955
6,24,0.3,demean,0.5,24,T3_illiquid,311,58.559485530546624,1.6162843758085466,0.4722698421593967,40.75337639894127,11.902638438169527,0.3718745596403391,0.10861157574829694,1.4648877901505377,28.85073796077174,-0.07317673110216749,-0.2939699210207106,0.5176848874598071
6,24,0.3,none,0.5,24,T1_liquid,311,59.067524115755624,-0.1917616153344269,-0.8335413198275315,-4.511561659519375,-19.611839254344943,-0.041168000143114294,-0.1789580331958976,1.3939279754088505,15.10027759482557,-0.013677487686231568,-0.47959169078106123,0.4662379421221865
6,24,0.3,none,0.5,24,T2_mid,311,58.752411575562704,0.8327710530284622,-0.10391415250384468,18.051801081662433,-2.252644522039837,0.1647226848701697,-0.02055538126361351,1.4607308487403259,20.30444560370227,-0.05031237224383839,-0.29460773409639673,0.4887459807073955
6,24,0.3,none,0.5,24,T3_illiquid,311,58.559485530546624,1.6162843758085466,0.4722698421593967,40.75337639894127,11.902638438169527,0.3718745596403391,0.10861157574829694,1.4648877901505377,28.85073796077174,-0.07317673110216749,-0.2939699210207106,0.5176848874598071
12,3,0.1,demean,0.5,3,T1_liquid,2486,19.045856798069188,0.30803913991643644,-1.1743184125063044,2.0327911192075288,-7.754642644065937,0.1483937517021496,-0.5660889130168134,0.9090899513465885,9.787433763273464,-0.029265212626140288,-0.9126927919405913,0.48189863234111024
12,3,0.1,demean,0.5,3,T2_mid,2486,18.983105390185035,3.8048487204222563,1.5363596913456898,22.864997352248245,9.239224385466883,1.669144806714122,0.6744633801390826,0.9916585838850522,13.625772966781366,-0.06507000039033005,-0.3992527460841001,0.5498793242156074
12,3,0.1,demean,0.5,3,T3_illiquid,2486,18.942880128720837,3.9723118218795315,0.1021084080488032,21.65229263194679,0.5573512887074823,1.5806173621321156,0.040686644075646206,1.0631106780945878,21.09494134323931,-0.07884301259418858,-0.44881291928861067,0.5221238938053098
12,3,0.1,none,0.5,3,T1_liquid,2486,19.045856798069188,0.30803913991643644,-1.1743184125063044,2.0327911192075288,-7.754642644065937,0.1483937517021496,-0.5660889130168134,0.9090899513465885,9.787433763273464,-0.029265212626140288,-0.9126927919405913,0.48189863234111024
12,3,0.1,none,0.5,3,T2_mid,2486,18.983105390185035,3.8048487204222563,1.5363596913456898,22.864997352248245,9.239224385466883,1.669144806714122,0.6744633801390826,0.9916585838850522,13.625772966781366,-0.06507000039033005,-0.3992527460841001,0.5498793242156074
12,3,0.1,none,0.5,3,T3_illiquid,2486,18.942880128720837,3.9723118218795315,0.1021084080488032,21.65229263194679,0.5573512887074823,1.5806173621321156,0.040686644075646206,1.0631106780945878,21.09494134323931,-0.07884301259418858,-0.44881291928861067,0.5221238938053098
12,3,0.2,demean,0.5,3,T1_liquid,2486,39.16492357200322,0.09106912958867558,-1.9627966705204802,0.3733314947834724,-8.052793196371848,0.027253199119193484,-0.587853903335145,0.7819810601878636,8.426124691155321,-0.029265212626140288,-0.8924608500639888,0.4682220434432824
12,3,0.2,demean,0.5,3,T2_mid,2486,39.02413515687852,3.4532991060865355,0.39827054319021504,13.28006628371572,1.5324734355393559,0.9694448387112476,0.11187056079437298,0.8528301743088936,11.747592848176364,-0.06507000039033005,-0.4997847826794337,0.5293644408688657
12,3,0.2,demean,0.5,3,T3_illiquid,2486,38.9195494770716,3.5974386069377715,-1.062139180305052,13.893562529945536,-4.1096989301926685,1.014230064686024,-0.3000080219040648,0.9058546661952154,18.003261460138205,-0.07884301259418858,-0.7204023944165845,0.4782783588093323
12,3,0.2,none,0.5,3,T1_liquid,2486,39.16492357200322,0.09106912958867558,-1.9627966705204802,0.3733314947834724,-8.052793196371848,0.027253199119193484,-0.587853903335145,0.7819810601878636,8.426124691155321,-0.029265212626140288,-0.8924608500639888,0.4682220434432824
12,3,0.2,none,0.5,3,T2_mid,2486,39.02413515687852,3.4532991060865355,0.39827054319021504,13.28006628371572,1.5324734355393559,0.9694448387112476,0.11187056079437298,0.8528301743088936,11.747592848176364,-0.06507000039033005,-0.4997847826794337,0.5293644408688657
12,3,0.2,none,0.5,3,T3_illiquid,2486,38.9195494770716,3.5974386069377715,-1.062139180305052,13.893562529945536,-4.1096989301926685,1.014230064686024,-0.3000080219040648,0.9058546661952154,18.003261460138205,-0.07884301259418858,-0.7204023944165845,0.4782783588093323
12,3,0.3,demean,0.5,3,T1_liquid,2486,59.05711987127916,0.4256830308695287,-1.9145008733772497,1.345105163185143,-6.0536941230936065,0.09819267691251543,-0.44191967098583324,0.686206204833808,7.398799286278749,-0.029265212626140288,-0.8118024374081947,0.4690265486725664
12,3,0.3,demean,0.5,3,T2_mid,2486,58.71520514883347,3.3637674517689256,-0.14929044548188308,9.849418461897724,-0.4375165736611434,0.7190075477185338,-0.031938709877263466,0.7455134026555552,10.28693503555887,-0.06507000039033005,-0.44891175810936623,0.5116653258246179
12,3,0.3,demean,0.5,3,T3_illiquid,2486,58.50603378921963,3.373477508268346,-1.80695855655048,10.076248817212834,-5.409678927805889,0.7355661636565368,-0.39490656172982996,0.7789051428147303,15.485927745018722,-0.07884301259418858,-0.7797111140962667,0.46419951729686243
12,3,0.3,none,0.5,3,T1_liquid,2486,59.05711987127916,0.4256830308695287,-1.9145008733772497,1.345105163185143,-6.0536941230936065,0.09819267691251543,-0.44191967098583324,0.686206204833808,7.398799286278749,-0.029265212626140288,-0.8118024374081947,0.4690265486725664
12,3,0.3,none,0.5,3,T2_mid,2486,58.71520514883347,3.3637674517689256,-0.14929044548188308,9.849418461897724,-0.4375165736611434,0.7190075477185338,-0.031938709877263466,0.7455134026555552,10.28693503555887,-0.06507000039033005,-0.44891175810936623,0.5116653258246179
12,3,0.3,none,0.5,3,T3_illiquid,2486,58.50603378921963,3.373477508268346,-1.80695855655048,10.076248817212834,-5.409678927805889,0.7355661636565368,-0.39490656172982996,0.7789051428147303,15.485927745018722,-0.07884301259418858,-0.7797111140962667,0.46419951729686243
12,6,0.1,demean,0.5,6,T1_liquid,1243,19.050683829444893,0.1637365767209567,-0.8426910520180609,2.2145516658429636,-11.401055931507392,0.08083113580326816,-0.41613854150001983,1.2641726133882207,13.615607597350355,-0.033251548372839446,-0.8554787098469103,0.4754625905068383
12,6,0.1,demean,0.5,6,T2_mid,1243,18.98793242156074,3.5475854584259334,2.027320808047285,43.31318781395381,24.754590074259433,1.5809313552093143,0.9035425377104693,1.350115422701907,18.558597739694378,-0.08060020410560527,-0.328882391321933,0.587288817377313
12,6,0.1,demean,0.5,6,T3_illiquid,1243,18.942880128720837,4.1995774581688785,1.8595149170522003,49.752858886479395,22.026932860183802,1.815979349356498,0.8039830493967088,1.399816374293446,27.7259260262956,-0.10246891923823896,-0.3362565183784143,0.588897827835881
12,6,0.1,none,0.5,6,T1_liquid,1243,19.050683829444893,0.1637365767209567,-0.8426910520180609,2.2145516658429636,-11.401055931507392,0.08083113580326816,-0.41613854150001983,1.2641726133882207,13.615607597350355,-0.033251548372839446,-0.8554787098469103,0.4754625905068383
12,6,0.1,none,0.5,6,T2_mid,1243,18.98793242156074,3.5475854584259334,2.027320808047285,43.31318781395381,24.754590074259433,1.5809313552093143,0.9035425377104693,1.350115422701907,18.558597739694378,-0.08060020410560527,-0.328882391321933,0.587288817377313
12,6,0.1,none,0.5,6,T3_illiquid,1243,18.942880128720837,4.1995774581688785,1.8595149170522003,49.752858886479395,22.026932860183802,1.815979349356498,0.8039830493967088,1.399816374293446,27.7259260262956,-0.10246891923823896,-0.3362565183784143,0.588897827835881
12,6,0.2,demean,0.5,6,T1_liquid,1243,39.17135961383749,0.3233008063479751,-1.0902630694159707,2.736117217714655,-9.227049821400106,0.09986827844658491,-0.3367873184811039,1.1097099712761498,11.963167039114762,-0.033251548372839446,-0.7504892876170064,0.4786806114239743
12,6,0.2,demean,0.5,6,T2_mid,1243,39.02654867256637,3.204198907240071,1.1209268585746353,25.194899463610103,8.81030702405389,0.9196138304217687,0.32157620637796697,1.1888986572942388,16.384592439556215,-0.08060020410560527,-0.31307075447825883,0.5655671761866452
12,6,0.2,demean,0.5,6,T3_illiquid,1243,38.921962992759454,4.028821602240471,1.1476863213346997,34.088126451712355,9.704534777868059,1.244216615487501,0.35421551939218415,1.2285376480673944,24.383591673844293,-0.10246891923823896,-0.31903298577490746,0.5430410297666934
12,6,0.2,none,0.5,6,T1_liquid,1243,39.17135961383749,0.3233008063479751,-1.0902630694159707,2.736117217714655,-9.227049821400106,0.09986827844658491,-0.3367873184811039,1.1097099712761498,11.963167039114762,-0.033251548372839446,-0.7504892876170064,0.4786806114239743
12,6,0.2,none,0.5,6,T2_mid,1243,39.02654867256637,3.204198907240071,1.1209268585746353,25.194899463610103,8.81030702405389,0.9196138304217687,0.32157620637796697,1.1888986572942388,16.384592439556215,-0.08060020410560527,-0.31307075447825883,0.5655671761866452
12,6,0.2,none,0.5,6,T3_illiquid,1243,38.921962992759454,4.028821602240471,1.1476863213346997,34.088126451712355,9.704534777868059,1.244216615487501,0.35421551939218415,1.2285376480673944,24.383591673844293,-0.10246891923823896,-0.31903298577490746,0.5430410297666934
12,6,0.3,demean,0.5,6,T1_liquid,1243,59.05872888173773,0.6361000336800889,-1.009517449591399,4.093265764239638,-6.494138238007625,0.1494042003947468,-0.2370360456872783,0.9813166096231254,10.587404002247263,-0.033251548372839446,-0.6216233042398291,0.4762670957361223
12,6,0.3,demean,0.5,6,T2_mid,1243,58.72727272727273,2.9360793499921747,0.5899840715262101,18.099063526942558,3.6339526894182472,0.6606158187334035,0.13263927316376603,1.0475009957283055,14.465110837524314,-0.08060020410560527,-0.2913560728959905,0.5390185036202735
12,6,0.3,demean,0.5,6,T3_illiquid,1243,58.511665325824616,4.012624932119245,0.593851407100504,25.043778743196935,3.7009484155015913,0.9140979241266881,0.13508461716580808,1.074829628803192,21.342830327695342,-0.10246891923823896,-0.3458562761202142,0.5197103781174578
12,6,0.3,none,0.5,6,T1_liquid,1243,59.05872888173773,0.6361000336800889,-1.009517449591399,4.093265764239638,-6.494138238007625,0.1494042003947468,-0.2370360456872783,0.9813166096231254,10.587404002247263,-0.033251548372839446,-0.6216233042398291,0.4762670957361223
12,6,0.3,none,0.5,6,T2_mid,1243,58.72727272727273,2.9360793499921747,0.5899840715262101,18.099063526942558,3.6339526894182472,0.6606158187334035,0.13263927316376603,1.0475009957283055,14.465110837524314,-0.08060020410560527,-0.2913560728959905,0.5390185036202735
12,6,0.3,none,0.5,6,T3_illiquid,1243,58.511665325824616,4.012624932119245,0.593851407100504,25.043778743196935,3.7009484155015913,0.9140979241266881,0.13508461716580808,1.074829628803192,21.342830327695342,-0.10246891923823896,-0.3458562761202142,0.5197103781174578
12,12,0.1,demean,0.5,12,T1_liquid,622,19.04823151125402,-0.5662670160313318,-1.3170210325214555,-13.70657229943534,-31.876938817741976,-0.25014494446469493,-0.5817541334237911,1.686399189413659,18.17036651830663,-0.025667569951209408,-0.9095258112454722,0.4517684887459807
12,12,0.1,demean,0.5,12,T2_mid,622,18.990353697749196,2.7028985487638315,1.6701157997822849,64.21809267386648,39.675483829624795,1.1719801912980632,0.7240775798906526,1.7847279060703498,24.54260884424168,-0.07432586622969645,-0.3587302317420151,0.5594855305466238
12,12,0.1,demean,0.5,12,T3_illiquid,622,18.94855305466238,2.947028644964611,1.402372058728431,68.10806817474499,32.40036985919399,1.242972244189096,0.5913067499302902,1.8066438964750862,35.70769831555101,-0.08742285724928102,-0.3174892957356168,0.5627009646302251
12,12,0.1,none,0.5,12,T1_liquid,622,19.04823151125402,-0.5662670160313318,-1.3170210325214555,-13.70657229943534,-31.876938817741976,-0.25014494446469493,-0.5817541334237911,1.686399189413659,18.17036651830663,-0.025667569951209408,-0.9095258112454722,0.4517684887459807
12,12,0.1,none,0.5,12,T2_mid,622,18.990353697749196,2.7028985487638315,1.6701157997822849,64.21809267386648,39.675483829624795,1.1719801912980632,0.7240775798906526,1.7847279060703498,24.54260884424168,-0.07432586622969645,-0.3587302317420151,0.5594855305466238
12,12,0.1,none,0.5,12,T3_illiquid,622,18.94855305466238,2.947028644964611,1.402372058728431,68.10806817474499,32.40036985919399,1.242972244189096,0.5913067499302902,1.8066438964750862,35.70769831555101,-0.08742285724928102,-0.3174892957356168,0.5627009646302251
12,12,0.2,demean,0.5,12,T1_liquid,622,39.167202572347264,-0.20429077861102768,-1.2695100081011317,-3.2002144825156362,-19.88882948907809,-0.05840391430591036,-0.36297113817567517,1.547105555923805,16.688615006562458,-0.025667569951209408,-0.7641380407637856,0.4662379421221865
12,12,0.2,demean,0.5,12,T2_mid,622,39.032154340836016,2.5938515540066747,1.1114877588891818,39.44658290586656,16.898534793612946,0.7199001380320648,0.30839825998343623,1.6348500978414957,22.548048112253618,-0.07432586622969645,-0.23830518966397085,0.5144694533762058
12,12,0.2,demean,0.5,12,T3_illiquid,622,38.91961414790997,2.349678057011598,0.4015266812365019,39.92568527245485,6.823963459525648,0.728643756222301,0.12453733313634308,1.6707517602049768,33.1017218129292,-0.08742285724928102,-0.45752306525596775,0.5401929260450161
12,12,0.2,none,0.5,12,T1_liquid,622,39.167202572347264,-0.20429077861102768,-1.2695100081011317,-3.2002144825156362,-19.88882948907809,-0.05840391430591036,-0.36297113817567517,1.547105555923805,16.688615006562458,-0.025667569951209408,-0.7641380407637856,0.4662379421221865
12,12,0.2,none,0.5,12,T2_mid,622,39.032154340836016,2.5938515540066747,1.1114877588891818,39.44658290586656,16.898534793612946,0.7199001380320648,0.30839825998343623,1.6348500978414957,22.548048112253618,-0.07432586622969645,-0.23830518966397085,0.5144694533762058
12,12,0.2,none,0.5,12,T3_illiquid,622,38.91961414790997,2.349678057011598,0.4015266812365019,39.92568527245485,6.823963459525648,0.728643756222301,0.12453733313634308,1.6707517602049768,33.1017218129292,-0.08742285724928102,-0.45752306525596775,0.5401929260450161
12,12,0.3,demean,0.5,12,T1_liquid,622,59.054662379421224,-0.042130816105108465,-1.2633709765069703,-0.5244564054178759,-15.729539995688707,-0.009571329398876236,-0.2870641049213189,1.4083442391531467,15.205083590270828,-0.025667569951209408,-0.6751828448276342,0.45980707395498394
12,12,0.3,demean,0.5,12,T2_mid,622,58.72668810289389,2.436581737879016,0.6498907205893637,28.15545112267148,7.5072117058016055,0.5138369829887545,0.1370066136308793,1.4933522380655675,20.648239416869874,-0.07432586622969645,-0.282560831816591,0.5192926045016077
12,12,0.3,demean,0.5,12,T3_illiquid,622,58.51768488745981,2.1925741032524675,-0.10706964720941024,28.614990730481704,-1.3972593071894446,0.5222235808312911,-0.025499982356207363,1.5139286529917155,30.01225003767115,-0.08742285724928102,-0.4412758347722612,0.4887459807073955
12,12,0.3,none,0.5,12,T1_liquid,622,59.054662379421224,-0.042130816105108465,-1.2633709765069703,-0.5244564054178759,-15.729539995688707,-0.009571329398876236,-0.2870641049213189,1.4083442391531467,15.205083590270828,-0.025667569951209408,-0.6751828448276342,0.45980707395498394
12,12,0.3,none,0.5,12,T2_mid,622,58.72668810289389,2.436581737879016,0.6498907205893637,28.15545112267148,7.5072117058016055,0.5138369829887545,0.1370066136308793,1.4933522380655675,20.648239416869874,-0.07432586622969645,-0.282560831816591,0.5192926045016077
12,12,0.3,none,0.5,12,T3_illiquid,622,58.51768488745981,2.1925741032524675,-0.10706964720941024,28.614990730481704,-1.3972593071894446,0.5222235808312911,-0.025499982356207363,1.5139286529917155,30.01225003767115,-0.08742285724928102,-0.4412758347722612,0.4887459807073955
12,24,0.1,demean,0.5,24,T1_liquid,311,19.05466237942122,0.016197353060491113,-0.34554541437185404,0.8303910215948132,-17.712381878513295,0.00757731807205267,-0.1616254846414338,1.718300019023492,18.54277290010811,-0.0231658820417878,-0.659048667351245,0.4887459807073955
12,24,0.1,demean,0.5,24,T2_mid,311,18.9967845659164,1.512755368469116,0.9476862097685803,65.59850223103369,41.1016219241755,0.5985863328581824,0.37505230005810136,1.7812218417523884,24.4968803068582,-0.06567618741050393,-0.5939219462740075,0.5530546623794212
12,24,0.1,demean,0.5,24,T3_illiquid,311,18.964630225080384,1.5755282334446008,0.8114774696653365,72.56204740264099,37.36617510884869,0.662128682549099,0.34096634786824426,1.791510998826111,35.19587229379231,-0.08237871007539688,-0.4208808354813822,0.5401929260450161
12,24,0.1,none,0.5,24,T1_liquid,311,19.05466237942122,0.016197353060491113,-0.34554541437185404,0.8303910215948132,-17.712381878513295,0.00757731807205267,-0.1616254846414338,1.718300019023492,18.54277290010811,-0.0231658820417878,-0.659048667351245,0.4887459807073955
12,24,0.1,none,0.5,24,T2_mid,311,18.9967845659164,1.512755368469116,0.9476862097685803,65.59850223103369,41.1016219241755,0.5985863328581824,0.37505230005810136,1.7812218417523884,24.4968803068582,-0.06567618741050393,-0.5939219462740075,0.5530546623794212
12,24,0.1,none,0.5,24,T3_illiquid,311,18.964630225080384,1.5755282334446008,0.8114774696653365,72.56204740264099,37.36617510884869,0.662128682549099,0.34096634786824426,1.791510998826111,35.19587229379231,-0.08237871007539688,-0.4208808354813822,0.5401929260450161
12,24,0.2,demean,0.5,24,T1_liquid,311,39.18327974276527,-0.10643513688488684,-0.6481582570041075,-3.3287217750621374,-20.259355160647395,-0.030374586197442002,-0.1848666158409075,1.565584582084534,16.93063338558526,-0.0231658820417878,-0.5207828260076988,0.4855305466237942
12,24,0.2,demean,0.5,24,T2_mid,311,39.035369774919616,1.0828629454380843,0.3721909549933524,34.316985891043736,11.801072343973436,0.3131424962557741,0.10768478513875761,1.6277347071820258,22.515913547070305,-0.06567618741050393,-0.5103443413227264,0.5016077170418006
12,24,0.2,demean,0.5,24,T3_illiquid,311,38.945337620578776,2.051278769730715,1.0083934053518202,62.725763322350964,30.812306239435607,0.5723725903164526,0.2811622944348499,1.6212441865180665,31.91345708291535,-0.08237871007539688,-0.33558820228045205,0.5434083601286174
12,24,0.2,none,0.5,24,T1_liquid,311,39.18327974276527,-0.10643513688488684,-0.6481582570041075,-3.3287217750621374,-20.259355160647395,-0.030374586197442002,-0.1848666158409075,1.565584582084534,16.93063338558526,-0.0231658820417878,-0.5207828260076988,0.4855305466237942
12,24,0.2,none,0.5,24,T2_mid,311,39.035369774919616,1.0828629454380843,0.3721909549933524,34.316985891043736,11.801072343973436,0.3131424962557741,0.10768478513875761,1.6277347071820258,22.515913547070305,-0.06567618741050393,-0.5103443413227264,0.5016077170418006
12,24,0.2,none,0.5,24,T3_illiquid,311,38.945337620578776,2.051278769730715,1.0083934053518202,62.725763322350964,30.812306239435607,0.5723725903164526,0.2811622944348499,1.6212441865180665,31.91345708291535,-0.08237871007539688,-0.33558820228045205,0.5434083601286174
12,24,0.3,demean,0.5,24,T1_liquid,311,59.067524115755624,-0.021142861564475954,-0.6263245679498297,-0.5365417085673683,-15.882039918178124,-0.0048959430906772355,-0.14492361425337538,1.4168460539873546,15.345498209610755,-0.0231658820417878,-0.4355084475397488,0.48231511254019294
12,24,0.3,demean,0.5,24,T2_mid,311,58.752411575562704,0.8487709579477694,-0.01579355371395409,20.0802470324717,-0.3738347371573641,0.18323225417130426,-0.0034112419765609473,1.4730998863607505,20.454081769629063,-0.06567618741050393,-0.45360819355890236,0.49517684887459806
12,24,0.3,demean,0.5,24,T3_illiquid,311,58.559485530546624,1.5650244983410468,0.48399207716168774,41.437839937844004,12.805762866956782,0.3781202894328265,0.11685258616098063,1.4541593690243255,28.632077070887217,-0.08237871007539688,-0.27849458246439984,0.4919614147909968
12,24,0.3,none,0.5,24,T1_liquid,311,59.067524115755624,-0.021142861564475954,-0.6263245679498297,-0.5365417085673683,-15.882039918178124,-0.0048959430906772355,-0.14492361425337538,1.4168460539873546,15.345498209610755,-0.0231658820417878,-0.4355084475397488,0.48231511254019294
12,24,0.3,none,0.5,24,T2_mid,311,58.752411575562704,0.8487709579477694,-0.01579355371395409,20.0802470324717,-0.3738347371573641,0.18323225417130426,-0.0034112419765609473,1.4730998863607505,20.454081769629063,-0.06567618741050393,-0.45360819355890236,0.49517684887459806
12,24,0.3,none,0.5,24,T3_illiquid,311,58.559485530546624,1.5650244983410468,0.48399207716168774,41.437839937844004,12.805762866956782,0.3781202894328265,0.11685258616098063,1.4541593690243255,28.632077070887217,-0.08237871007539688,-0.27849458246439984,0.4919614147909968
24,3,0.1,demean,0.5,3,T1_liquid,2486,19.045856798069188,-0.18873380013981747,-1.2664092508115843,-1.252265256385115,-8.406898028915613,-0.0914153637161134,-0.6137035561108398,0.6642165390254691,7.154632772530499,-0.03318026170210474,-0.9348617866177102,0.48592115848753015
24,3,0.1,demean,0.5,3,T2_mid,2486,18.983105390185035,3.632836424535372,1.8404334577225279,21.068447649657926,10.674223366689173,1.5379966784250285,0.7792183057683096,0.7565671076934151,10.39422428296875,-0.07148685794040366,-0.4900013949093174,0.5683829444891392
24,3,0.1,demean,0.5,3,T3_illiquid,2486,18.942880128720837,3.8720743682320777,0.7467397839417286,20.420759294335838,3.9388430090255464,1.4907154284865163,0.2875355396588649,0.8323270052554043,16.48191628531029,-0.07788936449745719,-0.5390272003437646,0.5281576830249397
24,3,0.1,none,0.5,3,T1_liquid,2486,19.045856798069188,-0.18873380013981747,-1.2664092508115843,-1.252265256385115,-8.406898028915613,-0.0914153637161134,-0.6137035561108398,0.6642165390254691,7.154632772530499,-0.03318026170210474,-0.9348617866177102,0.48592115848753015
24,3,0.1,none,0.5,3,T2_mid,2486,18.983105390185035,3.632836424535372,1.8404334577225279,21.068447649657926,10.674223366689173,1.5379966784250285,0.7792183057683096,0.7565671076934151,10.39422428296875,-0.07148685794040366,-0.4900013949093174,0.5683829444891392
24,3,0.1,none,0.5,3,T3_illiquid,2486,18.942880128720837,3.8720743682320777,0.7467397839417286,20.420759294335838,3.9388430090255464,1.4907154284865163,0.2875355396588649,0.8323270052554043,16.48191628531029,-0.07788936449745719,-0.5390272003437646,0.5281576830249397
24,3,0.2,demean,0.5,3,T1_liquid,2486,39.16492357200322,-0.12189131937267508,-1.5756068986501184,-0.5109097963863443,-6.607436031723562,-0.037296415136203125,-0.48234283031582004,0.565334109590388,6.096526235337217,-0.03318026170210474,-0.8577847858544791,0.48632341110217214
24,3,0.2,demean,0.5,3,T2_mid,2486,39.02413515687852,3.587245393782963,1.2507352955313786,13.54973480135041,4.729134017981682,0.98913064049858,0.3452267833126628,0.6399719874077684,8.820600783368729,-0.07148685794040366,-0.39553836814909016,0.5382139983909895
24,3,0.2,demean,0.5,3,T3_illiquid,2486,38.9195494770716,4.060724866275689,0.323436174427422,14.935551264124536,1.18898909366537,1.0902952422810912,0.08679620383757201,0.6929632752728669,13.74656217045917,-0.07788936449745719,-0.5407889383788926,0.50201126307321
24,3,0.2,none,0.5,3,T1_liquid,2486,39.16492357200322,-0.12189131937267508,-1.5756068986501184,-0.5109097963863443,-6.607436031723562,-0.037296415136203125,-0.48234283031582004,0.565334109590388,6.096526235337217,-0.03318026170210474,-0.8577847858544791,0.48632341110217214
24,3,0.2,none,0.5,3,T2_mid,2486,39.02413515687852,3.587245393782963,1.2507352955313786,13.54973480135041,4.729134017981682,0.98913064049858,0.3452267833126628,0.6399719874077684,8.820600783368729,-0.07148685794040366,-0.39553836814909016,0.5382139983909895
24,3,0.2,none,0.5,3,T3_illiquid,2486,38.9195494770716,4.060724866275689,0.323436174427422,14.935551264124536,1.18898909366537,1.0902952422810912,0.08679620383757201,0.6929632752728669,13.74656217045917,-0.07788936449745719,-0.5407889383788926,0.50201126307321
24,3,0.3,demean,0.5,3,T1_liquid,2486,59.05711987127916,-0.4343306144642197,-2.0720525484141326,-1.3940956381092862,-6.650857152558885,-0.10176898158197789,-0.4855125721367986,0.4870719622037688,5.256761514449598,-0.03318026170210474,-0.8433460569308722,0.4762670957361223
24,3,0.3,demean,0.5,3,T2_mid,2486,58.71198712791633,3.143175574096031,0.5860556865336938,9.396857714742499,1.7537500685889285,0.6859706131762024,0.12802375500699179,0.5531616836457556,7.643107646153572,-0.07148685794040366,-0.4038492922889797,0.5217216411906678
24,3,0.3,demean,0.5,3,T3_illiquid,2486,58.50603378921963,4.273792213863292,0.21202767293873084,12.378312610019295,0.6148456919568516,0.9036168205314086,0.044883735512850166,0.592806390048367,11.76346691806244,-0.07788936449745719,-0.4689187506337029,0.500402252614642
24,3,0.3,none,0.5,3,T1_liquid,2486,59.05711987127916,-0.4343306144642197,-2.0720525484141326,-1.3940956381092862,-6.650857152558885,-0.10176898158197789,-0.4855125721367986,0.4870719622037688,5.256761514449598,-0.03318026170210474,-0.8433460569308722,0.4762670957361223
24,3,0.3,none,0.5,3,T2_mid,2486,58.71198712791633,3.143175574096031,0.5860556865336938,9.396857714742499,1.7537500685889285,0.6859706131762024,0.12802375500699179,0.5531616836457556,7.643107646153572,-0.07148685794040366,-0.4038492922889797,0.5217216411906678
24,3,0.3,none,0.5,3,T3_illiquid,2486,58.50603378921963,4.273792213863292,0.21202767293873084,12.378312610019295,0.6148456919568516,0.9036168205314086,0.044883735512850166,0.592806390048367,11.76346691806244,-0.07788936449745719,-0.4689187506337029,0.500402252614642
24,6,0.1,demean,0.5,6,T1_liquid,1243,19.050683829444893,0.012979202932603604,-0.7136142214785609,0.18044628507229502,-9.923106264327,0.006586289405138768,-0.3621933786479355,0.937550078418944,10.10355254939929,-0.039418897160343816,-0.8618157213635504,0.5092518101367659
24,6,0.1,demean,0.5,6,T2_mid,1243,18.98793242156074,2.812578377684969,1.6305333200428995,34.30817245237394,19.888884577358997,1.2522482945116487,0.7259442870736035,1.0495852386640803,14.419287875014945,-0.09091768224726068,-0.6004995053547095,0.588093322606597
24,6,0.1,demean,0.5,6,T3_illiquid,1243,18.942880128720837,3.829791890714279,1.8332143675528296,42.2305575348691,20.205588124642247,1.5414153500227221,0.7375039665494421,1.1144135586412336,22.024969410226856,-0.09978141568264856,-0.37133501770319066,0.5776347546259051
24,6,0.1,none,0.5,6,T1_liquid,1243,19.050683829444893,0.012979202932603604,-0.7136142214785609,0.18044628507229502,-9.923106264327,0.006586289405138768,-0.3621933786479355,0.937550078418944,10.10355254939929,-0.039418897160343816,-0.8618157213635504,0.5092518101367659
24,6,0.1,none,0.5,6,T2_mid,1243,18.98793242156074,2.812578377684969,1.6305333200428995,34.30817245237394,19.888884577358997,1.2522482945116487,0.7259442870736035,1.0495852386640803,14.419287875014945,-0.09091768224726068,-0.6004995053547095,0.588093322606597
24,6,0.1,none,0.5,6,T3_illiquid,1243,18.942880128720837,3.829791890714279,1.8332143675528296,42.2305575348691,20.205588124642247,1.5414153500227221,0.7375039665494421,1.1144135586412336,22.024969410226856,-0.09978141568264856,-0.37133501770319066,0.5776347546259051
24,6,0.2,demean,0.5,6,T1_liquid,1243,39.17135961383749,-0.2548053904522958,-1.2339637072079928,-2.2656352548954675,-10.971627957776281,-0.08269568680368457,-0.40046442045883424,0.8068448313126352,8.705992702880812,-0.039418897160343816,-0.8098817694800503,0.48511665325824616
24,6,0.2,demean,0.5,6,T2_mid,1243,39.02654867256637,3.205621799082922,1.6132554631837341,24.9776852162615,12.568931786586452,0.9116855103935447,0.4587660102104055,0.8998217034372518,12.408753429675048,-0.09091768224726068,-0.45605852508387734,0.5784392598551891
24,6,0.2,demean,0.5,6,T3_illiquid,1243,38.921962992759454,4.187160524671168,1.7324223290015934,31.73395458770553,13.111394267333608,1.158289342451252,0.47856589075767675,0.9404929611921351,18.622560320371925,-0.09978141568264856,-0.3318533556779345,0.5583266291230893
24,6,0.2,none,0.5,6,T1_liquid,1243,39.17135961383749,-0.2548053904522958,-1.2339637072079928,-2.2656352548954675,-10.971627957776281,-0.08269568680368457,-0.40046442045883424,0.8068448313126352,8.705992702880812,-0.039418897160343816,-0.8098817694800503,0.48511665325824616
24,6,0.2,none,0.5,6,T2_mid,1243,39.02654867256637,3.205621799082922,1.6132554631837341,24.9776852162615,12.568931786586452,0.9116855103935447,0.4587660102104055,0.8998217034372518,12.408753429675048,-0.09091768224726068,-0.45605852508387734,0.5784392598551891
24,6,0.2,none,0.5,6,T3_illiquid,1243,38.921962992759454,4.187160524671168,1.7324223290015934,31.73395458770553,13.111394267333608,1.158289342451252,0.47856589075767675,0.9404929611921351,18.622560320371925,-0.09978141568264856,-0.3318533556779345,0.5583266291230893
24,6,0.3,demean,0.5,6,T1_liquid,1243,59.05872888173773,-0.29495243385373604,-1.4094102376863467,-2.007263723864714,-9.59150343288466,-0.07326512592106206,-0.35008987530029007,0.7020164874768161,7.584239709019945,-0.039418897160343816,-0.7525195067032597,0.48028962188254226
24,6,0.3,demean,0.5,6,T2_mid,1243,58.72405470635559,2.8771903963221224,1.1299164244151583,17.811742741607087,6.995300573375966,0.6501286100686587,0.25532847092822275,0.7821757202070481,10.816442168231124,-0.09091768224726068,-0.3799753074148754,0.5583266291230893
24,6,0.3,demean,0.5,6,T3_illiquid,1243,58.511665325824616,4.405328559250293,1.7674488254019596,26.996817873314516,10.839349839832533,0.9853838523759798,0.39563626915388744,0.8155489515463913,16.157468033481983,-0.09978141568264856,-0.2550196479253579,0.5398230088495575
24,6,0.3,none,0.5,6,T1_liquid,1243,59.05872888173773,-0.29495243385373604,-1.4094102376863467,-2.007263723864714,-9.59150343288466,-0.07326512592106206,-0.35008987530029007,0.7020164874768161,7.584239709019945,-0.039418897160343816,-0.7525195067032597,0.48028962188254226
24,6,0.3,none,0.5,6,T2_mid,1243,58.72405470635559,2.8771903963221224,1.1299164244151583,17.811742741607087,6.995300573375966,0.6501286100686587,0.25532847092822275,0.7821757202070481,10.816442168231124,-0.09091768224726068,-0.3799753074148754,0.5583266291230893
24,6,0.3,none,0.5,6,T3_illiquid,1243,58.511665325824616,4.405328559250293,1.7674488254019596,26.996817873314516,10.839349839832533,0.9853838523759798,0.39563626915388744,0.8155489515463913,16.157468033481983,-0.09978141568264856,-0.2550196479253579,0.5398230088495575
24,12,0.1,demean,0.5,12,T1_liquid,622,19.04823151125402,-0.6842450247325366,-1.2269576724370972,-17.363376997366274,-31.139142533411153,-0.3168816302019345,-0.5682893512347535,1.2776828343146671,13.775765536044874,-0.03419351351181528,-0.9135619946288999,0.4887459807073955
24,12,0.1,demean,0.5,12,T2_mid,622,18.990353697749196,1.263504805075356,0.4504735210279362,29.89553520950494,10.660176041051926,0.5455935175734652,0.19454821274919765,1.4002474213889005,19.23535916845302,-0.08635053864326567,-0.6569068916160633,0.5787781350482315
24,12,0.1,demean,0.5,12,T3_illiquid,622,18.94855305466238,2.740042593652983,1.4054715159086093,58.11055162170479,29.797319268023273,1.0605175670961124,0.5438010766414247,1.4366038659447018,28.31323235368151,-0.08992880033492219,-0.38841543177960014,0.572347266881029
24,12,0.1,none,0.5,12,T1_liquid,622,19.04823151125402,-0.6842450247325366,-1.2269576724370972,-17.363376997366274,-31.139142533411153,-0.3168816302019345,-0.5682893512347535,1.2776828343146671,13.775765536044874,-0.03419351351181528,-0.9135619946288999,0.4887459807073955
24,12,0.1,none,0.5,12,T2_mid,622,18.990353697749196,1.263504805075356,0.4504735210279362,29.89553520950494,10.660176041051926,0.5455935175734652,0.19454821274919765,1.4002474213889005,19.23535916845302,-0.08635053864326567,-0.6569068916160633,0.5787781350482315
24,12,0.1,none,0.5,12,T3_illiquid,622,18.94855305466238,2.740042593652983,1.4054715159086093,58.11055162170479,29.797319268023273,1.0605175670961124,0.5438010766414247,1.4366038659447018,28.31323235368151,-0.08992880033492219,-0.38841543177960014,0.572347266881029
24,12,0.2,demean,0.5,12,T1_liquid,622,39.167202572347264,-0.8041340349448368,-1.5251673917102222,-13.514214350048388,-25.644257303471964,-0.2466344118883831,-0.4680076957883633,1.1232404184087346,12.130042953423574,-0.03419351351181528,-0.8396137340063948,0.4630225080385852
24,12,0.2,demean,0.5,12,T2_mid,622,39.032154340836016,1.6610947643917142,0.5911644553237938,26.369954324435167,9.388220034013605,0.4812516664209418,0.17133501562074827,1.2298044278039904,16.981734290421564,-0.08635053864326567,-0.49629335926937956,0.5498392282958199
24,12,0.2,demean,0.5,12,T3_illiquid,622,38.91961414790997,2.4693344850967054,0.9559613656581233,40.385260050149405,15.634390264326425,0.7370309959152266,0.28532762232395725,1.2529712476442776,24.75086978582297,-0.08992880033492219,-0.3798681591408313,0.5514469453376206
24,12,0.2,none,0.5,12,T1_liquid,622,39.167202572347264,-0.8041340349448368,-1.5251673917102222,-13.514214350048388,-25.644257303471964,-0.2466344118883831,-0.4680076957883633,1.1232404184087346,12.130042953423574,-0.03419351351181528,-0.8396137340063948,0.4630225080385852
24,12,0.2,none,0.5,12,T2_mid,622,39.032154340836016,1.6610947643917142,0.5911644553237938,26.369954324435167,9.388220034013605,0.4812516664209418,0.17133501562074827,1.2298044278039904,16.981734290421564,-0.08635053864326567,-0.49629335926937956,0.5498392282958199
24,12,0.2,none,0.5,12,T3_illiquid,622,38.91961414790997,2.4693344850967054,0.9559613656581233,40.385260050149405,15.634390264326425,0.7370309959152266,0.28532762232395725,1.2529712476442776,24.75086978582297,-0.08992880033492219,-0.3798681591408313,0.5514469453376206
24,12,0.3,demean,0.5,12,T1_liquid,622,59.054662379421224,-0.9351328750330784,-1.7818538982686007,-11.864398633272813,-22.616584980704662,-0.21652527505722882,-0.4127526758978601,0.9942336135047459,10.752186347431849,-0.03419351351181528,-0.7868783435104404,0.4437299035369775
24,12,0.3,demean,0.5,12,T2_mid,622,58.72347266881029,1.906149358046372,0.6232591706595323,22.472404393164997,7.353051710756486,0.4101213801752612,0.1341931937213059,1.0912978616555675,15.119352682408513,-0.08635053864326567,-0.3322135238210505,0.5369774919614148
24,12,0.3,demean,0.5,12,T3_illiquid,622,58.51768488745981,2.924346341364983,1.2082658062892473,37.096172214351135,15.340685752861633,0.6770051429119083,0.2799675149897248,1.1008674443605535,21.755486461489514,-0.08992880033492219,-0.27739112578591973,0.5546623794212219
24,12,0.3,none,0.5,12,T1_liquid,622,59.054662379421224,-0.9351328750330784,-1.7818538982686007,-11.864398633272813,-22.616584980704662,-0.21652527505722882,-0.4127526758978601,0.9942336135047459,10.752186347431849,-0.03419351351181528,-0.7868783435104404,0.4437299035369775
24,12,0.3,none,0.5,12,T2_mid,622,58.72347266881029,1.906149358046372,0.6232591706595323,22.472404393164997,7.353051710756486,0.4101213801752612,0.1341931937213059,1.0912978616555675,15.119352682408513,-0.08635053864326567,-0.3322135238210505,0.5369774919614148
24,12,0.3,none,0.5,12,T3_illiquid,622,58.51768488745981,2.924346341364983,1.2082658062892473,37.096172214351135,15.340685752861633,0.6770051429119083,0.2799675149897248,1.1008674443605535,21.755486461489514,-0.08992880033492219,-0.27739112578591973,0.5546623794212219
24,24,0.1,demean,0.5,24,T1_liquid,311,19.05466237942122,-0.3814810285936678,-0.7469624288620861,-19.303919619837288,-37.79680657389788,-0.17614826653101523,-0.3448958599868182,1.7128884156215347,18.492886954060587,-0.03536658438798585,-0.8220418098950883,0.48231511254019294
24,24,0.1,demean,0.5,24,T2_mid,311,18.9967845659164,0.49659571564740557,-0.05341449038611039,22.38971204522426,-2.409046526946701,0.20430612241267138,-0.021982549558388645,1.8049335801747377,24.798758572170954,-0.07561322621414604,-0.5959661999128743,0.5048231511254019
24,24,0.1,demean,0.5,24,T3_illiquid,311,18.964630225080384,1.0897478188172525,0.17896576165320366,42.60483964327882,6.994568755716931,0.38876916174491927,0.06382543989591699,1.8140041898080483,35.61027088756189,-0.07955661521869974,-0.49694058275272757,0.5369774919614148
24,24,0.1,none,0.5,24,T1_liquid,311,19.05466237942122,-0.3814810285936678,-0.7469624288620861,-19.303919619837288,-37.79680657389788,-0.17614826653101523,-0.3448958599868182,1.7128884156215347,18.492886954060587,-0.03536658438798585,-0.8220418098950883,0.48231511254019294
24,24,0.1,none,0.5,24,T2_mid,311,18.9967845659164,0.49659571564740557,-0.05341449038611039,22.38971204522426,-2.409046526946701,0.20430612241267138,-0.021982549558388645,1.8049335801747377,24.798758572170954,-0.07561322621414604,-0.5959661999128743,0.5048231511254019
24,24,0.1,none,0.5,24,T3_illiquid,311,18.964630225080384,1.0897478188172525,0.17896576165320366,42.60483964327882,6.994568755716931,0.38876916174491927,0.06382543989591699,1.8140041898080483,35.61027088756189,-0.07955661521869974,-0.49694058275272757,0.5369774919614148
24,24,0.2,demean,0.5,24,T1_liquid,311,39.18327974276527,-0.4297643901127594,-0.9428293332267544,-14.152522865595625,-31.05328120295707,-0.12914177114856007,-0.28336119097698326,1.5630725586031278,16.900758337361445,-0.03536658438798585,-0.6488783183713116,0.45980707395498394
24,24,0.2,demean,0.5,24,T2_mid,311,39.035369774919616,0.5477625759181421,-0.1511231011652761,18.050284996756826,-4.980267956355029,0.16470885059540605,-0.045444945101739645,1.6659968800970995,23.03055295311186,-0.07561322621414604,-0.5524925358139521,0.5080385852090032
24,24,0.2,demean,0.5,24,T3_illiquid,311,38.945337620578776,1.7441590292914173,0.7047446957791461,55.51003730218292,22.43342917997771,0.5065290903824192,0.20470504126729663,1.6795009957345124,33.07660812220521,-0.07955661521869974,-0.39581957092562225,0.5241157556270096
24,24,0.2,none,0.5,24,T1_liquid,311,39.18327974276527,-0.4297643901127594,-0.9428293332267544,-14.152522865595625,-31.05328120295707,-0.12914177114856007,-0.28336119097698326,1.5630725586031278,16.900758337361445,-0.03536658438798585,-0.6488783183713116,0.45980707395498394
24,24,0.2,none,0.5,24,T2_mid,311,39.035369774919616,0.5477625759181421,-0.1511231011652761,18.050284996756826,-4.980267956355029,0.16470885059540605,-0.045444945101739645,1.6659968800970995,23.03055295311186,-0.07561322621414604,-0.5524925358139521,0.5080385852090032
24,24,0.2,none,0.5,24,T3_illiquid,311,38.945337620578776,1.7441590292914173,0.7047446957791461,55.51003730218292,22.43342917997771,0.5065290903824192,0.20470504126729663,1.6795009957345124,33.07660812220521,-0.07955661521869974,-0.39581957092562225,0.5241157556270096
24,24,0.3,demean,0.5,24,T1_liquid,311,59.067524115755624,-0.3009266645380269,-0.896876901738063,-7.791002105266075,-23.23657048747999,-0.07109289421055293,-0.21203370569825492,1.4262107404942217,15.445568382213917,-0.03536658438798585,-0.52759428094276,0.4758842443729904
24,24,0.3,demean,0.5,24,T2_mid,311,58.752411575562704,0.7510135717866644,-0.1061693577858626,18.496860164662824,-2.615196415462079,0.16878384900254825,-0.023863667291091472,1.5215492771139738,21.1120565801249,-0.07561322621414604,-0.3721003546573496,0.4662379421221865
24,24,0.3,demean,0.5,24,T3_illiquid,311,58.559485530546624,1.8145240035213326,0.5396028694625329,42.709963726356,12.705132081964575,0.38972841900299854,0.11593433024792675,1.5227801856382168,30.004831644391437,-0.07955661521869974,-0.319549337876329,0.5176848874598071
24,24,0.3,none,0.5,24,T1_liquid,311,59.067524115755624,-0.3009266645380269,-0.896876901738063,-7.791002105266075,-23.23657048747999,-0.07109289421055293,-0.21203370569825492,1.4262107404942217,15.445568382213917,-0.03536658438798585,-0.52759428094276,0.4758842443729904
24,24,0.3,none,0.5,24,T2_mid,311,58.752411575562704,0.7510135717866644,-0.1061693577858626,18.496860164662824,-2.615196415462079,0.16878384900254825,-0.023863667291091472,1.5215492771139738,21.1120565801249,-0.07561322621414604,-0.3721003546573496,0.4662379421221865
24,24,0.3,none,0.5,24,T3_illiquid,311,58.559485530546624,1.8145240035213326,0.5396028694625329,42.709963726356,12.705132081964575,0.38972841900299854,0.11593433024792675,1.5227801856382168,30.004831644391437,-0.07955661521869974,-0.319549337876329,0.5176848874598071
3,3,0.1,demean,1.0,3,T1_liquid,2486,19.045856798069188,-1.5243976936532526,-4.74133420557738,-9.117962508971445,-28.373776909440913,-0.6656112631549154,-2.0712857143891865,1.671724906228124,19.255814400469472,-0.008252100524747773,-0.999412866410434,0.43925985518905875
3,3,0.1,demean,1.0,3,T2_mid,2486,18.983105390185035,0.20977340457166055,-4.990481159857813,1.2074261523843466,-28.733610616000572,0.0881421091240573,-2.0975535749680416,1.711095569532818,29.941036768384922,-0.031841733661228715,-0.9994306819395531,0.4324215607401448
3,3,0.1,demean,1.0,3,T3_illiquid,2486,18.942880128720837,0.6667085210868418,-8.86188170384189,3.6862662483685535,-49.100282863889525,0.2690974361309044,-3.5843206490639354,1.7708401246112426,52.78654911225809,-0.051247279619191094,-0.9999967162240567,0.3278358809332261
3,3,0.1,none,1.0,3,T1_liquid,2486,19.045856798069188,-1.5243976936532526,-4.74133420557738,-9.117962508971445,-28.373776909440913,-0.6656112631549154,-2.0712857143891865,1.671724906228124,19.255814400469472,-0.008252100524747773,-0.999412866410434,0.43925985518905875
3,3,0.1,none,1.0,3,T2_mid,2486,18.983105390185035,0.20977340457166055,-4.990481159857813,1.2074261523843466,-28.733610616000572,0.0881421091240573,-2.0975535749680416,1.711095569532818,29.941036768384922,-0.031841733661228715,-0.9994306819395531,0.4324215607401448
3,3,0.1,none,1.0,3,T3_illiquid,2486,18.942880128720837,0.6667085210868418,-8.86188170384189,3.6862662483685535,-49.100282863889525,0.2690974361309044,-3.5843206490639354,1.7708401246112426,52.78654911225809,-0.051247279619191094,-0.9999967162240567,0.3278358809332261
3,3,0.2,demean,1.0,3,T1_liquid,2486,39.16492357200322,-2.153019409048377,-6.797167330407908,-8.188072793367672,-25.855572780181028,-0.59772931391584,-1.8874568129532152,1.5329766372632319,17.667499986813354,-0.008252100524747773,-0.9986228142411897,0.38857602574416733
3,3,0.2,demean,1.0,3,T2_mid,2486,39.02413515687852,-0.2933951233904871,-7.86387284921837,-1.0775810015774077,-28.89954984226144,-0.07866341311515075,-2.109667138485085,1.586786779149985,27.82196884068403,-0.031841733661228715,-0.9993463500540563,0.3684633950120676
3,3,0.2,demean,1.0,3,T3_illiquid,2486,38.9195494770716,1.0271563146449816,-12.613217769218243,3.6687324071264613,-45.140819676754525,0.2678174657202317,-3.2952798364030804,1.6346926758713571,48.80955208388098,-0.051247279619191094,-0.9999885961348828,0.24497184231697505
3,3,0.2,none,1.0,3,T1_liquid,2486,39.16492357200322,-2.153019409048377,-6.797167330407908,-8.188072793367672,-25.855572780181028,-0.59772931391584,-1.8874568129532152,1.5329766372632319,17.667499986813354,-0.008252100524747773,-0.9986228142411897,0.38857602574416733
3,3,0.2,none,1.0,3,T2_mid,2486,39.02413515687852,-0.2933951233904871,-7.86387284921837,-1.0775810015774077,-28.89954984226144,-0.07866341311515075,-2.109667138485085,1.586786779149985,27.82196884068403,-0.031841733661228715,-0.9993463500540563,0.3684633950120676
3,3,0.2,none,1.0,3,T3_illiquid,2486,38.9195494770716,1.0271563146449816,-12.613217769218243,3.6687324071264613,-45.140819676754525,0.2678174657202317,-3.2952798364030804,1.6346926758713571,48.80955208388098,-0.051247279619191094,-0.9999885961348828,0.24497184231697505
3,3,0.3,demean,1.0,3,T1_liquid,2486,59.05711987127916,-2.2106388531598764,-7.812727384273419,-6.360715176555667,-22.490076544825797,-0.4643322078885637,-1.641775587772283,1.3988672046436292,16.12936136827013,-0.008252100524747773,-0.9965538153853112,0.37369267900241354
3,3,0.3,demean,1.0,3,T2_mid,2486,58.71761866452132,-0.6198448906550904,-9.82909442406824,-1.7074169810476179,-27.103920163824487,-0.12464143961647611,-1.9785861719591875,1.4467559612635925,25.39650318277687,-0.031841733661228715,-0.998876348535929,0.33024939662107805
3,3,0.3,demean,1.0,3,T3_illiquid,2486,58.50603378921963,0.7636604249246854,-15.027555218229464,2.13594025417225,-42.08900289019321,0.15592363855457428,-3.0724972109841038,1.4803749437522256,44.22494314436546,-0.051247279619191094,-0.9999739603419914,0.21440064360418343
3,3,0.3,none,1.0,3,T1_liquid,2486,59.05711987127916,-2.2106388531598764,-7.812727384273419,-6.360715176555667,-22.490076544825797,-0.4643322078885637,-1.641775587772283,1.3988672046436292,16.12936136827013,-0.008252100524747773,-0.9965538153853112,0.37369267900241354
3,3,0.3,none,1.0,3,T2_mid,2486,58.71761866452132,-0.6198448906550904,-9.82909442406824,-1.7074169810476179,-27.103920163824487,-0.12464143961647611,-1.9785861719591875,1.4467559612635925,25.39650318277687,-0.031841733661228715,-0.998876348535929,0.33024939662107805
3,3,0.3,none,1.0,3,T3_illiquid,2486,58.50603378921963,0.7636604249246854,-15.027555218229464,2.13594025417225,-42.08900289019321,0.15592363855457428,-3.0724972109841038,1.4803749437522256,44.22494314436546,-0.051247279619191094,-0.9999739603419914,0.21440064360418343
3,6,0.1,demean,1.0,6,T1_liquid,1243,19.050683829444893,0.48375080023835837,-1.055634911165597,6.100734061071239,-13.315231972091095,0.22267679322910022,-0.486005966981325,1.6834773432520818,19.415966033162334,-0.01912435716768792,-0.8704870598017794,0.4891391794046661
3,6,0.1,demean,1.0,6,T2_mid,1243,18.98793242156074,2.338138793124998,-0.10371682980625321,28.99157433639557,-1.2858898163954142,1.0581924632784383,-0.04693497829843262,1.7304341832298389,30.27746415279098,-0.04179703008645556,-0.5833001669707722,0.5108608205953339
3,6,0.1,demean,1.0,6,T3_illiquid,1243,18.942880128720837,2.348963688502323,-2.188278094599161,27.149661868460292,-25.289833192771496,0.9909626581988007,-0.9230789115361596,1.7660997110514405,52.43949506123178,-0.07104318427370142,-0.9685812671989987,0.4424778761061947
3,6,0.1,none,1.0,6,T1_liquid,1243,19.050683829444893,0.48375080023835837,-1.055634911165597,6.100734061071239,-13.315231972091095,0.22267679322910022,-0.486005966981325,1.6834773432520818,19.415966033162334,-0.01912435716768792,-0.8704870598017794,0.4891391794046661
3,6,0.1,none,1.0,6,T2_mid,1243,18.98793242156074,2.338138793124998,-0.10371682980625321,28.99157433639557,-1.2858898163954142,1.0581924632784383,-0.04693497829843262,1.7304341832298389,30.27746415279098,-0.04179703008645556,-0.5833001669707722,0.5108608205953339
3,6,0.1,none,1.0,6,T3_illiquid,1243,18.942880128720837,2.348963688502323,-2.188278094599161,27.149661868460292,-25.289833192771496,0.9909626581988007,-0.9230789115361596,1.7660997110514405,52.43949506123178,-0.07104318427370142,-0.9685812671989987,0.4424778761061947
3,6,0.2,demean,1.0,6,T1_liquid,1243,39.17135961383749,0.07092578844236705,-2.1295920600764036,0.5686491910926881,-17.08861006454323,0.020755695474883117,-0.6237342673558278,1.5290952410698508,17.657259255635918,-0.01912435716768792,-0.8978192715198814,0.4569589702333065
3,6,0.2,demean,1.0,6,T2_mid,1243,39.02654867256637,1.5959068788700044,-1.948383835956667,12.39259556100919,-15.12753464043584,0.4523297379768354,-0.5521550143759082,1.5673442965901063,27.520130201445035,-0.04179703008645556,-0.8695584959354131,0.4666130329847144
3,6,0.2,demean,1.0,6,T3_illiquid,1243,38.921962992759454,2.9080916081335793,-3.634942237494997,21.229837184836654,-26.512203036460186,0.7748890572465379,-0.9676954108307968,1.6039510378346562,47.74204022129683,-0.07104318427370142,-0.9659033648481359,0.4030571198712792
3,6,0.2,none,1.0,6,T1_liquid,1243,39.17135961383749,0.07092578844236705,-2.1295920600764036,0.5686491910926881,-17.08861006454323,0.020755695474883117,-0.6237342673558278,1.5290952410698508,17.657259255635918,-0.01912435716768792,-0.8978192715198814,0.4569589702333065
3,6,0.2,none,1.0,6,T2_mid,1243,39.02654867256637,1.5959068788700044,-1.948383835956667,12.39259556100919,-15.12753464043584,0.4523297379768354,-0.5521550143759082,1.5673442965901063,27.520130201445035,-0.04179703008645556,-0.8695584959354131,0.4666130329847144
3,6,0.2,none,1.0,6,T3_illiquid,1243,38.921962992759454,2.9080916081335793,-3.634942237494997,21.229837184836654,-26.512203036460186,0.7748890572465379,-0.9676954108307968,1.6039510378346562,47.74204022129683,-0.07104318427370142,-0.9659033648481359,0.4030571198712792
3,6,0.3,demean,1.0,6,T1_liquid,1243,59.05872888173773,0.04521324256126636,-2.5269076927229808,0.2796451666805736,-15.639841534502386,0.010207048583840937,-0.5708542160093371,1.3776228807084827,15.919486701182961,-0.01912435716768792,-0.8686541370468394,0.4489139179404666
3,6,0.3,demean,1.0,6,T2_mid,1243,58.730490748189865,1.143120632761588,-2.9873210192319055,6.859521440153411,-17.930259065986775,0.2503725325655995,-0.6544544559085174,1.4088089552173706,24.789780506140186,-0.04179703008645556,-0.8986619111064424,0.4239742558326629
3,6,0.3,demean,1.0,6,T3_illiquid,1243,58.511665325824616,2.5492477340803625,-4.829563130711568,14.701624235623653,-27.820129735352875,0.5366092846002632,-1.0154347353403799,1.42767689127981,42.521753970976526,-0.07104318427370142,-0.9698945856275663,0.3563958165728077
3,6,0.3,none,1.0,6,T1_liquid,1243,59.05872888173773,0.04521324256126636,-2.5269076927229808,0.2796451666805736,-15.639841534502386,0.010207048583840937,-0.5708542160093371,1.3776228807084827,15.919486701182961,-0.01912435716768792,-0.8686541370468394,0.4489139179404666
3,6,0.3,none,1.0,6,T2_mid,1243,58.730490748189865,1.143120632761588,-2.9873210192319055,6.859521440153411,-17.930259065986775,0.2503725325655995,-0.6544544559085174,1.4088089552173706,24.789780506140186,-0.04179703008645556,-0.8986619111064424,0.4239742558326629
3,6,0.3,none,1.0,6,T3_illiquid,1243,58.511665325824616,2.5492477340803625,-4.829563130711568,14.701624235623653,-27.820129735352875,0.5366092846002632,-1.0154347353403799,1.42767689127981,42.521753970976526,-0.07104318427370142,-0.9698945856275663,0.3563958165728077
3,12,0.1,demean,1.0,12,T1_liquid,622,19.04823151125402,-0.14591816734753216,-1.022536693359971,-3.2736046083512202,-22.932914780583413,-0.05974328410240977,-0.4185256947456473,1.7007676094894748,19.659310172232203,-0.010301116558981062,-0.8256808714645338,0.4790996784565916
3,12,0.1,demean,1.0,12,T2_mid,622,18.990353697749196,1.0519120920784784,-0.40869181226835427,22.214860614082937,-8.631598334033969,0.4054212062070136,-0.15752666959611994,1.7602172969938243,30.846458948116904,-0.029347274554698762,-0.6247217627061851,0.5
3,12,0.1,demean,1.0,12,T3_illiquid,622,18.94855305466238,1.7156513163186122,-0.7495616258519066,36.61228992488906,-16.00851654066218,0.6681742911292254,-0.2921554268670848,1.7815164158813677,52.62080646555124,-0.054052997940791915,-0.7847381990460051,0.46141479099678456
3,12,0.1,none,1.0,12,T1_liquid,622,19.04823151125402,-0.14591816734753216,-1.022536693359971,-3.2736046083512202,-22.932914780583413,-0.05974328410240977,-0.4185256947456473,1.7007676094894748,19.659310172232203,-0.010301116558981062,-0.8256808714645338,0.4790996784565916
3,12,0.1,none,1.0,12,T2_mid,622,18.990353697749196,1.0519120920784784,-0.40869181226835427,22.214860614082937,-8.631598334033969,0.4054212062070136,-0.15752666959611994,1.7602172969938243,30.846458948116904,-0.029347274554698762,-0.6247217627061851,0.5
3,12,0.1,none,1.0,12,T3_illiquid,622,18.94855305466238,1.7156513163186122,-0.7495616258519066,36.61228992488906,-16.00851654066218,0.6681742911292254,-0.2921554268670848,1.7815164158813677,52.62080646555124,-0.054052997940791915,-0.7847381990460051,0.46141479099678456
3,12,0.2,demean,1.0,12,T1_liquid,622,39.167202572347264,-0.12159714878319738,-1.3727236236618827,-1.730049333434596,-19.53110998607388,-0.03157340033518138,-0.35644275724584834,1.537118247238296,17.801060652639286,-0.010301116558981062,-0.7450285141725639,0.44694533762057875
3,12,0.2,demean,1.0,12,T2_mid,622,39.032154340836016,0.8624274066350989,-1.154724619227779,12.010998803028128,-16.07396306428532,0.21920072815526334,-0.2933498259232071,1.5937180393401895,28.08496186731345,-0.029347274554698762,-0.6794091961166183,0.45980707395498394
3,12,0.2,demean,1.0,12,T3_illiquid,622,38.91961414790997,1.746992006394871,-1.8691475000554438,22.860239084961215,-24.49098956244672,0.4171993633005422,-0.4469605595146527,1.5988496171813014,47.351228647407936,-0.054052997940791915,-0.8077672479467508,0.42765273311897106
3,12,0.2,none,1.0,12,T1_liquid,622,39.167202572347264,-0.12159714878319738,-1.3727236236618827,-1.730049333434596,-19.53110998607388,-0.03157340033518138,-0.35644275724584834,1.537118247238296,17.801060652639286,-0.010301116558981062,-0.7450285141725639,0.44694533762057875
3,12,0.2,none,1.0,12,T2_mid,622,39.032154340836016,0.8624274066350989,-1.154724619227779,12.010998803028128,-16.07396306428532,0.21920072815526334,-0.2933498259232071,1.5937180393401895,28.08496186731345,-0.029347274554698762,-0.6794091961166183,0.45980707395498394
3,12,0.2,none,1.0,12,T3_illiquid,622,38.91961414790997,1.746992006394871,-1.8691475000554438,22.860239084961215,-24.49098956244672,0.4171993633005422,-0.4469605595146527,1.5988496171813014,47.351228647407936,-0.054052997940791915,-0.8077672479467508,0.42765273311897106
3,12,0.3,demean,1.0,12,T1_liquid,622,59.054662379421224,-0.08875630450757413,-1.550668772678909,-0.9732279205841103,-17.008684465224817,-0.017761409550660013,-0.31040849149035293,1.3829029041453351,16.035456544640713,-0.010301116558981062,-0.6781456287935133,0.4533762057877814
3,12,0.3,demean,1.0,12,T2_mid,622,58.72990353697749,0.6140015638429711,-1.672458845383619,6.778350434105848,-18.463795123605646,0.12370489542243172,-0.336964261005803,1.4277232661217976,25.242145557711492,-0.029347274554698762,-0.698920712460626,0.44855305466237944
3,12,0.3,demean,1.0,12,T3_illiquid,622,58.51768488745981,1.6553373236057543,-2.161572481452792,18.280608956240812,-23.886511764144796,0.3336211134513948,-0.43592883969564256,1.422996756728159,42.16712072038561,-0.054052997940791915,-0.799182627514337,0.41318327974276525
3,12,0.3,none,1.0,12,T1_liquid,622,59.054662379421224,-0.08875630450757413,-1.550668772678909,-0.9732279205841103,-17.008684465224817,-0.017761409550660013,-0.31040849149035293,1.3829029041453351,16.035456544640713,-0.010301116558981062,-0.6781456287935133,0.4533762057877814
3,12,0.3,none,1.0,12,T2_mid,622,58.72990353697749,0.6140015638429711,-1.672458845383619,6.778350434105848,-18.463795123605646,0.12370489542243172,-0.336964261005803,1.4277232661217976,25.242145557711492,-0.029347274554698762,-0.698920712460626,0.44855305466237944
3,12,0.3,none,1.0,12,T3_illiquid,622,58.51768488745981,1.6553373236057543,-2.161572481452792,18.280608956240812,-23.886511764144796,0.3336211134513948,-0.43592883969564256,1.422996756728159,42.16712072038561,-0.054052997940791915,-0.799182627514337,0.41318327974276525
3,24,0.1,demean,1.0,24,T1_liquid,311,19.05466237942122,0.060354793499739275,-0.4132901874158759,2.530177052592164,-17.318317539632332,0.023087865604903494,-0.15802964754914503,1.7123035592488969,19.848494592224494,-0.008119112059176443,-0.5387079370827108,0.4887459807073955
3,24,0.1,demean,1.0,24,T2_mid,311,18.9967845659164,0.7075697502113094,-0.057671509044173286,28.90331225458218,-2.3552779828866823,0.2637427243230624,-0.021491911593840975,1.778610287533117,31.258590237468855,-0.029772311603811486,-0.6269184418959801,0.5498392282958199
3,24,0.1,demean,1.0,24,T3_illiquid,311,18.964630225080384,1.1627535076376498,-0.10917646301768817,48.24059069440092,-4.534436767865291,0.4401953900864084,-0.041376735506770776,1.8017923841074965,52.77502746226622,-0.05653421590075332,-0.5056973466283917,0.5080385852090032
3,24,0.1,none,1.0,24,T1_liquid,311,19.05466237942122,0.060354793499739275,-0.4132901874158759,2.530177052592164,-17.318317539632332,0.023087865604903494,-0.15802964754914503,1.7123035592488969,19.848494592224494,-0.008119112059176443,-0.5387079370827108,0.4887459807073955
3,24,0.1,none,1.0,24,T2_mid,311,18.9967845659164,0.7075697502113094,-0.057671509044173286,28.90331225458218,-2.3552779828866823,0.2637427243230624,-0.021491911593840975,1.778610287533117,31.258590237468855,-0.029772311603811486,-0.6269184418959801,0.5498392282958199
3,24,0.1,none,1.0,24,T3_illiquid,311,18.964630225080384,1.1627535076376498,-0.10917646301768817,48.24059069440092,-4.534436767865291,0.4401953900864084,-0.041376735506770776,1.8017923841074965,52.77502746226622,-0.05653421590075332,-0.5056973466283917,0.5080385852090032
3,24,0.2,demean,1.0,24,T1_liquid,311,39.18327974276527,-0.5027184804850665,-1.1580322141044768,-13.90327523630418,-32.013748133976414,-0.12686738653127566,-0.29212545172253473,1.555928517580364,18.11047289767223,-0.008119112059176443,-0.6545644480336911,0.4887459807073955
3,24,0.2,demean,1.0,24,T2_mid,311,39.035369774919616,0.2991849164652932,-0.7190048016934067,8.40498157401219,-20.197159423204976,0.07669545686286124,-0.18429907973674542,1.6145016096973859,28.602140997217163,-0.029772311603811486,-0.5670370211090485,0.5048231511254019
3,24,0.2,demean,1.0,24,T3_illiquid,311,38.945337620578776,1.1164151512951326,-0.6808495772954594,29.745144239845864,-18.159361468810133,0.2714244411885935,-0.16570417340289245,1.630592186912415,47.90450570865599,-0.05653421590075332,-0.5026708677636007,0.45016077170418006
3,24,0.2,none,1.0,24,T1_liquid,311,39.18327974276527,-0.5027184804850665,-1.1580322141044768,-13.90327523630418,-32.013748133976414,-0.12686738653127566,-0.29212545172253473,1.555928517580364,18.11047289767223,-0.008119112059176443,-0.6545644480336911,0.4887459807073955
3,24,0.2,none,1.0,24,T2_mid,311,39.035369774919616,0.2991849164652932,-0.7190048016934067,8.40498157401219,-20.197159423204976,0.07669545686286124,-0.18429907973674542,1.6145016096973859,28.602140997217163,-0.029772311603811486,-0.5670370211090485,0.5048231511254019
3,24,0.2,none,1.0,24,T3_illiquid,311,38.945337620578776,1.1164151512951326,-0.6808495772954594,29.745144239845864,-18.159361468810133,0.2714244411885935,-0.16570417340289245,1.630592186912415,47.90450570865599,-0.05653421590075332,-0.5026708677636007,0.45016077170418006
3,24,0.3,demean,1.0,24,T1_liquid,311,59.067524115755624,-0.4282551353687323,-1.1679009695163025,-9.457102755842136,-25.763251035053127,-0.0862960626470595,-0.23508966569485978,1.3968616164033747,16.306148279210998,-0.008119112059176443,-0.5677612246583307,0.45980707395498394
3,24,0.3,demean,1.0,24,T2_mid,311,58.758842443729904,0.03810392563725012,-1.1087954740413852,0.855463746253784,-24.897054552192383,0.007806106684565778,-0.22718562278875548,1.4449140646808958,25.752518298446162,-0.029772311603811486,-0.5737518630426499,0.4565916398713826
3,24,0.3,demean,1.0,24,T3_illiquid,311,58.559485530546624,1.1495988467041813,-0.731017720956728,25.945623307214202,-16.517437209030795,0.2367538126783296,-0.150721614532406,1.4455802478095392,42.46306051624501,-0.05653421590075332,-0.4442556365828738,0.3890675241157556
3,24,0.3,none,1.0,24,T1_liquid,311,59.067524115755624,-0.4282551353687323,-1.1679009695163025,-9.457102755842136,-25.763251035053127,-0.0862960626470595,-0.23508966569485978,1.3968616164033747,16.306148279210998,-0.008119112059176443,-0.5677612246583307,0.45980707395498394
3,24,0.3,none,1.0,24,T2_mid,311,58.758842443729904,0.03810392563725012,-1.1087954740413852,0.855463746253784,-24.897054552192383,0.007806106684565778,-0.22718562278875548,1.4449140646808958,25.752518298446162,-0.029772311603811486,-0.5737518630426499,0.4565916398713826
3,24,0.3,none,1.0,24,T3_illiquid,311,58.559485530546624,1.1495988467041813,-0.731017720956728,25.945623307214202,-16.517437209030795,0.2367538126783296,-0.150721614532406,1.4455802478095392,42.46306051624501,-0.05653421590075332,-0.4442556365828738,0.3890675241157556
6,3,0.1,demean,1.0,3,T1_liquid,2486,19.045856798069188,0.29944900894069704,-1.9380276852560376,1.9015837568611103,-12.310598097889125,0.13881561425086106,-0.8986736611459061,1.2332705575465028,14.21218185475024,-0.020440582806888225,-0.9679449886197287,0.4666130329847144
6,3,0.1,demean,1.0,3,T2_mid,2486,18.983105390185035,2.0881554418570487,-1.7360352940869215,12.406604953407012,-10.32844461058714,0.9056821615987118,-0.7539764565728612,1.3003380402113305,22.735049563994153,-0.04201629702151432,-0.9437599744860427,0.4786806114239743
6,3,0.1,demean,1.0,3,T3_illiquid,2486,18.942880128720837,2.5778452484289,-4.97698054010492,13.84242919338672,-26.81627345558896,1.0104973311172305,-1.9575879622579941,1.3669631320677176,40.658702648975684,-0.06803754855353321,-0.9990588809801463,0.4094931617055511
6,3,0.1,none,1.0,3,T1_liquid,2486,19.045856798069188,0.29944900894069704,-1.9380276852560376,1.9015837568611103,-12.310598097889125,0.13881561425086106,-0.8986736611459061,1.2332705575465028,14.21218185475024,-0.020440582806888225,-0.9679449886197287,0.4666130329847144
6,3,0.1,none,1.0,3,T2_mid,2486,18.983105390185035,2.0881554418570487,-1.7360352940869215,12.406604953407012,-10.32844461058714,0.9056821615987118,-0.7539764565728612,1.3003380402113305,22.735049563994153,-0.04201629702151432,-0.9437599744860427,0.4786806114239743
6,3,0.1,none,1.0,3,T3_illiquid,2486,18.942880128720837,2.5778452484289,-4.97698054010492,13.84242919338672,-26.81627345558896,1.0104973311172305,-1.9575879622579941,1.3669631320677176,40.658702648975684,-0.06803754855353321,-0.9990588809801463,0.4094931617055511
6,3,0.2,demean,1.0,3,T1_liquid,2486,39.16492357200322,-0.06327470811701091,-3.232644840191191,-0.2511035212415739,-12.841949903366723,-0.018330557050634896,-0.9374623429457708,1.0914800474035413,12.590846382125147,-0.020440582806888225,-0.9646398672967206,0.45172968624296056
6,3,0.2,demean,1.0,3,T2_mid,2486,39.02413515687852,1.7267485998313523,-3.6706687166270986,6.4421669967694895,-13.716256486750463,0.4702781907641727,-1.0012867235327838,1.1495187634715485,20.158423483519957,-0.04201629702151432,-0.9700289703347659,0.4340305711987128
6,3,0.2,demean,1.0,3,T3_illiquid,2486,38.9195494770716,2.8365618410917937,-6.9679762388477515,10.322877736878963,-25.45811528878046,0.7535700747921643,-1.8584424160809734,1.200456123627497,35.78099302565942,-0.06803754855353321,-0.9984233779908315,0.3588093322606597
6,3,0.2,none,1.0,3,T1_liquid,2486,39.16492357200322,-0.06327470811701091,-3.232644840191191,-0.2511035212415739,-12.841949903366723,-0.018330557050634896,-0.9374623429457708,1.0914800474035413,12.590846382125147,-0.020440582806888225,-0.9646398672967206,0.45172968624296056
6,3,0.2,none,1.0,3,T2_mid,2486,39.02413515687852,1.7267485998313523,-3.6706687166270986,6.4421669967694895,-13.716256486750463,0.4702781907641727,-1.0012867235327838,1.1495187634715485,20.158423483519957,-0.04201629702151432,-0.9700289703347659,0.4340305711987128
6,3,0.2,none,1.0,3,T3_illiquid,2486,38.9195494770716,2.8365618410917937,-6.9679762388477515,10.322877736878963,-25.45811528878046,0.7535700747921643,-1.8584424160809734,1.200456123627497,35.78099302565942,-0.06803754855353321,-0.9984233779908315,0.3588093322606597
6,3,0.3,demean,1.0,3,T1_liquid,2486,59.05711987127916,-0.25006693900333626,-3.9620530287837306,-0.7549845065336014,-11.982976806724837,-0.055113868976952904,-0.8747573068909131,0.972608406523465,11.227992300191238,-0.020440582806888225,-0.9526396783304489,0.43845534995977475
6,3,0.3,demean,1.0,3,T2_mid,2486,58.716814159292035,1.4733874685607844,-4.882028305898058,4.136788687815651,-13.741720730388296,0.3019855742105425,-1.0031456133183456,1.0173594804947061,17.878509418203947,-0.04201629702151432,-0.9688915047311185,0.42115848753016893
6,3,0.3,demean,1.0,3,T3_illiquid,2486,58.50603378921963,2.736670502365091,-7.982117349459216,7.980058990638453,-23.36387490827572,0.582544306316607,-1.7055628683041275,1.0509675105246314,31.343933898914173,-0.06803754855353321,-0.997238531716856,0.3278358809332261
6,3,0.3,none,1.0,3,T1_liquid,2486,59.05711987127916,-0.25006693900333626,-3.9620530287837306,-0.7549845065336014,-11.982976806724837,-0.055113868976952904,-0.8747573068909131,0.972608406523465,11.227992300191238,-0.020440582806888225,-0.9526396783304489,0.43845534995977475
6,3,0.3,none,1.0,3,T2_mid,2486,58.716814159292035,1.4733874685607844,-4.882028305898058,4.136788687815651,-13.741720730388296,0.3019855742105425,-1.0031456133183456,1.0173594804947061,17.878509418203947,-0.04201629702151432,-0.9688915047311185,0.42115848753016893
6,3,0.3,none,1.0,3,T3_illiquid,2486,58.50603378921963,2.736670502365091,-7.982117349459216,7.980058990638453,-23.36387490827572,0.582544306316607,-1.7055628683041275,1.0509675105246314,31.343933898914173,-0.06803754855353321,-0.997238531716856,0.3278358809332261
6,6,0.1,demean,1.0,6,T1_liquid,1243,19.050683829444893,1.0449805955044433,-0.3940349417899069,14.081851276182832,-5.312800128102524,0.5139875715806733,-0.1939172046757421,1.6819629463233645,19.394651404285355,-0.0330528142980567,-0.6903719077239786,0.498793242156074
6,6,0.1,demean,1.0,6,T2_mid,1243,18.98793242156074,2.7369946325998873,0.3684372168275072,35.24055618355101,4.745881931259088,1.2862803006996117,0.17322469049095673,1.7434814760639379,30.494674252291908,-0.057078578925860074,-0.5868685283447049,0.5414320193081255
6,6,0.1,demean,1.0,6,T3_illiquid,1243,18.942880128720837,3.304970966650646,-1.402578761189972,37.339782646619234,-15.848760924652623,1.362902066601602,-0.5784797737498207,1.791551476145201,53.18854357127185,-0.08859690062393502,-0.9009709340817494,0.4899436846339501
6,6,0.1,none,1.0,6,T1_liquid,1243,19.050683829444893,1.0449805955044433,-0.3940349417899069,14.081851276182832,-5.312800128102524,0.5139875715806733,-0.1939172046757421,1.6819629463233645,19.394651404285355,-0.0330528142980567,-0.6903719077239786,0.498793242156074
6,6,0.1,none,1.0,6,T2_mid,1243,18.98793242156074,2.7369946325998873,0.3684372168275072,35.24055618355101,4.745881931259088,1.2862803006996117,0.17322469049095673,1.7434814760639379,30.494674252291908,-0.057078578925860074,-0.5868685283447049,0.5414320193081255
6,6,0.1,none,1.0,6,T3_illiquid,1243,18.942880128720837,3.304970966650646,-1.402578761189972,37.339782646619234,-15.848760924652623,1.362902066601602,-0.5784797737498207,1.791551476145201,53.18854357127185,-0.08859690062393502,-0.9009709340817494,0.4899436846339501
6,6,0.2,demean,1.0,6,T1_liquid,1243,39.17135961383749,1.1262791255932887,-1.0546258960305448,9.209040362265064,-8.634323514047946,0.3361299732226748,-0.31515280826275,1.5456818608626475,17.843363876313006,-0.0330528142980567,-0.7214262576877075,0.4827031375703942
6,6,0.2,demean,1.0,6,T2_mid,1243,39.02654867256637,2.804348061438414,-0.8590033392502815,21.53854600296514,-6.601531339585352,0.7861569291082277,-0.24095589389486538,1.603489302387221,28.14007734255049,-0.057078578925860074,-0.6117564895944059,0.4891391794046661
6,6,0.2,demean,1.0,6,T3_illiquid,1243,38.921962992759454,3.513191541311301,-2.8934357915112554,27.07781241957768,-22.297579048026567,0.9883401533145852,-0.8138616352529696,1.6585381093556009,49.375391467604246,-0.08859690062393502,-0.9509636154284109,0.4231697506033789
6,6,0.2,none,1.0,6,T1_liquid,1243,39.17135961383749,1.1262791255932887,-1.0546258960305448,9.209040362265064,-8.634323514047946,0.3361299732226748,-0.31515280826275,1.5456818608626475,17.843363876313006,-0.0330528142980567,-0.7214262576877075,0.4827031375703942
6,6,0.2,none,1.0,6,T2_mid,1243,39.02654867256637,2.804348061438414,-0.8590033392502815,21.53854600296514,-6.601531339585352,0.7861569291082277,-0.24095589389486538,1.603489302387221,28.14007734255049,-0.057078578925860074,-0.6117564895944059,0.4891391794046661
6,6,0.2,none,1.0,6,T3_illiquid,1243,38.921962992759454,3.513191541311301,-2.8934357915112554,27.07781241957768,-22.297579048026567,0.9883401533145852,-0.8138616352529696,1.6585381093556009,49.375391467604246,-0.08859690062393502,-0.9509636154284109,0.4231697506033789
6,6,0.3,demean,1.0,6,T1_liquid,1243,59.05872888173773,1.0123773551752746,-1.5721062076611576,6.368853869145412,-9.905792799705472,0.23246316622380755,-0.36156143718924966,1.4085612254721014,16.274646668850885,-0.0330528142980567,-0.7389804350156891,0.4593724859211585
6,6,0.3,demean,1.0,6,T2_mid,1243,58.72888173773129,2.723427030476938,-1.7807577516552813,15.537485810101204,-10.166143870795898,0.5671182320686939,-0.3710642512840503,1.4612979046820804,25.7036296808971,-0.057078578925860074,-0.7276482104738451,0.46178600160901045
6,6,0.3,demean,1.0,6,T3_illiquid,1243,58.511665325824616,3.3298335559589076,-4.113034879134969,19.961733176009446,-24.69114069175931,0.7286032609243448,-0.9012266352492148,1.4989080063446694,44.652873867768754,-0.08859690062393502,-0.9568859998008753,0.39581657280772325
6,6,0.3,none,1.0,6,T1_liquid,1243,59.05872888173773,1.0123773551752746,-1.5721062076611576,6.368853869145412,-9.905792799705472,0.23246316622380755,-0.36156143718924966,1.4085612254721014,16.274646668850885,-0.0330528142980567,-0.7389804350156891,0.4593724859211585
6,6,0.3,none,1.0,6,T2_mid,1243,58.72888173773129,2.723427030476938,-1.7807577516552813,15.537485810101204,-10.166143870795898,0.5671182320686939,-0.3710642512840503,1.4612979046820804,25.7036296808971,-0.057078578925860074,-0.7276482104738451,0.46178600160901045
6,6,0.3,none,1.0,6,T3_illiquid,1243,58.511665325824616,3.3298335559589076,-4.113034879134969,19.961733176009446,-24.69114069175931,0.7286032609243448,-0.9012266352492148,1.4989080063446694,44.652873867768754,-0.08859690062393502,-0.9568859998008753,0.39581657280772325
6,12,0.1,demean,1.0,12,T1_liquid,622,19.04823151125402,0.5644393145786576,-0.2625205364899513,13.354806422463355,-6.21290070740213,0.24372521720995624,-0.11338543791008887,1.6929274949773343,19.567707129865493,-0.02566062381651845,-0.6089381452121296,0.5096463022508039
6,12,0.1,demean,1.0,12,T2_mid,622,18.990353697749196,2.316258641355376,0.9017437235230428,50.35720210321637,19.599635059907772,0.9190189383836989,0.35769333984331686,1.7561739930309062,30.757567043308605,-0.046270102108050847,-0.22685468520224095,0.5144694533762058
6,12,0.1,demean,1.0,12,T3_illiquid,622,18.94855305466238,2.4536657242257003,0.09831033835322593,54.831702786894375,2.198266013324962,1.0006785758608223,0.040118354743180554,1.7834728776047104,52.63343677356941,-0.0671845776969679,-0.4049703228249125,0.4871382636655949
6,12,0.1,none,1.0,12,T1_liquid,622,19.04823151125402,0.5644393145786576,-0.2625205364899513,13.354806422463355,-6.21290070740213,0.24372521720995624,-0.11338543791008887,1.6929274949773343,19.567707129865493,-0.02566062381651845,-0.6089381452121296,0.5096463022508039
6,12,0.1,none,1.0,12,T2_mid,622,18.990353697749196,2.316258641355376,0.9017437235230428,50.35720210321637,19.599635059907772,0.9190189383836989,0.35769333984331686,1.7561739930309062,30.757567043308605,-0.046270102108050847,-0.22685468520224095,0.5144694533762058
6,12,0.1,none,1.0,12,T3_illiquid,622,18.94855305466238,2.4536657242257003,0.09831033835322593,54.831702786894375,2.198266013324962,1.0006785758608223,0.040118354743180554,1.7834728776047104,52.63343677356941,-0.0671845776969679,-0.4049703228249125,0.4871382636655949
6,12,0.2,demean,1.0,12,T1_liquid,622,39.167202572347264,0.7705154905232398,-0.39108164753434776,11.897747265823151,-6.042369638648511,0.2171338876012725,-0.11027324590533533,1.5491913135656359,17.94011690447167,-0.02566062381651845,-0.486649928238561,0.5032154340836013
6,12,0.2,demean,1.0,12,T2_mid,622,39.032154340836016,2.2540653355299174,0.09736726978269981,29.491634538310766,1.2736823572473954,0.5382223303241715,0.02324470301976497,1.6024223577393266,28.217952181063378,-0.046270102108050847,-0.32232589967038194,0.5064308681672026
6,12,0.2,demean,1.0,12,T3_illiquid,622,38.91961414790997,2.508595560250818,-0.6796586837289058,37.62976530443577,-10.207902393281353,0.6867432168059528,-0.18629421867738472,1.6153296582820966,47.837667697717144,-0.0671845776969679,-0.6610475416862377,0.44855305466237944
6,12,0.2,none,1.0,12,T1_liquid,622,39.167202572347264,0.7705154905232398,-0.39108164753434776,11.897747265823151,-6.042369638648511,0.2171338876012725,-0.11027324590533533,1.5491913135656359,17.94011690447167,-0.02566062381651845,-0.486649928238561,0.5032154340836013
6,12,0.2,none,1.0,12,T2_mid,622,39.032154340836016,2.2540653355299174,0.09736726978269981,29.491634538310766,1.2736823572473954,0.5382223303241715,0.02324470301976497,1.6024223577393266,28.217952181063378,-0.046270102108050847,-0.32232589967038194,0.5064308681672026
6,12,0.2,none,1.0,12,T3_illiquid,622,38.91961414790997,2.508595560250818,-0.6796586837289058,37.62976530443577,-10.207902393281353,0.6867432168059528,-0.18629421867738472,1.6153296582820966,47.837667697717144,-0.0671845776969679,-0.6610475416862377,0.44855305466237944
6,12,0.3,demean,1.0,12,T1_liquid,622,59.054662379421224,0.67172643843631,-0.731398344862722,7.770206100799666,-8.460978343116848,0.1418062613395939,-0.15441285476188246,1.3998298063013246,16.231184443916508,-0.02566062381651845,-0.48494632011811556,0.4807073954983923
6,12,0.3,demean,1.0,12,T2_mid,622,58.72668810289389,1.6306670939808863,-0.8210639520218839,16.969190109025366,-8.542868490945889,0.3096877194897129,-0.15590734995976246,1.4439946912350554,25.51205859997125,-0.046270102108050847,-0.5440755314464392,0.4742765273311897
6,12,0.3,demean,1.0,12,T3_illiquid,622,58.51768488745981,2.173038040072654,-1.2689545839292125,27.020655711681314,-15.789286777679724,0.493126966738184,-0.28815448369265495,1.4444018803571352,42.80994248936104,-0.0671845776969679,-0.6871196562398134,0.41961414790996787
6,12,0.3,none,1.0,12,T1_liquid,622,59.054662379421224,0.67172643843631,-0.731398344862722,7.770206100799666,-8.460978343116848,0.1418062613395939,-0.15441285476188246,1.3998298063013246,16.231184443916508,-0.02566062381651845,-0.48494632011811556,0.4807073954983923
6,12,0.3,none,1.0,12,T2_mid,622,58.72668810289389,1.6306670939808863,-0.8210639520218839,16.969190109025366,-8.542868490945889,0.3096877194897129,-0.15590734995976246,1.4439946912350554,25.51205859997125,-0.046270102108050847,-0.5440755314464392,0.4742765273311897
6,12,0.3,none,1.0,12,T3_illiquid,622,58.51768488745981,2.173038040072654,-1.2689545839292125,27.020655711681314,-15.789286777679724,0.493126966738184,-0.28815448369265495,1.4444018803571352,42.80994248936104,-0.0671845776969679,-0.6871196562398134,0.41961414790996787
6,24,0.1,demean,1.0,24,T1_liquid,311,19.05466237942122,0.5580475979691714,0.09694520346745565,23.997893918090043,4.169196400887702,0.21898078200257165,0.03804391715810028,1.7098959275808145,19.828697517202343,-0.013677487686231568,-0.49240784692028516,0.5144694533762058
6,24,0.1,demean,1.0,24,T2_mid,311,18.9967845659164,1.4421839997301529,0.6769265485766942,58.513787048423474,27.457675983711137,0.5339383068168643,0.2505512933513641,1.7714968936030029,31.056111064712354,-0.05031237224383839,-0.44091192759419373,0.5434083601286174
6,24,0.1,demean,1.0,24,T3_illiquid,311,18.964630225080384,1.2285647227415644,0.2331737959930809,64.49727121911582,12.242306029785663,0.5885375998744318,0.11171104252179417,1.7866927195705329,52.25496518933014,-0.07317673110216749,-0.46692361901688184,0.5080385852090032
6,24,0.1,none,1.0,24,T1_liquid,311,19.05466237942122,0.5580475979691714,0.09694520346745565,23.997893918090043,4.169196400887702,0.21898078200257165,0.03804391715810028,1.7098959275808145,19.828697517202343,-0.013677487686231568,-0.49240784692028516,0.5144694533762058
6,24,0.1,none,1.0,24,T2_mid,311,18.9967845659164,1.4421839997301529,0.6769265485766942,58.513787048423474,27.457675983711137,0.5339383068168643,0.2505512933513641,1.7714968936030029,31.056111064712354,-0.05031237224383839,-0.44091192759419373,0.5434083601286174
6,24,0.1,none,1.0,24,T3_illiquid,311,18.964630225080384,1.2285647227415644,0.2331737959930809,64.49727121911582,12.242306029785663,0.5885375998744318,0.11171104252179417,1.7866927195705329,52.25496518933014,-0.07317673110216749,-0.46692361901688184,0.5080385852090032
6,24,0.2,demean,1.0,24,T1_liquid,311,39.18327974276527,0.13552381822184148,-0.4778030763109988,3.973531449501379,-14.009524357964382,0.03625847447670009,-0.12783690976642498,1.5455197194321146,17.98305580746576,-0.013677487686231568,-0.45114127252221403,0.49517684887459806
6,24,0.2,demean,1.0,24,T2_mid,311,39.035369774919616,0.8912610215471699,-0.17621579727600314,23.89554098948528,-4.723126488582115,0.2180468115290532,-0.043098529208311795,1.6153508771362914,28.61866747806739,-0.05031237224383839,-0.41866708095136385,0.4758842443729904
6,24,0.2,demean,1.0,24,T3_illiquid,311,38.945337620578776,1.6009654464629441,0.11862903220886833,51.727425888773126,3.837183826672334,0.47201276123505476,0.03501430241838505,1.6310436158238948,47.890242062100796,-0.07317673110216749,-0.4365069660670936,0.4790996784565916
6,24,0.2,none,1.0,24,T1_liquid,311,39.18327974276527,0.13552381822184148,-0.4778030763109988,3.973531449501379,-14.009524357964382,0.03625847447670009,-0.12783690976642498,1.5455197194321146,17.98305580746576,-0.013677487686231568,-0.45114127252221403,0.49517684887459806
6,24,0.2,none,1.0,24,T2_mid,311,39.035369774919616,0.8912610215471699,-0.17621579727600314,23.89554098948528,-4.723126488582115,0.2180468115290532,-0.043098529208311795,1.6153508771362914,28.61866747806739,-0.05031237224383839,-0.41866708095136385,0.4758842443729904
6,24,0.2,none,1.0,24,T3_illiquid,311,38.945337620578776,1.6009654464629441,0.11862903220886833,51.727425888773126,3.837183826672334,0.47201276123505476,0.03501430241838505,1.6310436158238948,47.890242062100796,-0.07317673110216749,-0.4365069660670936,0.4790996784565916
6,24,0.3,demean,1.0,24,T1_liquid,311,59.067524115755624,-0.1917616153344269,-0.8828978443239224,-4.511561659519375,-20.772837095082018,-0.041168000143114294,-0.18955213849262342,1.3939279754088505,16.261275435562634,-0.013677487686231568,-0.4978283038486827,0.4662379421221865
6,24,0.3,demean,1.0,24,T2_mid,311,58.752411575562704,0.8327710530284622,-0.36670167285264765,18.051801081662433,-7.949781638338845,0.1647226848701697,-0.07254175744984197,1.4607308487403259,26.001582720001274,-0.05031237224383839,-0.3135793839541965,0.4855305466237942
6,24,0.3,demean,1.0,24,T3_illiquid,311,58.559485530546624,1.6162843758085466,-0.09124020123906683,40.75337639894127,-2.2992216210968306,0.3718745596403391,-0.02098039729250858,1.4648877901505377,43.052598020038104,-0.07317673110216749,-0.3905860103704609,0.48231511254019294
6,24,0.3,none,1.0,24,T1_liquid,311,59.067524115755624,-0.1917616153344269,-0.8828978443239224,-4.511561659519375,-20.772837095082018,-0.041168000143114294,-0.18955213849262342,1.3939279754088505,16.261275435562634,-0.013677487686231568,-0.4978283038486827,0.4662379421221865
6,24,0.3,none,1.0,24,T2_mid,311,58.752411575562704,0.8327710530284622,-0.36670167285264765,18.051801081662433,-7.949781638338845,0.1647226848701697,-0.07254175744984197,1.4607308487403259,26.001582720001274,-0.05031237224383839,-0.3135793839541965,0.4855305466237942
6,24,0.3,none,1.0,24,T3_illiquid,311,58.559485530546624,1.6162843758085466,-0.09124020123906683,40.75337639894127,-2.2992216210968306,0.3718745596403391,-0.02098039729250858,1.4648877901505377,43.052598020038104,-0.07317673110216749,-0.3905860103704609,0.48231511254019294
12,3,0.1,demean,1.0,3,T1_liquid,2486,19.045856798069188,0.30803913991643644,-1.2797323574932034,2.0327911192075288,-8.451176893873516,0.1483937517021496,-0.6169359132527666,0.9090899513465885,10.483968013081048,-0.029265212626140288,-0.9264472911238449,0.48028962188254226
12,3,0.1,demean,1.0,3,T2_mid,2486,18.983105390185035,3.8048487204222563,0.9193446253710723,22.864997352248245,5.530037257536043,1.669144806714122,0.4036927198001311,0.9916585838850522,17.334960094712205,-0.06507000039033005,-0.4303402630031886,0.5341914722445696
12,3,0.1,demean,1.0,3,T3_illiquid,2486,18.942880128720837,3.9723118218795315,-1.8129909311212138,21.65229263194679,-9.906483273585948,1.5806173621321156,-0.7231732789717743,1.0631106780945878,31.558775905532745,-0.07884301259418858,-0.9439582818733574,0.47023330651649237
12,3,0.1,none,1.0,3,T1_liquid,2486,19.045856798069188,0.30803913991643644,-1.2797323574932034,2.0327911192075288,-8.451176893873516,0.1483937517021496,-0.6169359132527666,0.9090899513465885,10.483968013081048,-0.029265212626140288,-0.9264472911238449,0.48028962188254226
12,3,0.1,none,1.0,3,T2_mid,2486,18.983105390185035,3.8048487204222563,0.9193446253710723,22.864997352248245,5.530037257536043,1.669144806714122,0.4036927198001311,0.9916585838850522,17.334960094712205,-0.06507000039033005,-0.4303402630031886,0.5341914722445696
12,3,0.1,none,1.0,3,T3_illiquid,2486,18.942880128720837,3.9723118218795315,-1.8129909311212138,21.65229263194679,-9.906483273585948,1.5806173621321156,-0.7231732789717743,1.0631106780945878,31.558775905532745,-0.07884301259418858,-0.9439582818733574,0.47023330651649237
12,3,0.2,demean,1.0,3,T1_liquid,2486,39.16492357200322,0.09106912958867558,-2.110452399293978,0.3733314947834724,-8.659107285648538,0.027253199119193484,-0.6321148318523432,0.7819810601878636,9.032438780432008,-0.029265212626140288,-0.9073765799296575,0.4650040225261464
12,3,0.2,demean,1.0,3,T2_mid,2486,39.02413515687852,3.4532991060865355,-0.4382792655984584,13.28006628371572,-1.6868176695480703,0.9694448387112476,-0.12313768987700914,0.8528301743088936,14.966883953263787,-0.06507000039033005,-0.5641977722358598,0.5124698310539019
12,3,0.2,demean,1.0,3,T3_illiquid,2486,38.9195494770716,3.5974386069377715,-3.3693095034143568,13.893562529945536,-13.054413728378721,1.014230064686024,-0.9529722021716467,0.9058546661952154,26.94797625832426,-0.07884301259418858,-0.9688876829771096,0.41914722445695896
12,3,0.2,none,1.0,3,T1_liquid,2486,39.16492357200322,0.09106912958867558,-2.110452399293978,0.3733314947834724,-8.659107285648538,0.027253199119193484,-0.6321148318523432,0.7819810601878636,9.032438780432008,-0.029265212626140288,-0.9073765799296575,0.4650040225261464
12,3,0.2,none,1.0,3,T2_mid,2486,39.02413515687852,3.4532991060865355,-0.4382792655984584,13.28006628371572,-1.6868176695480703,0.9694448387112476,-0.12313768987700914,0.8528301743088936,14.966883953263787,-0.06507000039033005,-0.5641977722358598,0.5124698310539019
12,3,0.2,none,1.0,3,T3_illiquid,2486,38.9195494770716,3.5974386069377715,-3.3693095034143568,13.893562529945536,-13.054413728378721,1.014230064686024,-0.9529722021716467,0.9058546661952154,26.94797625832426,-0.07884301259418858,-0.9688876829771096,0.41914722445695896
12,3,0.3,demean,1.0,3,T1_liquid,2486,59.05711987127916,0.4256830308695287,-2.0841146923802936,1.345105163185143,-6.590431361034273,0.09819267691251543,-0.48110148935550195,0.686206204833808,7.935536524219418,-0.029265212626140288,-0.8350777775333289,0.4658085277554304
12,3,0.3,demean,1.0,3,T2_mid,2486,58.71520514883347,3.3637674517689256,-1.1151964359578077,9.849418461897724,-3.2693175826644594,0.7190075477185338,-0.23866018353450552,0.7455134026555552,13.118736044562182,-0.06507000039033005,-0.5841845891269227,0.48753016894609813
12,3,0.3,demean,1.0,3,T3_illiquid,2486,58.50603378921963,3.373477508268346,-4.370536180443597,10.076248817212834,-13.10655524467731,0.7355661636565368,-0.9567785328614435,0.7789051428147303,23.18280406189014,-0.07884301259418858,-0.9667063064964674,0.3994368463395012
12,3,0.3,none,1.0,3,T1_liquid,2486,59.05711987127916,0.4256830308695287,-2.0841146923802936,1.345105163185143,-6.590431361034273,0.09819267691251543,-0.48110148935550195,0.686206204833808,7.935536524219418,-0.029265212626140288,-0.8350777775333289,0.4658085277554304
12,3,0.3,none,1.0,3,T2_mid,2486,58.71520514883347,3.3637674517689256,-1.1151964359578077,9.849418461897724,-3.2693175826644594,0.7190075477185338,-0.23866018353450552,0.7455134026555552,13.118736044562182,-0.06507000039033005,-0.5841845891269227,0.48753016894609813
12,3,0.3,none,1.0,3,T3_illiquid,2486,58.50603378921963,3.373477508268346,-4.370536180443597,10.076248817212834,-13.10655524467731,0.7355661636565368,-0.9567785328614435,0.7789051428147303,23.18280406189014,-0.07884301259418858,-0.9667063064964674,0.3994368463395012
12,6,0.1,demean,1.0,6,T1_liquid,1243,19.050683829444893,0.1637365767209567,-0.9146346504951578,2.2145516658429636,-12.374937394975538,0.08083113580326816,-0.4516852149166071,1.2641726133882207,14.589489060818506,-0.033251548372839446,-0.8718463905366753,0.47063555913113436
12,6,0.1,demean,1.0,6,T2_mid,1243,18.98793242156074,3.5475854584259334,1.6130871087514993,43.31318781395381,19.697146561584127,1.5809313552093143,0.7189458494978207,1.350115422701907,23.61604125236969,-0.08060020410560527,-0.38312994110184395,0.5744167337087691
12,6,0.1,demean,1.0,6,T3_illiquid,1243,18.942880128720837,4.1995774581688785,0.7005315441511655,49.752858886479395,8.299170576822663,1.815979349356498,0.3029197260540272,1.399816374293446,41.45368830965673,-0.10246891923823896,-0.4203850434487788,0.5382139983909895
12,6,0.1,none,1.0,6,T1_liquid,1243,19.050683829444893,0.1637365767209567,-0.9146346504951578,2.2145516658429636,-12.374937394975538,0.08083113580326816,-0.4516852149166071,1.2641726133882207,14.589489060818506,-0.033251548372839446,-0.8718463905366753,0.47063555913113436
12,6,0.1,none,1.0,6,T2_mid,1243,18.98793242156074,3.5475854584259334,1.6130871087514993,43.31318781395381,19.697146561584127,1.5809313552093143,0.7189458494978207,1.350115422701907,23.61604125236969,-0.08060020410560527,-0.38312994110184395,0.5744167337087691
12,6,0.1,none,1.0,6,T3_illiquid,1243,18.942880128720837,4.1995774581688785,0.7005315441511655,49.752858886479395,8.299170576822663,1.815979349356498,0.3029197260540272,1.399816374293446,41.45368830965673,-0.10246891923823896,-0.4203850434487788,0.5382139983909895
12,6,0.2,demean,1.0,6,T1_liquid,1243,39.17135961383749,0.3233008063479751,-1.1925741708456996,2.736117217714655,-10.093117147753372,0.09986827844658491,-0.3683987758929981,1.1097099712761498,12.829234365468027,-0.033251548372839446,-0.7757254024377003,0.4754625905068383
12,6,0.2,demean,1.0,6,T2_mid,1243,39.02654867256637,3.204198907240071,0.548998476140395,25.194899463610103,4.314701157440064,0.9196138304217687,0.15748659224656233,1.1888986572942388,20.88019830617004,-0.08060020410560527,-0.33167257611198275,0.5494770716009654
12,6,0.2,demean,1.0,6,T3_illiquid,1243,38.921962992759454,4.028821602240471,-0.2831124385056616,34.088126451712355,-2.3936804153022933,1.244216615487501,-0.0873693351585337,1.2285376480673944,36.48180686701464,-0.10246891923823896,-0.6173037694064225,0.4915526950925181
12,6,0.2,none,1.0,6,T1_liquid,1243,39.17135961383749,0.3233008063479751,-1.1925741708456996,2.736117217714655,-10.093117147753372,0.09986827844658491,-0.3683987758929981,1.1097099712761498,12.829234365468027,-0.033251548372839446,-0.7757254024377003,0.4754625905068383
12,6,0.2,none,1.0,6,T2_mid,1243,39.02654867256637,3.204198907240071,0.548998476140395,25.194899463610103,4.314701157440064,0.9196138304217687,0.15748659224656233,1.1888986572942388,20.88019830617004,-0.08060020410560527,-0.33167257611198275,0.5494770716009654
12,6,0.2,none,1.0,6,T3_illiquid,1243,38.921962992759454,4.028821602240471,-0.2831124385056616,34.088126451712355,-2.3936804153022933,1.244216615487501,-0.0873693351585337,1.2285376480673944,36.48180686701464,-0.10246891923823896,-0.6173037694064225,0.4915526950925181
12,6,0.3,demean,1.0,6,T1_liquid,1243,59.05872888173773,0.6361000336800889,-1.129888695182757,4.093265764239638,-7.268376144023636,0.1494042003947468,-0.2652957292568627,0.9813166096231254,11.361641908263273,-0.033251548372839446,-0.6559980732041533,0.47063555913113436
12,6,0.3,demean,1.0,6,T2_mid,1243,58.72727272727273,2.9360793499921747,-0.05783282387960399,18.099063526942558,-0.3561481908230134,0.6606158187334035,-0.01299940896503999,1.0475009957283055,18.45521171776557,-0.08060020410560527,-0.3231271321179726,0.5132743362831859
12,6,0.3,demean,1.0,6,T3_illiquid,1243,58.511665325824616,4.012624932119245,-1.1065893746055153,25.043778743196935,-6.8935856241618305,0.9140979241266881,-0.2516158752819068,1.074829628803192,31.937364367358764,-0.10246891923823896,-0.6591056734906773,0.47304907481898634
12,6,0.3,none,1.0,6,T1_liquid,1243,59.05872888173773,0.6361000336800889,-1.129888695182757,4.093265764239638,-7.268376144023636,0.1494042003947468,-0.2652957292568627,0.9813166096231254,11.361641908263273,-0.033251548372839446,-0.6559980732041533,0.47063555913113436
12,6,0.3,none,1.0,6,T2_mid,1243,58.72727272727273,2.9360793499921747,-0.05783282387960399,18.099063526942558,-0.3561481908230134,0.6606158187334035,-0.01299940896503999,1.0475009957283055,18.45521171776557,-0.08060020410560527,-0.3231271321179726,0.5132743362831859
12,6,0.3,none,1.0,6,T3_illiquid,1243,58.511665325824616,4.012624932119245,-1.1065893746055153,25.043778743196935,-6.8935856241618305,0.9140979241266881,-0.2516158752819068,1.074829628803192,31.937364367358764,-0.10246891923823896,-0.6591056734906773,0.47304907481898634
12,12,0.1,demean,1.0,12,T1_liquid,622,19.04823151125402,-0.5662670160313318,-1.3710128270274051,-13.70657229943534,-33.18331344191203,-0.25014494446469493,-0.6055954703148945,1.686399189413659,19.476741142476673,-0.025667569951209408,-0.9165546736811886,0.4517684887459807
12,12,0.1,demean,1.0,12,T2_mid,622,18.990353697749196,2.7028985487638315,1.3882335507022667,64.21809267386648,32.980154046086625,1.1719801912980632,0.6018878113410808,1.7847279060703498,31.23793862777987,-0.07432586622969645,-0.3627384273128046,0.5466237942122186
12,12,0.1,demean,1.0,12,T3_illiquid,622,18.94855305466238,2.947028644964611,0.6388763552092394,68.10806817474499,14.759110508393833,1.242972244189096,0.26935376677818745,1.8066438964750862,53.348957666351154,-0.08742285724928102,-0.3675692915151565,0.522508038585209
12,12,0.1,none,1.0,12,T1_liquid,622,19.04823151125402,-0.5662670160313318,-1.3710128270274051,-13.70657229943534,-33.18331344191203,-0.25014494446469493,-0.6055954703148945,1.686399189413659,19.476741142476673,-0.025667569951209408,-0.9165546736811886,0.4517684887459807
12,12,0.1,none,1.0,12,T2_mid,622,18.990353697749196,2.7028985487638315,1.3882335507022667,64.21809267386648,32.980154046086625,1.1719801912980632,0.6018878113410808,1.7847279060703498,31.23793862777987,-0.07432586622969645,-0.3627384273128046,0.5466237942122186
12,12,0.1,none,1.0,12,T3_illiquid,622,18.94855305466238,2.947028644964611,0.6388763552092394,68.10806817474499,14.759110508393833,1.242972244189096,0.26935376677818745,1.8066438964750862,53.348957666351154,-0.08742285724928102,-0.3675692915151565,0.522508038585209
12,12,0.2,demean,1.0,12,T1_liquid,622,39.167202572347264,-0.20429077861102768,-1.3472093219117054,-3.2002144825156362,-21.10638893640251,-0.05840391430591036,-0.3851915980893458,1.547105555923805,17.90617445388687,-0.025667569951209408,-0.7812358752374152,0.45980707395498394
12,12,0.2,demean,1.0,12,T2_mid,622,39.032154340836016,2.5938515540066747,0.7037326954375902,39.44658290586656,10.698987659774287,0.7199001380320648,0.19525652479088074,1.6348500978414957,28.747595246092278,-0.07432586622969645,-0.3357920774224068,0.49517684887459806
12,12,0.2,demean,1.0,12,T3_illiquid,622,38.91961414790997,2.349678057011598,-0.5630377625970315,39.92568527245485,-9.570240751353781,0.728643756222301,-0.17465689371220652,1.6707517602049768,49.495926023808615,-0.08742285724928102,-0.6508695764266363,0.4807073954983923
12,12,0.2,none,1.0,12,T1_liquid,622,39.167202572347264,-0.20429077861102768,-1.3472093219117054,-3.2002144825156362,-21.10638893640251,-0.05840391430591036,-0.3851915980893458,1.547105555923805,17.90617445388687,-0.025667569951209408,-0.7812358752374152,0.45980707395498394
12,12,0.2,none,1.0,12,T2_mid,622,39.032154340836016,2.5938515540066747,0.7037326954375902,39.44658290586656,10.698987659774287,0.7199001380320648,0.19525652479088074,1.6348500978414957,28.747595246092278,-0.07432586622969645,-0.3357920774224068,0.49517684887459806
12,12,0.2,none,1.0,12,T3_illiquid,622,38.91961414790997,2.349678057011598,-0.5630377625970315,39.92568527245485,-9.570240751353781,0.728643756222301,-0.17465689371220652,1.6707517602049768,49.495926023808615,-0.08742285724928102,-0.6508695764266363,0.4807073954983923
12,12,0.3,demean,1.0,12,T1_liquid,622,59.054662379421224,-0.042130816105108465,-1.3534260212864506,-0.5244564054178759,-16.85118119442806,-0.009571329398876236,-0.30753405679831214,1.4083442391531467,16.326724789010193,-0.025667569951209408,-0.6969285950590409,0.45819935691318325
12,12,0.3,demean,1.0,12,T2_mid,622,58.72668810289389,2.436581737879016,0.1551795018309185,28.15545112267148,1.792494669587401,0.5138369829887545,0.03271302771997007,1.4933522380655675,26.362956453084074,-0.07432586622969645,-0.40185787823877395,0.4903536977491961
12,12,0.3,demean,1.0,12,T3_illiquid,622,58.51768488745981,2.1925741032524675,-1.2466479588739312,28.614990730481704,-16.27022281494345,0.5222235808312911,-0.2969315663727179,1.5139286529917155,44.88521354542516,-0.08742285724928102,-0.6783499713703718,0.42604501607717044
12,12,0.3,none,1.0,12,T1_liquid,622,59.054662379421224,-0.042130816105108465,-1.3534260212864506,-0.5244564054178759,-16.85118119442806,-0.009571329398876236,-0.30753405679831214,1.4083442391531467,16.326724789010193,-0.025667569951209408,-0.6969285950590409,0.45819935691318325
12,12,0.3,none,1.0,12,T2_mid,622,58.72668810289389,2.436581737879016,0.1551795018309185,28.15545112267148,1.792494669587401,0.5138369829887545,0.03271302771997007,1.4933522380655675,26.362956453084074,-0.07432586622969645,-0.40185787823877395,0.4903536977491961
12,12,0.3,none,1.0,12,T3_illiquid,622,58.51768488745981,2.1925741032524675,-1.2466479588739312,28.614990730481704,-16.27022281494345,0.5222235808312911,-0.2969315663727179,1.5139286529917155,44.88521354542516,-0.08742285724928102,-0.6783499713703718,0.42604501607717044
12,24,0.1,demean,1.0,24,T1_liquid,311,19.05466237942122,0.016197353060491113,-0.3720778052981875,0.8303910215948132,-19.072154588386486,0.00757731807205267,-0.1740334106190267,1.718300019023492,19.902545609981303,-0.0231658820417878,-0.6690784332033743,0.4887459807073955
12,24,0.1,demean,1.0,24,T2_mid,311,18.9967845659164,1.512755368469116,0.7934957680789889,65.59850223103369,34.416960034841175,0.5985863328581824,0.31405476031792573,1.7812218417523884,31.181542196192517,-0.06567618741050393,-0.6120379243145253,0.5369774919614148
12,24,0.1,demean,1.0,24,T3_illiquid,311,18.964630225080384,1.5755282334446008,0.43623463910842,72.56204740264099,20.085412803317492,0.662128682549099,0.18327939183027211,1.791510998826111,52.4766345993235,-0.08237871007539688,-0.4303812952653433,0.5112540192926045
12,24,0.1,none,1.0,24,T1_liquid,311,19.05466237942122,0.016197353060491113,-0.3720778052981875,0.8303910215948132,-19.072154588386486,0.00757731807205267,-0.1740334106190267,1.718300019023492,19.902545609981303,-0.0231658820417878,-0.6690784332033743,0.4887459807073955
12,24,0.1,none,1.0,24,T2_mid,311,18.9967845659164,1.512755368469116,0.7934957680789889,65.59850223103369,34.416960034841175,0.5985863328581824,0.31405476031792573,1.7812218417523884,31.181542196192517,-0.06567618741050393,-0.6120379243145253,0.5369774919614148
12,24,0.1,none,1.0,24,T3_illiquid,311,18.964630225080384,1.5755282334446008,0.43623463910842,72.56204740264099,20.085412803317492,0.662128682549099,0.18327939183027211,1.791510998826111,52.4766345993235,-0.08237871007539688,-0.4303812952653433,0.5112540192926045
12,24,0.2,demean,1.0,24,T1_liquid,311,39.18327974276527,-0.10643513688488684,-0.6889804802451986,-3.3287217750621374,-21.534142725387312,-0.030374586197442002,-0.19649905236915924,1.565584582084534,18.205420950325177,-0.0231658820417878,-0.5372410188298468,0.4855305466237942
12,24,0.2,demean,1.0,24,T2_mid,311,39.035369774919616,1.0828629454380843,0.17540451490809048,34.316985891043736,5.562505868723387,0.3131424962557741,0.050757866052100906,1.6277347071820258,28.754480022320354,-0.06567618741050393,-0.5311354582621285,0.4983922829581994
12,24,0.2,demean,1.0,24,T3_illiquid,311,38.945337620578776,2.051278769730715,0.49472254246067915,62.725763322350964,15.111291021700922,0.5723725903164526,0.13789053057302092,1.6212441865180665,47.61447230065003,-0.08237871007539688,-0.43663678215126067,0.5176848874598071
12,24,0.2,none,1.0,24,T1_liquid,311,39.18327974276527,-0.10643513688488684,-0.6889804802451986,-3.3287217750621374,-21.534142725387312,-0.030374586197442002,-0.19649905236915924,1.565584582084534,18.205420950325177,-0.0231658820417878,-0.5372410188298468,0.4855305466237942
12,24,0.2,none,1.0,24,T2_mid,311,39.035369774919616,1.0828629454380843,0.17540451490809048,34.316985891043736,5.562505868723387,0.3131424962557741,0.050757866052100906,1.6277347071820258,28.754480022320354,-0.06567618741050393,-0.5311354582621285,0.4983922829581994
12,24,0.2,none,1.0,24,T3_illiquid,311,38.945337620578776,2.051278769730715,0.49472254246067915,62.725763322350964,15.111291021700922,0.5723725903164526,0.13789053057302092,1.6212441865180665,47.61447230065003,-0.08237871007539688,-0.43663678215126067,0.5176848874598071
12,24,0.3,demean,1.0,24,T1_liquid,311,59.067524115755624,-0.021142861564475954,-0.672804137547861,-0.5365417085673683,-17.059077587915333,-0.0048959430906772355,-0.15566408298972742,1.4168460539873546,16.522535879347956,-0.0231658820417878,-0.4534489062775895,0.4790996784565916
12,24,0.3,demean,1.0,24,T2_mid,311,58.752411575562704,0.8487709579477694,-0.2575281052445798,20.0802470324717,-6.096917643178916,0.18323225417130426,-0.05563437349400761,1.4730998863607505,26.177164675650616,-0.06567618741050393,-0.47539477742309,0.4758842443729904
12,24,0.3,demean,1.0,24,T3_illiquid,311,58.559485530546624,1.5650244983410468,-0.04857112838514825,41.437839937844004,-1.28472051368718,0.3781202894328265,-0.011723074687395519,1.4541593690243255,42.72256045153119,-0.08237871007539688,-0.38407750229349213,0.44694533762057875
12,24,0.3,none,1.0,24,T1_liquid,311,59.067524115755624,-0.021142861564475954,-0.672804137547861,-0.5365417085673683,-17.059077587915333,-0.0048959430906772355,-0.15566408298972742,1.4168460539873546,16.522535879347956,-0.0231658820417878,-0.4534489062775895,0.4790996784565916
12,24,0.3,none,1.0,24,T2_mid,311,58.752411575562704,0.8487709579477694,-0.2575281052445798,20.0802470324717,-6.096917643178916,0.18323225417130426,-0.05563437349400761,1.4730998863607505,26.177164675650616,-0.06567618741050393,-0.47539477742309,0.4758842443729904
12,24,0.3,none,1.0,24,T3_illiquid,311,58.559485530546624,1.5650244983410468,-0.04857112838514825,41.437839937844004,-1.28472051368718,0.3781202894328265,-0.011723074687395519,1.4541593690243255,42.72256045153119,-0.08237871007539688,-0.38407750229349213,0.44694533762057875
24,3,0.1,demean,1.0,3,T1_liquid,2486,19.045856798069188,-0.18873380013981747,-1.343562047617729,-1.252265256385115,-8.919365411191425,-0.0914153637161134,-0.651113675016974,0.6642165390254691,7.667100154806309,-0.03318026170210474,-0.9419568332264932,0.48431214802896216
24,3,0.1,demean,1.0,3,T2_mid,2486,18.983105390185035,3.632836424535372,1.3526428732932125,21.068447649657926,7.845670160654571,1.5379966784250285,0.5727339217277836,0.7565671076934151,13.222777489003354,-0.07148685794040366,-0.5069908068810234,0.5567176186645213
24,3,0.1,demean,1.0,3,T3_illiquid,2486,18.942880128720837,3.8720743682320777,-0.7996717090498955,20.420759294335838,-4.2198032237306995,1.4907154284865163,-0.3080456353323411,0.8323270052554043,24.64056251806654,-0.07788936449745719,-0.8352752868855241,0.4887369267900241
24,3,0.1,none,1.0,3,T1_liquid,2486,19.045856798069188,-0.18873380013981747,-1.343562047617729,-1.252265256385115,-8.919365411191425,-0.0914153637161134,-0.651113675016974,0.6642165390254691,7.667100154806309,-0.03318026170210474,-0.9419568332264932,0.48431214802896216
24,3,0.1,none,1.0,3,T2_mid,2486,18.983105390185035,3.632836424535372,1.3526428732932125,21.068447649657926,7.845670160654571,1.5379966784250285,0.5727339217277836,0.7565671076934151,13.222777489003354,-0.07148685794040366,-0.5069908068810234,0.5567176186645213
24,3,0.1,none,1.0,3,T3_illiquid,2486,18.942880128720837,3.8720743682320777,-0.7996717090498955,20.420759294335838,-4.2198032237306995,1.4907154284865163,-0.3080456353323411,0.8323270052554043,24.64056251806654,-0.07788936449745719,-0.8352752868855241,0.4887369267900241
24,3,0.2,demean,1.0,3,T1_liquid,2486,39.16492357200322,-0.12189131937267508,-1.6812192858393862,-0.5109097963863443,-7.050621171156901,-0.037296415136203125,-0.5146953454944537,0.565334109590388,6.539711374770556,-0.03318026170210474,-0.8724708166716082,0.48431214802896216
24,3,0.2,demean,1.0,3,T2_mid,2486,39.02413515687852,3.587245393782963,0.6102557238989792,13.54973480135041,2.3082531086906375,0.98913064049858,0.16850247693441653,0.6399719874077684,11.241481692659775,-0.07148685794040366,-0.4486775048865659,0.5221238938053098
24,3,0.2,demean,1.0,3,T3_illiquid,2486,38.9195494770716,4.060724866275689,-1.5307645524227655,14.935551264124536,-5.627940324065129,1.0902952422810912,-0.41083964365675446,0.6929632752728669,20.56349158818967,-0.07788936449745719,-0.8216266415193751,0.4589702333065165
24,3,0.2,none,1.0,3,T1_liquid,2486,39.16492357200322,-0.12189131937267508,-1.6812192858393862,-0.5109097963863443,-7.050621171156901,-0.037296415136203125,-0.5146953454944537,0.565334109590388,6.539711374770556,-0.03318026170210474,-0.8724708166716082,0.48431214802896216
24,3,0.2,none,1.0,3,T2_mid,2486,39.02413515687852,3.587245393782963,0.6102557238989792,13.54973480135041,2.3082531086906375,0.98913064049858,0.16850247693441653,0.6399719874077684,11.241481692659775,-0.07148685794040366,-0.4486775048865659,0.5221238938053098
24,3,0.2,none,1.0,3,T3_illiquid,2486,38.9195494770716,4.060724866275689,-1.5307645524227655,14.935551264124536,-5.627940324065129,1.0902952422810912,-0.41083964365675446,0.6929632752728669,20.56349158818967,-0.07788936449745719,-0.8216266415193751,0.4589702333065165
24,3,0.3,demean,1.0,3,T1_liquid,2486,59.05711987127916,-0.4343306144642197,-2.192307675657353,-1.3940956381092862,-7.036899044970793,-0.10176898158197789,-0.5136936302828679,0.4870719622037688,5.642803406861508,-0.03318026170210474,-0.857532426349855,0.47345132743362833
24,3,0.3,demean,1.0,3,T2_mid,2486,58.71198712791633,3.143175574096031,-0.11950824104938335,9.396857714742499,-0.35774074110708803,0.6859706131762024,-0.026115074100817426,0.5531616836457556,9.754598455849587,-0.07148685794040366,-0.4622012503843971,0.5108608205953339
24,3,0.3,demean,1.0,3,T3_illiquid,2486,58.50603378921963,4.273792213863292,-1.7984151878018295,12.378312610019295,-5.220557325621923,0.9036168205314086,-0.3811006847704003,0.592806390048367,17.598869935641215,-0.07788936449745719,-0.805197881868148,0.4444891391794047
24,3,0.3,none,1.0,3,T1_liquid,2486,59.05711987127916,-0.4343306144642197,-2.192307675657353,-1.3940956381092862,-7.036899044970793,-0.10176898158197789,-0.5136936302828679,0.4870719622037688,5.642803406861508,-0.03318026170210474,-0.857532426349855,0.47345132743362833
24,3,0.3,none,1.0,3,T2_mid,2486,58.71198712791633,3.143175574096031,-0.11950824104938335,9.396857714742499,-0.35774074110708803,0.6859706131762024,-0.026115074100817426,0.5531616836457556,9.754598455849587,-0.07148685794040366,-0.4622012503843971,0.5108608205953339
24,3,0.3,none,1.0,3,T3_illiquid,2486,58.50603378921963,4.273792213863292,-1.7984151878018295,12.378312610019295,-5.220557325621923,0.9036168205314086,-0.3811006847704003,0.592806390048367,17.598869935641215,-0.07788936449745719,-0.805197881868148,0.4444891391794047
24,6,0.1,demean,1.0,6,T1_liquid,1243,19.050683829444893,0.012979202932603604,-0.765946799783157,0.18044628507229502,-10.651158029536846,0.006586289405138768,-0.38876726807809486,0.937550078418944,10.831604314609143,-0.039418897160343816,-0.8726804998980078,0.5068382944489139
24,6,0.1,demean,1.0,6,T2_mid,1243,18.98793242156074,2.812578377684969,1.3088222928960398,34.30817245237394,15.965449088984853,1.2522482945116487,0.5827388917479471,1.0495852386640803,18.34272336338909,-0.09091768224726068,-0.6080125045929434,0.581657280772325
24,6,0.1,demean,1.0,6,T3_illiquid,1243,18.942880128720837,3.829791890714279,0.8460683611580188,42.2305575348691,9.324754300827733,1.5414153500227221,0.34035353198021223,1.1144135586412336,32.905803234041365,-0.09978141568264856,-0.5822619632048571,0.5390185036202735
24,6,0.1,none,1.0,6,T1_liquid,1243,19.050683829444893,0.012979202932603604,-0.765946799783157,0.18044628507229502,-10.651158029536846,0.006586289405138768,-0.38876726807809486,0.937550078418944,10.831604314609143,-0.039418897160343816,-0.8726804998980078,0.5068382944489139
24,6,0.1,none,1.0,6,T2_mid,1243,18.98793242156074,2.812578377684969,1.3088222928960398,34.30817245237394,15.965449088984853,1.2522482945116487,0.5827388917479471,1.0495852386640803,18.34272336338909,-0.09091768224726068,-0.6080125045929434,0.581657280772325
24,6,0.1,none,1.0,6,T3_illiquid,1243,18.942880128720837,3.829791890714279,0.8460683611580188,42.2305575348691,9.324754300827733,1.5414153500227221,0.34035353198021223,1.1144135586412336,32.905803234041365,-0.09978141568264856,-0.5822619632048571,0.5390185036202735
24,6,0.2,demean,1.0,6,T1_liquid,1243,39.17135961383749,-0.2548053904522958,-1.3056489002544587,-2.2656352548954675,-11.609172347530745,-0.08269568680368457,-0.4237347906848722,0.8068448313126352,9.343537092635273,-0.039418897160343816,-0.8242299085098703,0.48028962188254226
24,6,0.2,demean,1.0,6,T2_mid,1243,39.02654867256637,3.205621799082922,1.17549202310107,24.9776852162615,9.158395391283921,0.9116855103935447,0.33428143178186315,0.8998217034372518,15.819289824977574,-0.09091768224726068,-0.4645855406806255,0.5687851971037812
24,6,0.2,demean,1.0,6,T3_illiquid,1243,38.921962992759454,4.187160524671168,0.5147295169238109,31.73395458770553,3.893763558883034,1.158289342451252,0.14212236989923074,0.9404929611921351,27.8401910288225,-0.09978141568264856,-0.5662072775628993,0.5229283990345938
24,6,0.2,none,1.0,6,T1_liquid,1243,39.17135961383749,-0.2548053904522958,-1.3056489002544587,-2.2656352548954675,-11.609172347530745,-0.08269568680368457,-0.4237347906848722,0.8068448313126352,9.343537092635273,-0.039418897160343816,-0.8242299085098703,0.48028962188254226
24,6,0.2,none,1.0,6,T2_mid,1243,39.02654867256637,3.205621799082922,1.17549202310107,24.9776852162615,9.158395391283921,0.9116855103935447,0.33428143178186315,0.8998217034372518,15.819289824977574,-0.09091768224726068,-0.4645855406806255,0.5687851971037812
24,6,0.2,none,1.0,6,T3_illiquid,1243,38.921962992759454,4.187160524671168,0.5147295169238109,31.73395458770553,3.893763558883034,1.158289342451252,0.14212236989923074,0.9404929611921351,27.8401910288225,-0.09978141568264856,-0.5662072775628993,0.5229283990345938
24,6,0.3,demean,1.0,6,T1_liquid,1243,59.05872888173773,-0.29495243385373604,-1.4922907949865967,-2.007263723864714,-10.15557826713644,-0.07326512592106206,-0.37067860675048003,0.7020164874768161,8.148314543271725,-0.039418897160343816,-0.7691098791743329,0.4754625905068383
24,6,0.3,demean,1.0,6,T2_mid,1243,58.72405470635559,2.8771903963221224,0.6461724282671659,17.811742741607087,4.0006156072153205,0.6501286100686587,0.1460224696633592,0.7821757202070481,13.811127134391768,-0.09091768224726068,-0.38758205930754186,0.5390185036202735
24,6,0.3,demean,1.0,6,T3_illiquid,1243,58.511665325824616,4.405328559250293,0.4623605366228308,26.996817873314516,2.837371321814458,0.9853838523759798,0.10356405324622772,0.8155489515463913,24.159446551500057,-0.09978141568264856,-0.4923333499883754,0.501206757843926
24,6,0.3,none,1.0,6,T1_liquid,1243,59.05872888173773,-0.29495243385373604,-1.4922907949865967,-2.007263723864714,-10.15557826713644,-0.07326512592106206,-0.37067860675048003,0.7020164874768161,8.148314543271725,-0.039418897160343816,-0.7691098791743329,0.4754625905068383
24,6,0.3,none,1.0,6,T2_mid,1243,58.72405470635559,2.8771903963221224,0.6461724282671659,17.811742741607087,4.0006156072153205,0.6501286100686587,0.1460224696633592,0.7821757202070481,13.811127134391768,-0.09091768224726068,-0.38758205930754186,0.5390185036202735
24,6,0.3,none,1.0,6,T3_illiquid,1243,58.511665325824616,4.405328559250293,0.4623605366228308,26.996817873314516,2.837371321814458,0.9853838523759798,0.10356405324622772,0.8155489515463913,24.159446551500057,-0.09978141568264856,-0.4923333499883754,0.501206757843926
24,12,0.1,demean,1.0,12,T1_liquid,622,19.04823151125402,-0.6842450247325366,-1.2663057575205587,-17.363376997366274,-32.138079726309364,-0.3168816302019345,-0.5865199550051459,1.2776828343146671,14.774702728943083,-0.03419351351181528,-0.9182513374370413,0.4871382636655949
24,12,0.1,demean,1.0,12,T2_mid,622,18.990353697749196,1.263504805075356,0.22933033890143745,29.89553520950494,5.427291086487906,0.5455935175734652,0.0990480623284043,1.4002474213889005,24.468244123017033,-0.08635053864326567,-0.6655999215303896,0.5643086816720257
24,12,0.1,demean,1.0,12,T3_illiquid,622,18.94855305466238,2.740042593652983,0.7477090937414208,58.11055162170479,15.85012557378878,1.0605175670961124,0.28926479172164526,1.4366038659447018,42.260426047916,-0.08992880033492219,-0.517023120073478,0.5353697749196141
24,12,0.1,none,1.0,12,T1_liquid,622,19.04823151125402,-0.6842450247325366,-1.2663057575205587,-17.363376997366274,-32.138079726309364,-0.3168816302019345,-0.5865199550051459,1.2776828343146671,14.774702728943083,-0.03419351351181528,-0.9182513374370413,0.4871382636655949
24,12,0.1,none,1.0,12,T2_mid,622,18.990353697749196,1.263504805075356,0.22933033890143745,29.89553520950494,5.427291086487906,0.5455935175734652,0.0990480623284043,1.4002474213889005,24.468244123017033,-0.08635053864326567,-0.6655999215303896,0.5643086816720257
24,12,0.1,none,1.0,12,T3_illiquid,622,18.94855305466238,2.740042593652983,0.7477090937414208,58.11055162170479,15.85012557378878,1.0605175670961124,0.28926479172164526,1.4366038659447018,42.260426047916,-0.08992880033492219,-0.517023120073478,0.5353697749196141
24,12,0.2,demean,1.0,12,T1_liquid,622,39.167202572347264,-0.8041340349448368,-1.5784900913103586,-13.514214350048388,-26.541896072808196,-0.2466344118883831,-0.4843896033287496,1.1232404184087346,13.027681722759807,-0.03419351351181528,-0.8475403367732798,0.4630225080385852
24,12,0.2,demean,1.0,12,T2_mid,622,39.032154340836016,1.6610947643917142,0.29620708183498745,26.369954324435167,4.70453002163194,0.4812516664209418,0.0858576728947829,1.2298044278039904,21.665424302803228,-0.08635053864326567,-0.5071297402804564,0.5385852090032154
24,12,0.2,demean,1.0,12,T3_illiquid,622,38.91961414790997,2.4693344850967054,0.20868588454401288,40.385260050149405,3.413232954946225,0.7370309959152266,0.06229150142776861,1.2529712476442776,36.97202709520317,-0.08992880033492219,-0.4940123133401624,0.5128617363344051
24,12,0.2,none,1.0,12,T1_liquid,622,39.167202572347264,-0.8041340349448368,-1.5784900913103586,-13.514214350048388,-26.541896072808196,-0.2466344118883831,-0.4843896033287496,1.1232404184087346,13.027681722759807,-0.03419351351181528,-0.8475403367732798,0.4630225080385852
24,12,0.2,none,1.0,12,T2_mid,622,39.032154340836016,1.6610947643917142,0.29620708183498745,26.369954324435167,4.70453002163194,0.4812516664209418,0.0858576728947829,1.2298044278039904,21.665424302803228,-0.08635053864326567,-0.5071297402804564,0.5385852090032154
24,12,0.2,none,1.0,12,T3_illiquid,622,38.91961414790997,2.4693344850967054,0.20868588454401288,40.385260050149405,3.413232954946225,0.7370309959152266,0.06229150142776861,1.2529712476442776,36.97202709520317,-0.08992880033492219,-0.4940123133401624,0.5128617363344051
24,12,0.3,demean,1.0,12,T1_liquid,622,59.054662379421224,-0.9351328750330784,-1.8456044846946662,-11.864398633272813,-23.426435193089052,-0.21652527505722882,-0.42753244227387516,0.9942336135047459,11.562036559816239,-0.03419351351181528,-0.7972523925342138,0.4405144694533762
24,12,0.3,demean,1.0,12,T2_mid,622,58.72347266881029,1.906149358046372,0.26665473127286515,22.472404393164997,3.1466776449036487,0.4101213801752612,0.05742686701949159,1.0912978616555675,19.32572674826135,-0.08635053864326567,-0.34542430378065003,0.522508038585209
24,12,0.3,demean,1.0,12,T3_illiquid,622,58.51768488745981,2.924346341364983,0.36161799913161585,37.096172214351135,4.593873734977654,0.6770051429119083,0.08383819566334218,1.1008674443605535,32.50229847937348,-0.08992880033492219,-0.41769682673024133,0.5080385852090032
24,12,0.3,none,1.0,12,T1_liquid,622,59.054662379421224,-0.9351328750330784,-1.8456044846946662,-11.864398633272813,-23.426435193089052,-0.21652527505722882,-0.42753244227387516,0.9942336135047459,11.562036559816239,-0.03419351351181528,-0.7972523925342138,0.4405144694533762
24,12,0.3,none,1.0,12,T2_mid,622,58.72347266881029,1.906149358046372,0.26665473127286515,22.472404393164997,3.1466776449036487,0.4101213801752612,0.05742686701949159,1.0912978616555675,19.32572674826135,-0.08635053864326567,-0.34542430378065003,0.522508038585209
24,12,0.3,none,1.0,12,T3_illiquid,622,58.51768488745981,2.924346341364983,0.36161799913161585,37.096172214351135,4.593873734977654,0.6770051429119083,0.08383819566334218,1.1008674443605535,32.50229847937348,-0.08992880033492219,-0.41769682673024133,0.5080385852090032
24,24,0.1,demean,1.0,24,T1_liquid,311,19.05466237942122,-0.3814810285936678,-0.7739145242660335,-19.303919619837288,-39.16080937174313,-0.17614826653101523,-0.357342385517156,1.7128884156215347,19.856889751905836,-0.03536658438798585,-0.8287413439767639,0.4790996784565916
24,24,0.1,demean,1.0,24,T2_mid,311,18.9967845659164,0.49659571564740557,-0.20303757824256963,22.38971204522426,-9.158469297370278,0.20430612241267138,-0.08357103233850378,1.8049335801747377,31.54818134259452,-0.07561322621414604,-0.6064376601754906,0.49517684887459806
24,24,0.1,demean,1.0,24,T3_illiquid,311,18.964630225080384,1.0897478188172525,-0.26807068120050015,42.60483964327882,-10.475660233764478,0.38876916174491927,-0.09559039963310086,1.8140041898080483,53.08049987704329,-0.07955661521869974,-0.5815134866588134,0.5144694533762058
24,24,0.1,none,1.0,24,T1_liquid,311,19.05466237942122,-0.3814810285936678,-0.7739145242660335,-19.303919619837288,-39.16080937174313,-0.17614826653101523,-0.357342385517156,1.7128884156215347,19.856889751905836,-0.03536658438798585,-0.8287413439767639,0.4790996784565916
24,24,0.1,none,1.0,24,T2_mid,311,18.9967845659164,0.49659571564740557,-0.20303757824256963,22.38971204522426,-9.158469297370278,0.20430612241267138,-0.08357103233850378,1.8049335801747377,31.54818134259452,-0.07561322621414604,-0.6064376601754906,0.49517684887459806
24,24,0.1,none,1.0,24,T3_illiquid,311,18.964630225080384,1.0897478188172525,-0.26807068120050015,42.60483964327882,-10.475660233764478,0.38876916174491927,-0.09559039963310086,1.8140041898080483,53.08049987704329,-0.07955661521869974,-0.5815134866588134,0.5144694533762058
24,24,0.2,demean,1.0,24,T1_liquid,311,39.18327974276527,-0.4297643901127594,-0.9813732941528597,-14.152522865595625,-32.323313954287244,-0.12914177114856007,-0.2949502398328711,1.5630725586031278,18.17079108869162,-0.03536658438798585,-0.6611777294550443,0.45980707395498394
24,24,0.2,demean,1.0,24,T2_mid,311,39.035369774919616,0.5477625759181421,-0.34441358109355497,18.050284996756826,-11.350852108495902,0.16470885059540605,-0.1035765254900251,1.6659968800970995,29.401137105252726,-0.07561322621414604,-0.5572878146706988,0.5016077170418006
24,24,0.2,demean,1.0,24,T3_illiquid,311,38.945337620578776,1.7441590292914173,0.1932312799148304,55.51003730218292,6.151831015117634,0.5065290903824192,0.056135458012948405,1.6795009957345124,49.3582062870653,-0.07955661521869974,-0.4518268046935586,0.5016077170418006
24,24,0.2,none,1.0,24,T1_liquid,311,39.18327974276527,-0.4297643901127594,-0.9813732941528597,-14.152522865595625,-32.323313954287244,-0.12914177114856007,-0.2949502398328711,1.5630725586031278,18.17079108869162,-0.03536658438798585,-0.6611777294550443,0.45980707395498394
24,24,0.2,none,1.0,24,T2_mid,311,39.035369774919616,0.5477625759181421,-0.34441358109355497,18.050284996756826,-11.350852108495902,0.16470885059540605,-0.1035765254900251,1.6659968800970995,29.401137105252726,-0.07561322621414604,-0.5572878146706988,0.5016077170418006
24,24,0.2,none,1.0,24,T3_illiquid,311,38.945337620578776,1.7441590292914173,0.1932312799148304,55.51003730218292,6.151831015117634,0.5065290903824192,0.056135458012948405,1.6795009957345124,49.3582062870653,-0.07955661521869974,-0.4518268046935586,0.5016077170418006
24,24,0.3,demean,1.0,24,T1_liquid,311,59.067524115755624,-0.3009266645380269,-0.9425133314422778,-7.791002105266075,-24.42003146475169,-0.07109289421055293,-0.2228327871158592,1.4262107404942217,16.62902935948562,-0.03536658438798585,-0.5429621275062761,0.4758842443729904
24,24,0.3,demean,1.0,24,T2_mid,311,58.752411575562704,0.7510135717866644,-0.3455291402142412,18.496860164662824,-8.511760224447245,0.16878384900254825,-0.07766981204808111,1.5215492771139738,27.008620389110064,-0.07561322621414604,-0.40867436405084356,0.4630225080385852
24,24,0.3,demean,1.0,24,T3_illiquid,311,58.559485530546624,1.8145240035213326,-0.08797531115820863,42.709963726356,-2.0718977060446937,0.38972841900299854,-0.01890606656765783,1.5227801856382168,44.7818614324007,-0.07955661521869974,-0.4290148991485745,0.4758842443729904
24,24,0.3,none,1.0,24,T1_liquid,311,59.067524115755624,-0.3009266645380269,-0.9425133314422778,-7.791002105266075,-24.42003146475169,-0.07109289421055293,-0.2228327871158592,1.4262107404942217,16.62902935948562,-0.03536658438798585,-0.5429621275062761,0.4758842443729904
24,24,0.3,none,1.0,24,T2_mid,311,58.752411575562704,0.7510135717866644,-0.3455291402142412,18.496860164662824,-8.511760224447245,0.16878384900254825,-0.07766981204808111,1.5215492771139738,27.008620389110064,-0.07561322621414604,-0.40867436405084356,0.4630225080385852
24,24,0.3,none,1.0,24,T3_illiquid,311,58.559485530546624,1.8145240035213326,-0.08797531115820863,42.709963726356,-2.0718977060446937,0.38972841900299854,-0.01890606656765783,1.5227801856382168,44.7818614324007,-0.07955661521869974,-0.4290148991485745,0.4758842443729904
3,3,0.1,demean,2.0,3,T1_liquid,2486,19.045856798069188,-1.5243976936532526,-5.165106939926824,-9.117962508971445,-30.912342247629137,-0.6656112631549154,-2.2566009840769268,1.671724906228124,21.7943797386577,-0.008252100524747773,-0.9996878269253695,0.42719227674979887
3,3,0.1,demean,2.0,3,T2_mid,2486,18.983105390185035,0.20977340457166055,-7.216899521140926,1.2074261523843466,-41.56369168905731,0.0881421091240573,-3.034149493301183,1.711095569532818,42.77111784144166,-0.031841733661228715,-0.999976270612403,0.3809332260659694
3,3,0.1,demean,2.0,3,T3_illiquid,2486,18.942880128720837,0.6667085210868418,-15.163232000343735,3.6862662483685535,-84.17843073003517,0.2690974361309044,-6.1450254432925675,1.7708401246112426,87.86469697840373,-0.051247279619191094,-0.999999999473979,0.20273531777956558
3,3,0.1,none,2.0,3,T1_liquid,2486,19.045856798069188,-1.5243976936532526,-5.165106939926824,-9.117962508971445,-30.912342247629137,-0.6656112631549154,-2.2566009840769268,1.671724906228124,21.7943797386577,-0.008252100524747773,-0.9996878269253695,0.42719227674979887
3,3,0.1,none,2.0,3,T2_mid,2486,18.983105390185035,0.20977340457166055,-7.216899521140926,1.2074261523843466,-41.56369168905731,0.0881421091240573,-3.034149493301183,1.711095569532818,42.77111784144166,-0.031841733661228715,-0.999976270612403,0.3809332260659694
3,3,0.1,none,2.0,3,T3_illiquid,2486,18.942880128720837,0.6667085210868418,-15.163232000343735,3.6862662483685535,-84.17843073003517,0.2690974361309044,-6.1450254432925675,1.7708401246112426,87.86469697840373,-0.051247279619191094,-0.999999999473979,0.20273531777956558
3,3,0.2,demean,2.0,3,T1_liquid,2486,39.16492357200322,-2.153019409048377,-7.411287470159507,-8.188072793367672,-28.19330639436207,-0.59772931391584,-2.0581113667884314,1.5329766372632319,20.005233600994394,-0.008252100524747773,-0.9992301794797602,0.37650844730490746
3,3,0.2,demean,2.0,3,T2_mid,2486,39.02413515687852,-0.2933951233904871,-11.1113679363961,-1.0775810015774077,-40.85365089144562,-0.07866341311515075,-2.98231651507553,1.586786779149985,39.77606988986821,-0.031841733661228715,-0.9999661424219809,0.3032984714400644
3,3,0.2,demean,2.0,3,T3_illiquid,2486,38.9195494770716,1.0271563146449816,-21.629650333331654,3.6687324071264613,-77.60344500192193,0.2678174657202317,-5.6650514851403,1.6346926758713571,81.27217740904838,-0.051247279619191094,-0.9999999965591297,0.13596138374899436
3,3,0.2,none,2.0,3,T1_liquid,2486,39.16492357200322,-2.153019409048377,-7.411287470159507,-8.188072793367672,-28.19330639436207,-0.59772931391584,-2.0581113667884314,1.5329766372632319,20.005233600994394,-0.008252100524747773,-0.9992301794797602,0.37650844730490746
3,3,0.2,none,2.0,3,T2_mid,2486,39.02413515687852,-0.2933951233904871,-11.1113679363961,-1.0775810015774077,-40.85365089144562,-0.07866341311515075,-2.98231651507553,1.586786779149985,39.77606988986821,-0.031841733661228715,-0.9999661424219809,0.3032984714400644
3,3,0.2,none,2.0,3,T3_illiquid,2486,38.9195494770716,1.0271563146449816,-21.629650333331654,3.6687324071264613,-77.60344500192193,0.2678174657202317,-5.6650514851403,1.6346926758713571,81.27217740904838,-0.051247279619191094,-0.9999999965591297,0.13596138374899436
3,3,0.3,demean,2.0,3,T1_liquid,2486,59.05711987127916,-2.2106388531598764,-8.555375408135802,-6.360715176555667,-24.630765866659626,-0.4643322078885637,-1.7980459082661526,1.3988672046436292,18.270050690103957,-0.008252100524747773,-0.9979783050848601,0.3567980691874497
3,3,0.3,demean,2.0,3,T2_mid,2486,58.71761866452132,-0.6198448906550904,-13.780771763554705,-1.7074169810476179,-38.03286373396543,-0.12464143961647611,-2.7763990525794764,1.4467559612635925,36.325446752917806,-0.031841733661228715,-0.9999263719410267,0.26468222043443285
3,3,0.3,demean,2.0,3,T3_illiquid,2486,58.50603378921963,0.7636604249246854,-25.458444417768987,2.13594025417225,-71.5101965970364,0.15592363855457428,-5.220244351583657,1.4803749437522256,73.64613685120865,-0.051247279619191094,-0.9999999833460553,0.11102172164119067
3,3,0.3,none,2.0,3,T1_liquid,2486,59.05711987127916,-2.2106388531598764,-8.555375408135802,-6.360715176555667,-24.630765866659626,-0.4643322078885637,-1.7980459082661526,1.3988672046436292,18.270050690103957,-0.008252100524747773,-0.9979783050848601,0.3567980691874497
3,3,0.3,none,2.0,3,T2_mid,2486,58.71761866452132,-0.6198448906550904,-13.780771763554705,-1.7074169810476179,-38.03286373396543,-0.12464143961647611,-2.7763990525794764,1.4467559612635925,36.325446752917806,-0.031841733661228715,-0.9999263719410267,0.26468222043443285
3,3,0.3,none,2.0,3,T3_illiquid,2486,58.50603378921963,0.7636604249246854,-25.458444417768987,2.13594025417225,-71.5101965970364,0.15592363855457428,-5.220244351583657,1.4803749437522256,73.64613685120865,-0.051247279619191094,-0.9999999833460553,0.11102172164119067
3,6,0.1,demean,2.0,6,T1_liquid,1243,19.050683829444893,0.48375080023835837,-1.2602445371241946,6.100734061071239,-15.89642457273261,0.22267679322910022,-0.5802194969047403,1.6834773432520818,21.997158633803846,-0.01912435716768792,-0.9060598958259639,0.48672566371681414
3,6,0.1,demean,2.0,6,T2_mid,1243,18.98793242156074,2.338138793124998,-1.1500116773336424,28.99157433639557,-14.259012136888007,1.0581924632784383,-0.5204539429964122,1.7304341832298389,43.250586473283576,-0.04179703008645556,-0.8953239709587645,0.4682220434432824
3,6,0.1,demean,2.0,6,T3_illiquid,1243,18.942880128720837,2.348963688502323,-5.196302333315846,27.149661868460292,-60.06833114348888,0.9909626581988007,-2.192494086737344,1.7660997110514405,87.21799301194916,-0.07104318427370142,-0.9995789273366762,0.3411102172164119
3,6,0.1,none,2.0,6,T1_liquid,1243,19.050683829444893,0.48375080023835837,-1.2602445371241946,6.100734061071239,-15.89642457273261,0.22267679322910022,-0.5802194969047403,1.6834773432520818,21.997158633803846,-0.01912435716768792,-0.9060598958259639,0.48672566371681414
3,6,0.1,none,2.0,6,T2_mid,1243,18.98793242156074,2.338138793124998,-1.1500116773336424,28.99157433639557,-14.259012136888007,1.0581924632784383,-0.5204539429964122,1.7304341832298389,43.250586473283576,-0.04179703008645556,-0.8953239709587645,0.4682220434432824
3,6,0.1,none,2.0,6,T3_illiquid,1243,18.942880128720837,2.348963688502323,-5.196302333315846,27.149661868460292,-60.06833114348888,0.9909626581988007,-2.192494086737344,1.7660997110514405,87.21799301194916,-0.07104318427370142,-0.9995789273366762,0.3411102172164119
3,6,0.2,demean,2.0,6,T1_liquid,1243,39.17135961383749,0.07092578844236705,-2.42414106476261,0.5686491910926881,-19.454916909480634,0.020755695474883117,-0.7101044671960431,1.5290952410698508,20.023566100573326,-0.01912435716768792,-0.9238791655448688,0.45132743362831856
3,6,0.2,demean,2.0,6,T2_mid,1243,39.02654867256637,1.5959068788700044,-3.4737780553720974,12.39259556100919,-26.974221875979808,0.4523297379768354,-0.984559098473263,1.5673442965901063,39.366817436989,-0.04179703008645556,-0.9698725805353894,0.415929203539823
3,6,0.2,demean,2.0,6,T3_illiquid,1243,38.921962992759454,2.9080916081335793,-7.981153070968229,21.229837184836654,-58.214732879410455,0.7748890572465379,-2.124837750098482,1.6039510378346562,79.44457006424712,-0.07104318427370142,-0.9993474694784997,0.2590506838294449
3,6,0.2,none,2.0,6,T1_liquid,1243,39.17135961383749,0.07092578844236705,-2.42414106476261,0.5686491910926881,-19.454916909480634,0.020755695474883117,-0.7101044671960431,1.5290952410698508,20.023566100573326,-0.01912435716768792,-0.9238791655448688,0.45132743362831856
3,6,0.2,none,2.0,6,T2_mid,1243,39.02654867256637,1.5959068788700044,-3.4737780553720974,12.39259556100919,-26.974221875979808,0.4523297379768354,-0.984559098473263,1.5673442965901063,39.366817436989,-0.04179703008645556,-0.9698725805353894,0.415929203539823
3,6,0.2,none,2.0,6,T3_illiquid,1243,38.921962992759454,2.9080916081335793,-7.981153070968229,21.229837184836654,-58.214732879410455,0.7748890572465379,-2.124837750098482,1.6039510378346562,79.44457006424712,-0.07104318427370142,-0.9993474694784997,0.2590506838294449
3,6,0.3,demean,2.0,6,T1_liquid,1243,59.05872888173773,0.04521324256126636,-2.8728978300897805,0.2796451666805736,-17.783099428600522,0.010207048583840937,-0.6490831291439191,1.3776228807084827,18.0627445952811,-0.01912435716768792,-0.89938999514537,0.4328238133547868
3,6,0.3,demean,2.0,6,T2_mid,1243,58.730490748189865,1.143120632761588,-4.768629295732515,6.859521440153411,-28.631950019953255,0.2503725325655995,-1.0450661757282937,1.4088089552173706,35.49147146010667,-0.04179703008645556,-0.973273062265712,0.37489943684633953
3,6,0.3,demean,2.0,6,T3_illiquid,1243,58.511665325824616,2.5492477340803625,-9.730922852761669,14.701624235623653,-56.06511479353131,0.5366092846002632,-2.0463766899638927,1.42767689127981,70.76673902915495,-0.07104318427370142,-0.9991124836948141,0.22687047465808527
3,6,0.3,none,2.0,6,T1_liquid,1243,59.05872888173773,0.04521324256126636,-2.8728978300897805,0.2796451666805736,-17.783099428600522,0.010207048583840937,-0.6490831291439191,1.3776228807084827,18.0627445952811,-0.01912435716768792,-0.89938999514537,0.4328238133547868
3,6,0.3,none,2.0,6,T2_mid,1243,58.730490748189865,1.143120632761588,-4.768629295732515,6.859521440153411,-28.631950019953255,0.2503725325655995,-1.0450661757282937,1.4088089552173706,35.49147146010667,-0.04179703008645556,-0.973273062265712,0.37489943684633953
3,6,0.3,none,2.0,6,T3_illiquid,1243,58.511665325824616,2.5492477340803625,-9.730922852761669,14.701624235623653,-56.06511479353131,0.5366092846002632,-2.0463766899638927,1.42767689127981,70.76673902915495,-0.07104318427370142,-0.9991124836948141,0.22687047465808527
3,12,0.1,demean,2.0,12,T1_liquid,622,19.04823151125402,-0.14591816734753216,-1.1408315585891577,-3.2736046083512202,-25.58454885792087,-0.05974328410240977,-0.46691801665705585,1.7007676094894748,22.310944249569648,-0.010301116558981062,-0.852201101530009,0.4694533762057878
3,12,0.1,demean,2.0,12,T2_mid,622,18.990353697749196,1.0519120920784784,-1.035706044681009,22.214860614082937,-21.875884312212634,0.4054212062070136,-0.3992348886978806,1.7602172969938243,44.09074492629556,-0.029347274554698762,-0.8085274090606012,0.4694533762057878
3,12,0.1,demean,2.0,12,T3_illiquid,622,18.94855305466238,1.7156513163186122,-2.3777895741541317,36.61228992488906,-50.81415884739974,0.6681742911292254,-0.9273583989650452,1.7815164158813677,87.42644877228881,-0.054052997940791915,-0.9732497452161464,0.364951768488746
3,12,0.1,none,2.0,12,T1_liquid,622,19.04823151125402,-0.14591816734753216,-1.1408315585891577,-3.2736046083512202,-25.58454885792087,-0.05974328410240977,-0.46691801665705585,1.7007676094894748,22.310944249569648,-0.010301116558981062,-0.852201101530009,0.4694533762057878
3,12,0.1,none,2.0,12,T2_mid,622,18.990353697749196,1.0519120920784784,-1.035706044681009,22.214860614082937,-21.875884312212634,0.4054212062070136,-0.3992348886978806,1.7602172969938243,44.09074492629556,-0.029347274554698762,-0.8085274090606012,0.4694533762057878
3,12,0.1,none,2.0,12,T3_illiquid,622,18.94855305466238,1.7156513163186122,-2.3777895741541317,36.61228992488906,-50.81415884739974,0.6681742911292254,-0.9273583989650452,1.7815164158813677,87.42644877228881,-0.054052997940791915,-0.9732497452161464,0.364951768488746
3,12,0.2,demean,2.0,12,T1_liquid,622,39.167202572347264,-0.12159714878319738,-1.543499218972189,-1.730049333434596,-21.960988166330207,-0.03157340033518138,-0.4007880340355263,1.537118247238296,20.230938832895614,-0.010301116558981062,-0.7804796875223584,0.4405144694533762
3,12,0.2,demean,2.0,12,T2_mid,622,39.032154340836016,0.8624274066350989,-2.027651367686914,12.010998803028128,-28.221744538196877,0.21920072815526334,-0.515046837822093,1.5937180393401895,40.23274334122501,-0.029347274554698762,-0.8473263267692486,0.42443729903536975
3,12,0.2,demean,2.0,12,T3_illiquid,622,38.91961414790997,1.746992006394871,-4.257924728358195,22.860239084961215,-55.853722038041646,0.4171993633005422,-1.01933042719426,1.5988496171813014,78.71396112300285,-0.054052997940791915,-0.9724289379003532,0.3360128617363344
3,12,0.2,none,2.0,12,T1_liquid,622,39.167202572347264,-0.12159714878319738,-1.543499218972189,-1.730049333434596,-21.960988166330207,-0.03157340033518138,-0.4007880340355263,1.537118247238296,20.230938832895614,-0.010301116558981062,-0.7804796875223584,0.4405144694533762
3,12,0.2,none,2.0,12,T2_mid,622,39.032154340836016,0.8624274066350989,-2.027651367686914,12.010998803028128,-28.221744538196877,0.21920072815526334,-0.515046837822093,1.5937180393401895,40.23274334122501,-0.029347274554698762,-0.8473263267692486,0.42443729903536975
3,12,0.2,none,2.0,12,T3_illiquid,622,38.91961414790997,1.746992006394871,-4.257924728358195,22.860239084961215,-55.853722038041646,0.4171993633005422,-1.01933042719426,1.5988496171813014,78.71396112300285,-0.054052997940791915,-0.9724289379003532,0.3360128617363344
3,12,0.3,demean,2.0,12,T1_liquid,622,59.054662379421224,-0.08875630450757413,-1.7517625456627877,-0.9732279205841103,-19.215111968412184,-0.017761409550660013,-0.3506757934235224,1.3829029041453351,18.241884047828073,-0.010301116558981062,-0.7188657530314261,0.4453376205787781
3,12,0.3,demean,2.0,12,T2_mid,622,58.72990353697749,0.6140015638429711,-2.665136123092372,6.778350434105848,-29.428708020099158,0.12370489542243172,-0.5370739213668096,1.4277232661217976,36.207058454205,-0.029347274554698762,-0.8479359275197945,0.409967845659164
3,12,0.3,demean,2.0,12,T3_illiquid,622,58.51768488745981,1.6553373236057543,-4.685808577041441,18.280608956240812,-51.82366491724882,0.3336211134513948,-0.945781884739791,1.422996756728159,70.10427387348962,-0.054052997940791915,-0.9644223529779504,0.2958199356913183
3,12,0.3,none,2.0,12,T1_liquid,622,59.054662379421224,-0.08875630450757413,-1.7517625456627877,-0.9732279205841103,-19.215111968412184,-0.017761409550660013,-0.3506757934235224,1.3829029041453351,18.241884047828073,-0.010301116558981062,-0.7188657530314261,0.4453376205787781
3,12,0.3,none,2.0,12,T2_mid,622,58.72990353697749,0.6140015638429711,-2.665136123092372,6.778350434105848,-29.428708020099158,0.12370489542243172,-0.5370739213668096,1.4277232661217976,36.207058454205,-0.029347274554698762,-0.8479359275197945,0.409967845659164
3,12,0.3,none,2.0,12,T3_illiquid,622,58.51768488745981,1.6553373236057543,-4.685808577041441,18.280608956240812,-51.82366491724882,0.3336211134513948,-0.945781884739791,1.422996756728159,70.10427387348962,-0.054052997940791915,-0.9644223529779504,0.2958199356913183
3,24,0.1,demean,2.0,24,T1_liquid,311,19.05466237942122,0.060354793499739275,-0.4783676710451559,2.530177052592164,-20.04377653936786,0.023087865604903494,-0.18289946092173173,1.7123035592488969,22.573953591960024,-0.008119112059176443,-0.5596516452275928,0.48231511254019294
3,24,0.1,demean,2.0,24,T2_mid,311,18.9967845659164,0.7075697502113094,-0.3875872048193997,28.90331225458218,-15.827765345024368,0.2637427243230624,-0.14442835877334737,1.778610287533117,44.731077599606536,-0.029772311603811486,-0.6982385076851703,0.5337620578778135
3,24,0.1,demean,2.0,24,T3_illiquid,311,18.964630225080384,1.1627535076376498,-0.9452975740201429,48.24059069440092,-39.291540389056536,0.4401953900864084,-0.3585353060501409,1.8017923841074965,87.53213108345744,-0.05653421590075332,-0.7964296729183775,0.42765273311897106
3,24,0.1,none,2.0,24,T1_liquid,311,19.05466237942122,0.060354793499739275,-0.4783676710451559,2.530177052592164,-20.04377653936786,0.023087865604903494,-0.18289946092173173,1.7123035592488969,22.573953591960024,-0.008119112059176443,-0.5596516452275928,0.48231511254019294
3,24,0.1,none,2.0,24,T2_mid,311,18.9967845659164,0.7075697502113094,-0.3875872048193997,28.90331225458218,-15.827765345024368,0.2637427243230624,-0.14442835877334737,1.778610287533117,44.731077599606536,-0.029772311603811486,-0.6982385076851703,0.5337620578778135
3,24,0.1,none,2.0,24,T3_illiquid,311,18.964630225080384,1.1627535076376498,-0.9452975740201429,48.24059069440092,-39.291540389056536,0.4401953900864084,-0.3585353060501409,1.8017923841074965,87.53213108345744,-0.05653421590075332,-0.7964296729183775,0.42765273311897106
3,24,0.2,demean,2.0,24,T1_liquid,311,39.18327974276527,-0.5027184804850665,-1.2503795724457047,-13.90327523630418,-34.564935855845,-0.12686738653127566,-0.31540503968458566,1.555928517580364,20.661660619540825,-0.008119112059176443,-0.6807414184746119,0.4790996784565916
3,24,0.2,demean,2.0,24,T2_mid,311,39.035369774919616,0.2991849164652932,-1.1624060769841218,8.40498157401219,-32.65428432344829,0.07669545686286124,-0.29797034445146564,1.6145016096973859,41.059265897460484,-0.029772311603811486,-0.6938758658572878,0.4662379421221865
3,24,0.2,demean,2.0,24,T3_illiquid,311,38.945337620578776,1.1164151512951326,-1.864055024009584,29.745144239845864,-49.757945308341974,0.2714244411885935,-0.4540412509386205,1.630592186912415,79.50308954818783,-0.05653421590075332,-0.8142690138793178,0.3890675241157556
3,24,0.2,none,2.0,24,T1_liquid,311,39.18327974276527,-0.5027184804850665,-1.2503795724457047,-13.90327523630418,-34.564935855845,-0.12686738653127566,-0.31540503968458566,1.555928517580364,20.661660619540825,-0.008119112059176443,-0.6807414184746119,0.4790996784565916
3,24,0.2,none,2.0,24,T2_mid,311,39.035369774919616,0.2991849164652932,-1.1624060769841218,8.40498157401219,-32.65428432344829,0.07669545686286124,-0.29797034445146564,1.6145016096973859,41.059265897460484,-0.029772311603811486,-0.6938758658572878,0.4662379421221865
3,24,0.2,none,2.0,24,T3_illiquid,311,38.945337620578776,1.1164151512951326,-1.864055024009584,29.745144239845864,-49.757945308341974,0.2714244411885935,-0.4540412509386205,1.630592186912415,79.50308954818783,-0.05653421590075332,-0.8142690138793178,0.3890675241157556
3,24,0.3,demean,2.0,24,T1_liquid,311,59.067524115755624,-0.4282551353687323,-1.2740339571390327,-9.457102755842136,-28.10078315023038,-0.0862960626470595,-0.25641964624585223,1.3968616164033747,18.643680394388245,-0.008119112059176443,-0.5971900590351726,0.4565916398713826
3,24,0.3,demean,2.0,24,T2_mid,311,58.758842443729904,0.03810392563725012,-1.6119321216325067,0.855463746253784,-36.20043220382959,0.007806106684565778,-0.33032894385994505,1.4449140646808958,37.05589595008337,-0.029772311603811486,-0.6904571684398297,0.43729903536977494
3,24,0.3,demean,2.0,24,T3_illiquid,311,58.559485530546624,1.1495988467041813,-1.9687064870524091,25.945623307214202,-44.52469524718041,0.2367538126783296,-0.40628784413052127,1.4455802478095392,70.47031855439461,-0.05653421590075332,-0.7638460405823052,0.31511254019292606
3,24,0.3,none,2.0,24,T1_liquid,311,59.067524115755624,-0.4282551353687323,-1.2740339571390327,-9.457102755842136,-28.10078315023038,-0.0862960626470595,-0.25641964624585223,1.3968616164033747,18.643680394388245,-0.008119112059176443,-0.5971900590351726,0.4565916398713826
3,24,0.3,none,2.0,24,T2_mid,311,58.758842443729904,0.03810392563725012,-1.6119321216325067,0.855463746253784,-36.20043220382959,0.007806106684565778,-0.33032894385994505,1.4449140646808958,37.05589595008337,-0.029772311603811486,-0.6904571684398297,0.43729903536977494
3,24,0.3,none,2.0,24,T3_illiquid,311,58.559485530546624,1.1495988467041813,-1.9687064870524091,25.945623307214202,-44.52469524718041,0.2367538126783296,-0.40628784413052127,1.4455802478095392,70.47031855439461,-0.05653421590075332,-0.7638460405823052,0.31511254019292606
6,3,0.1,demean,2.0,3,T1_liquid,2486,19.045856798069188,0.29944900894069704,-2.2337723163271486,1.9015837568611103,-14.190074377174335,0.13881561425086106,-1.0358754295337265,1.2332705575465028,16.09165813403545,-0.020440582806888225,-0.9798971018980634,0.46178600160901045
6,3,0.1,demean,2.0,3,T2_mid,2486,18.983105390185035,2.0881554418570487,-3.3692092365120585,12.406604953407012,-20.060113772467993,0.9056821615987118,-1.4643883053901634,1.3003380402113305,32.466718725875,-0.04201629702151432,-0.9947583295811872,0.44046661303298473
6,3,0.1,demean,2.0,3,T3_illiquid,2486,18.942880128720837,2.5778452484289,-9.951023125855192,13.84242919338672,-53.80534478388746,1.0104973311172305,-3.9277901692237847,1.3669631320677176,67.64777397727416,-0.06803754855353321,-0.9999988846218159,0.3004827031375704
6,3,0.1,none,2.0,3,T1_liquid,2486,19.045856798069188,0.29944900894069704,-2.2337723163271486,1.9015837568611103,-14.190074377174335,0.13881561425086106,-1.0358754295337265,1.2332705575465028,16.09165813403545,-0.020440582806888225,-0.9798971018980634,0.46178600160901045
6,3,0.1,none,2.0,3,T2_mid,2486,18.983105390185035,2.0881554418570487,-3.3692092365120585,12.406604953407012,-20.060113772467993,0.9056821615987118,-1.4643883053901634,1.3003380402113305,32.466718725875,-0.04201629702151432,-0.9947583295811872,0.44046661303298473
6,3,0.1,none,2.0,3,T3_illiquid,2486,18.942880128720837,2.5778452484289,-9.951023125855192,13.84242919338672,-53.80534478388746,1.0104973311172305,-3.9277901692237847,1.3669631320677176,67.64777397727416,-0.06803754855353321,-0.9999988846218159,0.3004827031375704
6,3,0.2,demean,2.0,3,T1_liquid,2486,39.16492357200322,-0.06327470811701091,-3.6539100806438802,-0.2511035212415739,-14.517995811456455,-0.018330557050634896,-1.0598136942363212,1.0914800474035413,14.26689229021488,-0.020440582806888225,-0.9766848861295341,0.44006436041834274
6,3,0.2,demean,2.0,3,T2_mid,2486,39.02413515687852,1.7267485998313523,-5.98329418223456,6.4421669967694895,-22.379492335554936,0.4702781907641727,-1.6337029404955101,1.1495187634715485,28.821659332324423,-0.04201629702151432,-0.9965341153173123,0.38616251005631536
6,3,0.2,demean,2.0,3,T3_illiquid,2486,38.9195494770716,2.8365618410917937,-13.41655131378068,10.322877736878963,-49.2345470781649,0.7535700747921643,-3.594121936706038,1.200456123627497,59.55742481504387,-0.06803754855353321,-0.999995819558762,0.23974255832662913
6,3,0.2,none,2.0,3,T1_liquid,2486,39.16492357200322,-0.06327470811701091,-3.6539100806438802,-0.2511035212415739,-14.517995811456455,-0.018330557050634896,-1.0598136942363212,1.0914800474035413,14.26689229021488,-0.020440582806888225,-0.9766848861295341,0.44006436041834274
6,3,0.2,none,2.0,3,T2_mid,2486,39.02413515687852,1.7267485998313523,-5.98329418223456,6.4421669967694895,-22.379492335554936,0.4702781907641727,-1.6337029404955101,1.1495187634715485,28.821659332324423,-0.04201629702151432,-0.9965341153173123,0.38616251005631536
6,3,0.2,none,2.0,3,T3_illiquid,2486,38.9195494770716,2.8365618410917937,-13.41655131378068,10.322877736878963,-49.2345470781649,0.7535700747921643,-3.594121936706038,1.200456123627497,59.55742481504387,-0.06803754855353321,-0.999995819558762,0.23974255832662913
6,3,0.3,demean,2.0,3,T1_liquid,2486,59.05711987127916,-0.25006693900333626,-4.457426440638158,-0.7549845065336014,-13.484885041681423,-0.055113868976952904,-0.9843966080427439,0.972608406523465,12.729900535147825,-0.020440582806888225,-0.967390594761307,0.43000804505229284
6,3,0.3,demean,2.0,3,T2_mid,2486,58.716814159292035,1.4733874685607844,-7.608068242395116,4.136788687815651,-21.446635343645184,0.3019855742105425,-1.5656043800860986,1.0173594804947061,25.583424031460837,-0.04201629702151432,-0.9954318640745065,0.3588093322606597
6,3,0.3,demean,2.0,3,T3_illiquid,2486,58.50603378921963,2.736670502365091,-15.027654349172396,7.980058990638453,-44.198133701943576,0.582544306316607,-3.2264637602418813,1.0509675105246314,52.17819269258203,-0.06803754855353321,-0.999984705640656,0.21842316975060339
6,3,0.3,none,2.0,3,T1_liquid,2486,59.05711987127916,-0.25006693900333626,-4.457426440638158,-0.7549845065336014,-13.484885041681423,-0.055113868976952904,-0.9843966080427439,0.972608406523465,12.729900535147825,-0.020440582806888225,-0.967390594761307,0.43000804505229284
6,3,0.3,none,2.0,3,T2_mid,2486,58.716814159292035,1.4733874685607844,-7.608068242395116,4.136788687815651,-21.446635343645184,0.3019855742105425,-1.5656043800860986,1.0173594804947061,25.583424031460837,-0.04201629702151432,-0.9954318640745065,0.3588093322606597
6,3,0.3,none,2.0,3,T3_illiquid,2486,58.50603378921963,2.736670502365091,-15.027654349172396,7.980058990638453,-44.198133701943576,0.582544306316607,-3.2264637602418813,1.0509675105246314,52.17819269258203,-0.06803754855353321,-0.999984705640656,0.21842316975060339
6,6,0.1,demean,2.0,6,T1_liquid,1243,19.050683829444893,1.0449805955044433,-0.5849665690896818,14.081851276182832,-7.88782206915423,0.5139875715806733,-0.28790550552412936,1.6819629463233645,21.96967334533706,-0.0330528142980567,-0.7613218325544548,0.4915526950925181
6,6,0.1,demean,2.0,6,T2_mid,1243,18.98793242156074,2.7369946325998873,-0.6452781326043472,35.24055618355101,-8.313977560393443,1.2862803006996117,-0.30346018095436067,1.7434814760639379,43.55453374394445,-0.057078578925860074,-0.7595772002809313,0.5084473049074819
6,6,0.1,demean,2.0,6,T3_illiquid,1243,18.942880128720837,3.304970966650646,-4.522508238630154,37.339782646619234,-51.121789734472465,1.362902066601602,-1.865945325308245,1.791551476145201,88.4615723810917,-0.08859690062393502,-0.998729414118038,0.3829444891391794
6,6,0.1,none,2.0,6,T1_liquid,1243,19.050683829444893,1.0449805955044433,-0.5849665690896818,14.081851276182832,-7.88782206915423,0.5139875715806733,-0.28790550552412936,1.6819629463233645,21.96967334533706,-0.0330528142980567,-0.7613218325544548,0.4915526950925181
6,6,0.1,none,2.0,6,T2_mid,1243,18.98793242156074,2.7369946325998873,-0.6452781326043472,35.24055618355101,-8.313977560393443,1.2862803006996117,-0.30346018095436067,1.7434814760639379,43.55453374394445,-0.057078578925860074,-0.7595772002809313,0.5084473049074819
6,6,0.1,none,2.0,6,T3_illiquid,1243,18.942880128720837,3.304970966650646,-4.522508238630154,37.339782646619234,-51.121789734472465,1.362902066601602,-1.865945325308245,1.791551476145201,88.4615723810917,-0.08859690062393502,-0.998729414118038,0.3829444891391794
6,6,0.2,demean,2.0,6,T1_liquid,1243,39.17135961383749,1.1262791255932887,-1.3458891837593299,9.209040362265064,-11.02086878173448,0.3361299732226748,-0.4022617105333085,1.5456818608626475,20.229909143999546,-0.0330528142980567,-0.7924620464087593,0.47063555913113436
6,6,0.2,demean,2.0,6,T2_mid,1243,39.02654867256637,2.804348061438414,-2.4332214396968546,21.53854600296514,-18.706715658263636,0.7861569291082277,-0.6827951215266227,1.603489302387221,40.245261661228774,-0.057078578925860074,-0.9139117360196276,0.43684633950120677
6,6,0.2,demean,2.0,6,T3_illiquid,1243,38.921962992759454,3.513191541311301,-7.145448916401045,27.07781241957768,-55.08758942207481,0.9883401533145852,-2.0106970139057303,1.6585381093556009,82.16540184165251,-0.08859690062393502,-0.9990430534162353,0.2847948511665326
6,6,0.2,none,2.0,6,T1_liquid,1243,39.17135961383749,1.1262791255932887,-1.3458891837593299,9.209040362265064,-11.02086878173448,0.3361299732226748,-0.4022617105333085,1.5456818608626475,20.229909143999546,-0.0330528142980567,-0.7924620464087593,0.47063555913113436
6,6,0.2,none,2.0,6,T2_mid,1243,39.02654867256637,2.804348061438414,-2.4332214396968546,21.53854600296514,-18.706715658263636,0.7861569291082277,-0.6827951215266227,1.603489302387221,40.245261661228774,-0.057078578925860074,-0.9139117360196276,0.43684633950120677
6,6,0.2,none,2.0,6,T3_illiquid,1243,38.921962992759454,3.513191541311301,-7.145448916401045,27.07781241957768,-55.08758942207481,0.9883401533145852,-2.0106970139057303,1.6585381093556009,82.16540184165251,-0.08859690062393502,-0.9990430534162353,0.2847948511665326
6,6,0.3,demean,2.0,6,T1_liquid,1243,59.05872888173773,1.0123773551752746,-1.919116162304262,6.368853869145412,-12.094827213835348,0.23246316622380755,-0.4414611933049902,1.4085612254721014,18.463681082980763,-0.0330528142980567,-0.8007665100852857,0.45132743362831856
6,6,0.3,demean,2.0,6,T2_mid,1243,58.72888173773129,2.723427030476938,-3.721644199607273,15.537485810101204,-21.256794504872193,0.5671182320686939,-0.775872999427835,1.4612979046820804,36.7942803149734,-0.057078578925860074,-0.9314956669761545,0.39420756234915527
6,6,0.3,demean,2.0,6,T3_illiquid,1243,58.511665325824616,3.3298335559589076,-9.037402201126463,19.961733176009446,-54.354934496081356,0.7286032609243448,-1.9839551091069696,1.4989080063446694,74.31666767209082,-0.08859690062393502,-0.9989187150666793,0.25341914722445696
6,6,0.3,none,2.0,6,T1_liquid,1243,59.05872888173773,1.0123773551752746,-1.919116162304262,6.368853869145412,-12.094827213835348,0.23246316622380755,-0.4414611933049902,1.4085612254721014,18.463681082980763,-0.0330528142980567,-0.8007665100852857,0.45132743362831856
6,6,0.3,none,2.0,6,T2_mid,1243,58.72888173773129,2.723427030476938,-3.721644199607273,15.537485810101204,-21.256794504872193,0.5671182320686939,-0.775872999427835,1.4612979046820804,36.7942803149734,-0.057078578925860074,-0.9314956669761545,0.39420756234915527
6,6,0.3,none,2.0,6,T3_illiquid,1243,58.511665325824616,3.3298335559589076,-9.037402201126463,19.961733176009446,-54.354934496081356,0.7286032609243448,-1.9839551091069696,1.4989080063446694,74.31666767209082,-0.08859690062393502,-0.9989187150666793,0.25341914722445696
6,12,0.1,demean,2.0,12,T1_liquid,622,19.04823151125402,0.5644393145786576,-0.3739970446198727,13.354806422463355,-8.851332887494278,0.24372521720995624,-0.16153682519677057,1.6929274949773343,22.20613930995764,-0.02566062381651845,-0.635412374183843,0.5048231511254019
6,12,0.1,demean,2.0,12,T2_mid,622,18.990353697749196,2.316258641355376,0.2946562085518381,50.35720210321637,6.403807946908232,0.9190189383836989,0.11686949503107523,1.7561739930309062,43.95339415630814,-0.046270102108050847,-0.3257709145288423,0.4983922829581994
6,12,0.1,demean,2.0,12,T3_illiquid,622,18.94855305466238,2.4536657242257003,-1.4571540375151708,54.831702786894375,-32.600441984197346,1.0006785758608223,-0.5949580662116015,1.7834728776047104,87.43214477109171,-0.0671845776969679,-0.9166657862227149,0.3890675241157556
6,12,0.1,none,2.0,12,T1_liquid,622,19.04823151125402,0.5644393145786576,-0.3739970446198727,13.354806422463355,-8.851332887494278,0.24372521720995624,-0.16153682519677057,1.6929274949773343,22.20613930995764,-0.02566062381651845,-0.635412374183843,0.5048231511254019
6,12,0.1,none,2.0,12,T2_mid,622,18.990353697749196,2.316258641355376,0.2946562085518381,50.35720210321637,6.403807946908232,0.9190189383836989,0.11686949503107523,1.7561739930309062,43.95339415630814,-0.046270102108050847,-0.3257709145288423,0.4983922829581994
6,12,0.1,none,2.0,12,T3_illiquid,622,18.94855305466238,2.4536657242257003,-1.4571540375151708,54.831702786894375,-32.600441984197346,1.0006785758608223,-0.5949580662116015,1.7834728776047104,87.43214477109171,-0.0671845776969679,-0.9166657862227149,0.3890675241157556
6,12,0.2,demean,2.0,12,T1_liquid,622,39.167202572347264,0.7705154905232398,-0.5494986998607582,11.897747265823151,-8.490573407463815,0.2171338876012725,-0.15495296468621464,1.5491913135656359,20.388320673286977,-0.02566062381651845,-0.5501997277469158,0.4903536977491961
6,12,0.2,demean,2.0,12,T2_mid,622,39.032154340836016,2.2540653355299174,-0.8347926068586238,29.491634538310766,-10.920046246422716,0.5382223303241715,-0.19929084399721458,1.6024223577393266,40.41168078473349,-0.046270102108050847,-0.6072725819905272,0.45819935691318325
6,12,0.2,demean,2.0,12,T3_illiquid,622,38.91961414790997,2.508595560250818,-2.786219099689286,37.62976530443577,-41.892273508177524,0.6867432168059528,-0.7645339915242398,1.6153296582820966,79.5220388126133,-0.0671845776969679,-0.9458587908077798,0.3520900321543408
6,12,0.2,none,2.0,12,T1_liquid,622,39.167202572347264,0.7705154905232398,-0.5494986998607582,11.897747265823151,-8.490573407463815,0.2171338876012725,-0.15495296468621464,1.5491913135656359,20.388320673286977,-0.02566062381651845,-0.5501997277469158,0.4903536977491961
6,12,0.2,none,2.0,12,T2_mid,622,39.032154340836016,2.2540653355299174,-0.8347926068586238,29.491634538310766,-10.920046246422716,0.5382223303241715,-0.19929084399721458,1.6024223577393266,40.41168078473349,-0.046270102108050847,-0.6072725819905272,0.45819935691318325
6,12,0.2,none,2.0,12,T3_illiquid,622,38.91961414790997,2.508595560250818,-2.786219099689286,37.62976530443577,-41.892273508177524,0.6867432168059528,-0.7645339915242398,1.6153296582820966,79.5220388126133,-0.0671845776969679,-0.9458587908077798,0.3520900321543408
6,12,0.3,demean,2.0,12,T1_liquid,622,59.054662379421224,0.67172643843631,-0.9243998260291679,7.770206100799666,-10.693864724020115,0.1418062613395939,-0.1951630312133671,1.3998298063013246,18.464070824819775,-0.02566062381651845,-0.5436796861021559,0.477491961414791
6,12,0.3,demean,2.0,12,T2_mid,622,58.72668810289389,1.6306670939808863,-1.8851007447988182,16.969190109025366,-19.614980178566586,0.3096877194897129,-0.35797338825884023,1.4439946912350554,36.584170287591945,-0.046270102108050847,-0.7580358301189943,0.44212218649517687
6,12,0.3,demean,2.0,12,T3_illiquid,622,58.51768488745981,2.173038040072654,-3.54579972882341,27.020655711681314,-44.155210463469416,0.493126966738184,-0.8058325909583168,1.4444018803571352,71.17586617515073,-0.0671845776969679,-0.9425365723793533,0.31511254019292606
6,12,0.3,none,2.0,12,T1_liquid,622,59.054662379421224,0.67172643843631,-0.9243998260291679,7.770206100799666,-10.693864724020115,0.1418062613395939,-0.1951630312133671,1.3998298063013246,18.464070824819775,-0.02566062381651845,-0.5436796861021559,0.477491961414791
6,12,0.3,none,2.0,12,T2_mid,622,58.72668810289389,1.6306670939808863,-1.8851007447988182,16.969190109025366,-19.614980178566586,0.3096877194897129,-0.35797338825884023,1.4439946912350554,36.584170287591945,-0.046270102108050847,-0.7580358301189943,0.44212218649517687
6,12,0.3,none,2.0,12,T3_illiquid,622,58.51768488745981,2.173038040072654,-3.54579972882341,27.020655711681314,-44.155210463469416,0.493126966738184,-0.8058325909583168,1.4444018803571352,71.17586617515073,-0.0671845776969679,-0.9425365723793533,0.31511254019292606
6,24,0.1,demean,2.0,24,T1_liquid,311,19.05466237942122,0.5580475979691714,0.033471669100406755,23.997893918090043,1.4394581594935025,0.21898078200257165,0.01313505570537821,1.7098959275808145,22.558435758596524,-0.013677487686231568,-0.4998214666685764,0.5112540192926045
6,24,0.1,demean,2.0,24,T2_mid,311,18.9967845659164,1.4421839997301529,0.34803976880107573,58.513787048423474,14.11653385502881,0.5339383068168643,0.1288133714271379,1.7714968936030029,44.397253193394675,-0.05031237224383839,-0.4681659274953922,0.5209003215434084
6,24,0.1,demean,2.0,24,T3_illiquid,311,18.964630225080384,1.2285647227415644,-0.4217639844302439,64.49727121911582,-22.145731963839147,0.5885375998744318,-0.20207980417003224,1.7866927195705329,86.64300318295496,-0.07317673110216749,-0.6940608285328632,0.4437299035369775
6,24,0.1,none,2.0,24,T1_liquid,311,19.05466237942122,0.5580475979691714,0.033471669100406755,23.997893918090043,1.4394581594935025,0.21898078200257165,0.01313505570537821,1.7098959275808145,22.558435758596524,-0.013677487686231568,-0.4998214666685764,0.5112540192926045
6,24,0.1,none,2.0,24,T2_mid,311,18.9967845659164,1.4421839997301529,0.34803976880107573,58.513787048423474,14.11653385502881,0.5339383068168643,0.1288133714271379,1.7714968936030029,44.397253193394675,-0.05031237224383839,-0.4681659274953922,0.5209003215434084
6,24,0.1,none,2.0,24,T3_illiquid,311,18.964630225080384,1.2285647227415644,-0.4217639844302439,64.49727121911582,-22.145731963839147,0.5885375998744318,-0.20207980417003224,1.7866927195705329,86.64300318295496,-0.07317673110216749,-0.6940608285328632,0.4437299035369775
6,24,0.2,demean,2.0,24,T1_liquid,311,39.18327974276527,0.13552381822184148,-0.5640271491064299,3.973531449501379,-16.537382971108993,0.03625847447670009,-0.15090361961136955,1.5455197194321146,20.51091442061037,-0.013677487686231568,-0.4803966683354639,0.4887459807073955
6,24,0.2,demean,2.0,24,T2_mid,311,39.035369774919616,0.8912610215471699,-0.6413174580799639,23.89554098948528,-17.1882851952866,0.2180468115290532,-0.15684310240699023,1.6153508771362914,41.083826184771866,-0.05031237224383839,-0.45325254524309855,0.45016077170418006
6,24,0.2,demean,2.0,24,T3_illiquid,311,38.945337620578776,1.6009654464629441,-0.8569505829389075,51.727425888773126,-27.74262207718951,0.47201276123505476,-0.2531514264543543,1.6310436158238948,79.47004796596265,-0.07317673110216749,-0.6489546998505559,0.4180064308681672
6,24,0.2,none,2.0,24,T1_liquid,311,39.18327974276527,0.13552381822184148,-0.5640271491064299,3.973531449501379,-16.537382971108993,0.03625847447670009,-0.15090361961136955,1.5455197194321146,20.51091442061037,-0.013677487686231568,-0.4803966683354639,0.4887459807073955
6,24,0.2,none,2.0,24,T2_mid,311,39.035369774919616,0.8912610215471699,-0.6413174580799639,23.89554098948528,-17.1882851952866,0.2180468115290532,-0.15684310240699023,1.6153508771362914,41.083826184771866,-0.05031237224383839,-0.45325254524309855,0.45016077170418006
6,24,0.2,none,2.0,24,T3_illiquid,311,38.945337620578776,1.6009654464629441,-0.8569505829389075,51.727425888773126,-27.74262207718951,0.47201276123505476,-0.2531514264543543,1.6310436158238948,79.47004796596265,-0.07317673110216749,-0.6489546998505559,0.4180064308681672
6,24,0.3,demean,2.0,24,T1_liquid,311,59.067524115755624,-0.1917616153344269,-0.9816136674563608,-4.511561659519375,-23.094832776556142,-0.041168000143114294,-0.2107403490860748,1.3939279754088505,18.583271117036773,-0.013677487686231568,-0.5324126589034888,0.4630225080385852
6,24,0.3,demean,2.0,24,T2_mid,311,58.752411575562704,0.8327710530284622,-0.892167008174935,18.051801081662433,-19.34405587093686,0.1647226848701697,-0.17651450982229883,1.4607308487403259,37.395856952599296,-0.05031237224383839,-0.4643448337670115,0.4565916398713826
6,24,0.3,demean,2.0,24,T3_illiquid,311,58.559485530546624,1.6162843758085466,-1.218569152188318,40.75337639894127,-30.702941739629555,0.3718745596403391,-0.28016434337411966,1.4648877901505377,71.45631813857082,-0.07317673110216749,-0.6686735001263057,0.3762057877813505
6,24,0.3,none,2.0,24,T1_liquid,311,59.067524115755624,-0.1917616153344269,-0.9816136674563608,-4.511561659519375,-23.094832776556142,-0.041168000143114294,-0.2107403490860748,1.3939279754088505,18.583271117036773,-0.013677487686231568,-0.5324126589034888,0.4630225080385852
6,24,0.3,none,2.0,24,T2_mid,311,58.752411575562704,0.8327710530284622,-0.892167008174935,18.051801081662433,-19.34405587093686,0.1647226848701697,-0.17651450982229883,1.4607308487403259,37.395856952599296,-0.05031237224383839,-0.4643448337670115,0.4565916398713826
6,24,0.3,none,2.0,24,T3_illiquid,311,58.559485530546624,1.6162843758085466,-1.218569152188318,40.75337639894127,-30.702941739629555,0.3718745596403391,-0.28016434337411966,1.4648877901505377,71.45631813857082,-0.07317673110216749,-0.6686735001263057,0.3762057877813505
12,3,0.1,demean,2.0,3,T1_liquid,2486,19.045856798069188,0.30803913991643644,-1.4905236714266874,2.0327911192075288,-9.844245393488679,0.1483937517021496,-0.7186299137246736,0.9090899513465885,11.877036512696206,-0.029265212626140288,-0.9477989506882805,0.4758648431214803
12,3,0.1,demean,2.0,3,T2_mid,2486,18.983105390185035,3.8048487204222563,-0.3137473140489888,22.864997352248245,-1.888336998325642,1.669144806714122,-0.13784860087777187,0.9916585838850522,24.75333435057389,-0.06507000039033005,-0.6062232993354841,0.5104585679806919
12,3,0.1,demean,2.0,3,T3_illiquid,2486,18.942880128720837,3.9723118218795315,-5.6271148773957425,21.65229263194679,-30.83415239817281,1.5806173621321156,-2.2508931250666153,1.0631106780945878,52.486445030119604,-0.07884301259418858,-0.9996690829122683,0.3841512469831054
12,3,0.1,none,2.0,3,T1_liquid,2486,19.045856798069188,0.30803913991643644,-1.4905236714266874,2.0327911192075288,-9.844245393488679,0.1483937517021496,-0.7186299137246736,0.9090899513465885,11.877036512696206,-0.029265212626140288,-0.9477989506882805,0.4758648431214803
12,3,0.1,none,2.0,3,T2_mid,2486,18.983105390185035,3.8048487204222563,-0.3137473140489888,22.864997352248245,-1.888336998325642,1.669144806714122,-0.13784860087777187,0.9916585838850522,24.75333435057389,-0.06507000039033005,-0.6062232993354841,0.5104585679806919
12,3,0.1,none,2.0,3,T3_illiquid,2486,18.942880128720837,3.9723118218795315,-5.6271148773957425,21.65229263194679,-30.83415239817281,1.5806173621321156,-2.2508931250666153,1.0631106780945878,52.486445030119604,-0.07884301259418858,-0.9996690829122683,0.3841512469831054
12,3,0.2,demean,2.0,3,T1_liquid,2486,39.16492357200322,0.09106912958867558,-2.4056998347621077,0.3733314947834724,-9.871735464201912,0.027253199119193484,-0.7206366888867396,0.7819810601878636,10.245066958985381,-0.029265212626140288,-0.9312904869033178,0.46098149637972646
12,3,0.2,demean,2.0,3,T2_mid,2486,39.02413515687852,3.4532991060865355,-2.1099467168325274,13.28006628371572,-8.125399879722922,0.9694448387112476,-0.5931541912197733,0.8528301743088936,21.40546616343864,-0.06507000039033005,-0.8810796586161964,0.47224456958970235
12,3,0.2,demean,2.0,3,T3_illiquid,2486,38.9195494770716,3.5974386069377715,-7.958224713584768,13.893562529945536,-30.94384332475083,1.014230064686024,-2.2589005627068106,0.9058546661952154,44.837405854696364,-0.07884301259418858,-0.9996242543791994,0.32220434432823813
12,3,0.2,none,2.0,3,T1_liquid,2486,39.16492357200322,0.09106912958867558,-2.4056998347621077,0.3733314947834724,-9.871735464201912,0.027253199119193484,-0.7206366888867396,0.7819810601878636,10.245066958985381,-0.029265212626140288,-0.9312904869033178,0.46098149637972646
12,3,0.2,none,2.0,3,T2_mid,2486,39.02413515687852,3.4532991060865355,-2.1099467168325274,13.28006628371572,-8.125399879722922,0.9694448387112476,-0.5931541912197733,0.8528301743088936,21.40546616343864,-0.06507000039033005,-0.8810796586161964,0.47224456958970235
12,3,0.2,none,2.0,3,T3_illiquid,2486,38.9195494770716,3.5974386069377715,-7.958224713584768,13.893562529945536,-30.94384332475083,1.014230064686024,-2.2589005627068106,0.9058546661952154,44.837405854696364,-0.07884301259418858,-0.9996242543791994,0.32220434432823813
12,3,0.3,demean,2.0,3,T1_liquid,2486,59.05711987127916,0.4256830308695287,-2.423265353162302,1.345105163185143,-7.663905836915611,0.09819267691251543,-0.5594651260948397,0.686206204833808,9.009011000100754,-0.029265212626140288,-0.8733564694600456,0.4593724859211585
12,3,0.3,demean,2.0,3,T2_mid,2486,58.71520514883347,3.3637674517689256,-3.044666699768874,9.849418461897724,-8.932919600671092,0.7190075477185338,-0.6521031308489897,0.7455134026555552,18.78233806256881,-0.06507000039033005,-0.8983068902432347,0.4473049074818986
12,3,0.3,demean,2.0,3,T3_illiquid,2486,58.50603378921963,3.373477508268346,-9.461805475673994,10.076248817212834,-28.50030787842014,0.7355661636565368,-2.0805224751246705,0.7789051428147303,38.57655669563298,-0.07884301259418858,-0.999259816965432,0.29565567176186647
12,3,0.3,none,2.0,3,T1_liquid,2486,59.05711987127916,0.4256830308695287,-2.423265353162302,1.345105163185143,-7.663905836915611,0.09819267691251543,-0.5594651260948397,0.686206204833808,9.009011000100754,-0.029265212626140288,-0.8733564694600456,0.4593724859211585
12,3,0.3,none,2.0,3,T2_mid,2486,58.71520514883347,3.3637674517689256,-3.044666699768874,9.849418461897724,-8.932919600671092,0.7190075477185338,-0.6521031308489897,0.7455134026555552,18.78233806256881,-0.06507000039033005,-0.8983068902432347,0.4473049074818986
12,3,0.3,none,2.0,3,T3_illiquid,2486,58.50603378921963,3.373477508268346,-9.461805475673994,10.076248817212834,-28.50030787842014,0.7355661636565368,-2.0805224751246705,0.7789051428147303,38.57655669563298,-0.07884301259418858,-0.999259816965432,0.29565567176186647
12,6,0.1,demean,2.0,6,T1_liquid,1243,19.050683829444893,0.1637365767209567,-1.0585017561335628,2.2145516658429636,-14.32270032191184,0.08083113580326816,-0.5227785617497822,1.2641726133882207,16.537251987754804,-0.033251548372839446,-0.8992342302022502,0.4650040225261464
12,6,0.1,demean,2.0,6,T2_mid,1243,18.98793242156074,3.5475854584259334,0.7846581450024501,43.31318781395381,9.582259536233508,1.5809313552093143,0.34975247307252305,1.350115422701907,33.73092827772032,-0.08060020410560527,-0.49815543519004235,0.5454545454545454
12,6,0.1,demean,2.0,6,T3_illiquid,1243,18.942880128720837,4.1995774581688785,-1.6161007448224236,49.752858886479395,-19.156353989899607,1.815979349356498,-0.6992069206313357,1.399816374293446,68.909212876379,-0.10246891923823896,-0.9486958492245584,0.4416733708769107
12,6,0.1,none,2.0,6,T1_liquid,1243,19.050683829444893,0.1637365767209567,-1.0585017561335628,2.2145516658429636,-14.32270032191184,0.08083113580326816,-0.5227785617497822,1.2641726133882207,16.537251987754804,-0.033251548372839446,-0.8992342302022502,0.4650040225261464
12,6,0.1,none,2.0,6,T2_mid,1243,18.98793242156074,3.5475854584259334,0.7846581450024501,43.31318781395381,9.582259536233508,1.5809313552093143,0.34975247307252305,1.350115422701907,33.73092827772032,-0.08060020410560527,-0.49815543519004235,0.5454545454545454
12,6,0.1,none,2.0,6,T3_illiquid,1243,18.942880128720837,4.1995774581688785,-1.6161007448224236,49.752858886479395,-19.156353989899607,1.815979349356498,-0.6992069206313357,1.399816374293446,68.909212876379,-0.10246891923823896,-0.9486958492245584,0.4416733708769107
12,6,0.2,demean,2.0,6,T1_liquid,1243,39.17135961383749,0.3233008063479751,-1.3971812656051323,2.736117217714655,-11.8252518004599,0.09986827844658491,-0.43162169071678635,1.1097099712761498,14.561369018174558,-0.033251548372839446,-0.8188036381783852,0.46983105390185037
12,6,0.2,demean,2.0,6,T2_mid,1243,39.02654867256637,3.204198907240071,-0.5950907953919681,25.194899463610103,-4.67651057578759,0.9196138304217687,-0.17069263601624704,1.1888986572942388,29.871410039397695,-0.08060020410560527,-0.6014101969592022,0.505229283990346
12,6,0.2,demean,2.0,6,T3_illiquid,1243,38.921962992759454,4.028821602240471,-3.1442841541861317,34.088126451712355,-26.590110801642993,1.244216615487501,-0.9705390442599693,1.2285376480673944,60.67823725335535,-0.10246891923823896,-0.9758034459867809,0.38616251005631536
12,6,0.2,none,2.0,6,T1_liquid,1243,39.17135961383749,0.3233008063479751,-1.3971812656051323,2.736117217714655,-11.8252518004599,0.09986827844658491,-0.43162169071678635,1.1097099712761498,14.561369018174558,-0.033251548372839446,-0.8188036381783852,0.46983105390185037
12,6,0.2,none,2.0,6,T2_mid,1243,39.02654867256637,3.204198907240071,-0.5950907953919681,25.194899463610103,-4.67651057578759,0.9196138304217687,-0.17069263601624704,1.1888986572942388,29.871410039397695,-0.08060020410560527,-0.6014101969592022,0.505229283990346
12,6,0.2,none,2.0,6,T3_illiquid,1243,38.921962992759454,4.028821602240471,-3.1442841541861317,34.088126451712355,-26.590110801642993,1.244216615487501,-0.9705390442599693,1.2285376480673944,60.67823725335535,-0.10246891923823896,-0.9758034459867809,0.38616251005631536
12,6,0.3,demean,2.0,6,T1_liquid,1243,59.05872888173773,0.6361000336800889,-1.3706365438498653,4.093265764239638,-8.816851956055652,0.1494042003947468,-0.32181509639603134,0.9813166096231254,12.91011772029529,-0.033251548372839446,-0.715669154740227,0.46178600160901045
12,6,0.3,demean,2.0,6,T2_mid,1243,58.72727272727273,2.9360793499921747,-1.3541003325293748,18.099063526942558,-8.336349951305534,0.6606158187334035,-0.30427677322265195,1.0475009957283055,26.435413478248094,-0.08060020410560527,-0.6761886653692641,0.47063555913113436
12,6,0.3,demean,2.0,6,T3_illiquid,1243,58.511665325824616,4.012624932119245,-4.5088259279649385,25.043778743196935,-28.082653703488674,0.9140979241266881,-1.0250168601773366,1.074829628803192,53.126432446685605,-0.10246891923823896,-0.9731619047789408,0.35478680611423974
12,6,0.3,none,2.0,6,T1_liquid,1243,59.05872888173773,0.6361000336800889,-1.3706365438498653,4.093265764239638,-8.816851956055652,0.1494042003947468,-0.32181509639603134,0.9813166096231254,12.91011772029529,-0.033251548372839446,-0.715669154740227,0.46178600160901045
12,6,0.3,none,2.0,6,T2_mid,1243,58.72727272727273,2.9360793499921747,-1.3541003325293748,18.099063526942558,-8.336349951305534,0.6606158187334035,-0.30427677322265195,1.0475009957283055,26.435413478248094,-0.08060020410560527,-0.6761886653692641,0.47063555913113436
12,6,0.3,none,2.0,6,T3_illiquid,1243,58.511665325824616,4.012624932119245,-4.5088259279649385,25.043778743196935,-28.082653703488674,0.9140979241266881,-1.0250168601773366,1.074829628803192,53.126432446685605,-0.10246891923823896,-0.9731619047789408,0.35478680611423974
12,12,0.1,demean,2.0,12,T1_liquid,622,19.04823151125402,-0.5662670160313318,-1.4789996383114694,-13.70657229943534,-35.79606269025211,-0.25014494446469493,-0.6532781440971009,1.686399189413659,22.089490390816756,-0.025667569951209408,-0.9290189182152038,0.44855305466237944
12,12,0.1,demean,2.0,12,T2_mid,622,18.990353697749196,2.7028985487638315,0.824515385215184,64.21809267386648,19.589494479010252,1.1719801912980632,0.3575082742419371,1.7847279060703498,44.62859819485623,-0.07432586622969645,-0.3706883918846714,0.5192926045016077
12,12,0.1,demean,2.0,12,T3_illiquid,622,18.94855305466238,2.947028644964611,-0.8885080676639612,68.10806817474499,-20.523408193206457,1.242972244189096,-0.37455219952601787,1.8066438964750862,88.63147636795146,-0.08742285724928102,-0.8109764699784708,0.43890675241157556
12,12,0.1,none,2.0,12,T1_liquid,622,19.04823151125402,-0.5662670160313318,-1.4789996383114694,-13.70657229943534,-35.79606269025211,-0.25014494446469493,-0.6532781440971009,1.686399189413659,22.089490390816756,-0.025667569951209408,-0.9290189182152038,0.44855305466237944
12,12,0.1,none,2.0,12,T2_mid,622,18.990353697749196,2.7028985487638315,0.824515385215184,64.21809267386648,19.589494479010252,1.1719801912980632,0.3575082742419371,1.7847279060703498,44.62859819485623,-0.07432586622969645,-0.3706883918846714,0.5192926045016077
12,12,0.1,none,2.0,12,T3_illiquid,622,18.94855305466238,2.947028644964611,-0.8885080676639612,68.10806817474499,-20.523408193206457,1.242972244189096,-0.37455219952601787,1.8066438964750862,88.63147636795146,-0.08742285724928102,-0.8109764699784708,0.43890675241157556
12,12,0.2,demean,2.0,12,T1_liquid,622,39.167202572347264,-0.20429077861102768,-1.5025999989459802,-3.2002144825156362,-23.54150783105132,-0.05840391430591036,-0.4296325179166866,1.547105555923805,20.341293348535686,-0.025667569951209408,-0.8118083370873532,0.4565916398713826
12,12,0.2,demean,2.0,12,T2_mid,622,39.032154340836016,2.5938515540066747,-0.11182753994066935,39.44658290586656,-1.7001066079030334,0.7199001380320648,-0.03102694559423036,1.6348500978414957,41.1466895137696,-0.07432586622969645,-0.5685269152539089,0.45016077170418006
12,12,0.2,demean,2.0,12,T3_illiquid,622,38.91961414790997,2.349678057011598,-2.4909872299222173,39.92568527245485,-42.35864917311263,0.728643756222301,-0.7730453474093055,1.6707517602049768,82.28433444556748,-0.08742285724928102,-0.9472074080300871,0.35852090032154343
12,12,0.2,none,2.0,12,T1_liquid,622,39.167202572347264,-0.20429077861102768,-1.5025999989459802,-3.2002144825156362,-23.54150783105132,-0.05840391430591036,-0.4296325179166866,1.547105555923805,20.341293348535686,-0.025667569951209408,-0.8118083370873532,0.4565916398713826
12,12,0.2,none,2.0,12,T2_mid,622,39.032154340836016,2.5938515540066747,-0.11182753994066935,39.44658290586656,-1.7001066079030334,0.7199001380320648,-0.03102694559423036,1.6348500978414957,41.1466895137696,-0.07432586622969645,-0.5685269152539089,0.45016077170418006
12,12,0.2,none,2.0,12,T3_illiquid,622,38.91961414790997,2.349678057011598,-2.4909872299222173,39.92568527245485,-42.35864917311263,0.728643756222301,-0.7730453474093055,1.6707517602049768,82.28433444556748,-0.08742285724928102,-0.9472074080300871,0.35852090032154343
12,12,0.3,demean,2.0,12,T1_liquid,622,59.054662379421224,-0.042130816105108465,-1.533519988295369,-0.5244564054178759,-19.09446359190679,-0.009571329398876236,-0.34847396055229896,1.4083442391531467,18.570007186488915,-0.025667569951209408,-0.7361563358134883,0.4517684887459807
12,12,0.3,demean,2.0,12,T2_mid,622,58.72668810289389,2.436581737879016,-0.8343093473522748,28.15545112267148,-9.636939402841,0.5138369829887545,-0.17587414410184823,1.4933522380655675,37.79239052551248,-0.07432586622969645,-0.5986708610539405,0.44855305466237944
12,12,0.3,demean,2.0,12,T3_illiquid,622,58.51768488745981,2.1925741032524675,-3.5243137207069783,28.614990730481704,-46.01614983045145,0.5222235808312911,-0.8397947344057389,1.5139286529917155,74.63114056093315,-0.08742285724928102,-0.9495100896270907,0.3135048231511254
12,12,0.3,none,2.0,12,T1_liquid,622,59.054662379421224,-0.042130816105108465,-1.533519988295369,-0.5244564054178759,-19.09446359190679,-0.009571329398876236,-0.34847396055229896,1.4083442391531467,18.570007186488915,-0.025667569951209408,-0.7361563358134883,0.4517684887459807
12,12,0.3,none,2.0,12,T2_mid,622,58.72668810289389,2.436581737879016,-0.8343093473522748,28.15545112267148,-9.636939402841,0.5138369829887545,-0.17587414410184823,1.4933522380655675,37.79239052551248,-0.07432586622969645,-0.5986708610539405,0.44855305466237944
12,12,0.3,none,2.0,12,T3_illiquid,622,58.51768488745981,2.1925741032524675,-3.5243137207069783,28.614990730481704,-46.01614983045145,0.5222235808312911,-0.8397947344057389,1.5139286529917155,74.63114056093315,-0.08742285724928102,-0.9495100896270907,0.3135048231511254
12,24,0.1,demean,2.0,24,T1_liquid,311,19.05466237942122,0.016197353060491113,-0.42514458206859507,0.8303910215948132,-21.791700008132874,0.00757731807205267,-0.19884926257421248,1.718300019023492,22.622091029727684,-0.0231658820417878,-0.688265417243421,0.48231511254019294
12,24,0.1,demean,2.0,24,T2_mid,311,18.9967845659164,1.512755368469116,0.4851821793948172,65.59850223103369,21.04763625617253,0.5985863328581824,0.19205968083757435,1.7812218417523884,44.55086597486114,-0.06567618741050393,-0.6459149251468577,0.5080385852090032
12,24,0.1,demean,2.0,24,T3_illiquid,311,18.964630225080384,1.5755282334446008,-0.31445497170764763,72.56204740264099,-14.476111807744896,0.662128682549099,-0.13209452024567217,1.791510998826111,87.0381592103859,-0.08237871007539688,-0.6760365912238034,0.4630225080385852
12,24,0.1,none,2.0,24,T1_liquid,311,19.05466237942122,0.016197353060491113,-0.42514458206859507,0.8303910215948132,-21.791700008132874,0.00757731807205267,-0.19884926257421248,1.718300019023492,22.622091029727684,-0.0231658820417878,-0.688265417243421,0.48231511254019294
12,24,0.1,none,2.0,24,T2_mid,311,18.9967845659164,1.512755368469116,0.4851821793948172,65.59850223103369,21.04763625617253,0.5985863328581824,0.19205968083757435,1.7812218417523884,44.55086597486114,-0.06567618741050393,-0.6459149251468577,0.5080385852090032
12,24,0.1,none,2.0,24,T3_illiquid,311,18.964630225080384,1.5755282334446008,-0.31445497170764763,72.56204740264099,-14.476111807744896,0.662128682549099,-0.13209452024567217,1.791510998826111,87.0381592103859,-0.08237871007539688,-0.6760365912238034,0.4630225080385852
12,24,0.2,demean,2.0,24,T1_liquid,311,39.18327974276527,-0.10643513688488684,-0.7706377888233419,-3.3287217750621374,-24.083717854867146,-0.030374586197442002,-0.2197639254256627,1.565584582084534,20.75499607980501,-0.0231658820417878,-0.5684869573404125,0.4790996784565916
12,24,0.2,demean,2.0,24,T2_mid,311,39.035369774919616,1.0828629454380843,-0.21796439990991073,34.316985891043736,-6.914627081776703,0.3131424962557741,-0.06309597212121242,1.6277347071820258,41.231612972820436,-0.06567618741050393,-0.5701429747520728,0.47266881028938906
12,24,0.2,demean,2.0,24,T3_illiquid,311,38.945337620578776,2.051278769730715,-0.5336727264904841,62.725763322350964,-16.290739413768463,0.5723725903164526,-0.14865299715063723,1.6212441865180665,79.0165027361194,-0.08237871007539688,-0.6640213687830276,0.43729903536977494
12,24,0.2,none,2.0,24,T1_liquid,311,39.18327974276527,-0.10643513688488684,-0.7706377888233419,-3.3287217750621374,-24.083717854867146,-0.030374586197442002,-0.2197639254256627,1.565584582084534,20.75499607980501,-0.0231658820417878,-0.5684869573404125,0.4790996784565916
12,24,0.2,none,2.0,24,T2_mid,311,39.035369774919616,1.0828629454380843,-0.21796439990991073,34.316985891043736,-6.914627081776703,0.3131424962557741,-0.06309597212121242,1.6277347071820258,41.231612972820436,-0.06567618741050393,-0.5701429747520728,0.47266881028938906
12,24,0.2,none,2.0,24,T3_illiquid,311,38.945337620578776,2.051278769730715,-0.5336727264904841,62.725763322350964,-16.290739413768463,0.5723725903164526,-0.14865299715063723,1.6212441865180665,79.0165027361194,-0.08237871007539688,-0.6640213687830276,0.43729903536977494
12,24,0.3,demean,2.0,24,T1_liquid,311,59.067524115755624,-0.021142861564475954,-0.7657880723112929,-0.5365417085673683,-19.41315292738974,-0.0048959430906772355,-0.17714502046243139,1.4168460539873546,18.876611218822372,-0.0231658820417878,-0.487643363578216,0.4758842443729904
12,24,0.3,demean,2.0,24,T2_mid,311,58.752411575562704,0.8487709579477694,-0.740695180717971,20.0802470324717,-17.543083455222025,0.18323225417130426,-0.160080636528901,1.4730998863607505,37.623330487693735,-0.06567618741050393,-0.5164311995115609,0.4565916398713826
12,24,0.3,demean,2.0,24,T3_illiquid,311,58.559485530546624,1.5650244983410468,-1.1145784484654837,41.437839937844004,-29.465687274975107,0.3781202894328265,-0.26887439638414784,1.4541593690243255,70.90352721281911,-0.08237871007539688,-0.6479276259716379,0.35691318327974275
12,24,0.3,none,2.0,24,T1_liquid,311,59.067524115755624,-0.021142861564475954,-0.7657880723112929,-0.5365417085673683,-19.41315292738974,-0.0048959430906772355,-0.17714502046243139,1.4168460539873546,18.876611218822372,-0.0231658820417878,-0.487643363578216,0.4758842443729904
12,24,0.3,none,2.0,24,T2_mid,311,58.752411575562704,0.8487709579477694,-0.740695180717971,20.0802470324717,-17.543083455222025,0.18323225417130426,-0.160080636528901,1.4730998863607505,37.623330487693735,-0.06567618741050393,-0.5164311995115609,0.4565916398713826
12,24,0.3,none,2.0,24,T3_illiquid,311,58.559485530546624,1.5650244983410468,-1.1145784484654837,41.437839937844004,-29.465687274975107,0.3781202894328265,-0.26887439638414784,1.4541593690243255,70.90352721281911,-0.08237871007539688,-0.6479276259716379,0.35691318327974275
24,3,0.1,demean,2.0,3,T1_liquid,2486,19.045856798069188,-0.18873380013981747,-1.497848745528432,-1.252265256385115,-9.944300175743043,-0.0914153637161134,-0.7259339128292421,0.6642165390254691,8.692034919357928,-0.03318026170210474,-0.9539135622421118,0.48069187449718426
24,3,0.1,demean,2.0,3,T2_mid,2486,18.983105390185035,3.632836424535372,0.3772411252327246,21.068447649657926,2.188563748585368,1.5379966784250285,0.15976515364673188,0.7565671076934151,18.87988390107256,-0.07148685794040366,-0.5563875924584379,0.5370072405470635
24,3,0.1,demean,2.0,3,T3_illiquid,2486,18.942880128720837,3.8720743682320777,-3.8859058061600016,20.420759294335838,-20.5370956892432,1.4907154284865163,-1.4992079853147535,0.8323270052554043,40.95785498357904,-0.07788936449745719,-0.9961543711394779,0.416331456154465
24,3,0.1,none,2.0,3,T1_liquid,2486,19.045856798069188,-0.18873380013981747,-1.497848745528432,-1.252265256385115,-9.944300175743043,-0.0914153637161134,-0.7259339128292421,0.6642165390254691,8.692034919357928,-0.03318026170210474,-0.9539135622421118,0.48069187449718426
24,3,0.1,none,2.0,3,T2_mid,2486,18.983105390185035,3.632836424535372,0.3772411252327246,21.068447649657926,2.188563748585368,1.5379966784250285,0.15976515364673188,0.7565671076934151,18.87988390107256,-0.07148685794040366,-0.5563875924584379,0.5370072405470635
24,3,0.1,none,2.0,3,T3_illiquid,2486,18.942880128720837,3.8720743682320777,-3.8859058061600016,20.420759294335838,-20.5370956892432,1.4907154284865163,-1.4992079853147535,0.8323270052554043,40.95785498357904,-0.07788936449745719,-0.9961543711394779,0.416331456154465
24,3,0.2,demean,2.0,3,T1_liquid,2486,39.16492357200322,-0.12189131937267508,-1.8924117642108862,-0.5109097963863443,-7.936991450023578,-0.037296415136203125,-0.5794003758517212,0.565334109590388,7.426081653637234,-0.03318026170210474,-0.8974513680690275,0.4790828640386163
24,3,0.2,demean,2.0,3,T2_mid,2486,39.02413515687852,3.587245393782963,-0.6692689707394122,13.54973480135041,-2.533508709891452,0.98913064049858,-0.18494613582207603,0.6399719874077684,16.083243511241864,-0.07148685794040366,-0.5919617864784776,0.49557522123893805
24,3,0.2,demean,2.0,3,T3_illiquid,2486,38.9195494770716,4.060724866275689,-5.233704074946286,14.935551264124536,-19.261799159526127,1.0902952422810912,-1.4061113386454074,0.6929632752728669,34.19735042365067,-0.07788936449745719,-0.9935760213604429,0.37489943684633953
24,3,0.2,none,2.0,3,T1_liquid,2486,39.16492357200322,-0.12189131937267508,-1.8924117642108862,-0.5109097963863443,-7.936991450023578,-0.037296415136203125,-0.5794003758517212,0.565334109590388,7.426081653637234,-0.03318026170210474,-0.8974513680690275,0.4790828640386163
24,3,0.2,none,2.0,3,T2_mid,2486,39.02413515687852,3.587245393782963,-0.6692689707394122,13.54973480135041,-2.533508709891452,0.98913064049858,-0.18494613582207603,0.6399719874077684,16.083243511241864,-0.07148685794040366,-0.5919617864784776,0.49557522123893805
24,3,0.2,none,2.0,3,T3_illiquid,2486,38.9195494770716,4.060724866275689,-5.233704074946286,14.935551264124536,-19.261799159526127,1.0902952422810912,-1.4061113386454074,0.6929632752728669,34.19735042365067,-0.07788936449745719,-0.9935760213604429,0.37489943684633953
24,3,0.3,demean,2.0,3,T1_liquid,2486,59.05711987127916,-0.4343306144642197,-2.432803800394257,-1.3940956381092862,-7.808982829794613,-0.10176898158197789,-0.5700557465750068,0.4870719622037688,6.414887191685327,-0.03318026170210474,-0.8821687885269766,0.46983105390185037
24,3,0.3,demean,2.0,3,T2_mid,2486,58.71198712791633,3.143175574096031,-1.5290950523769296,9.396857714742499,-4.580722360499118,0.6859706131762024,-0.3343927323164356,0.5531616836457556,13.977580075241619,-0.07148685794040366,-0.7377692669004652,0.47948511665325827
24,3,0.3,demean,2.0,3,T3_illiquid,2486,58.50603378921963,4.273792213863292,-5.801532804486356,12.378312610019295,-16.891363360779465,0.9036168205314086,-1.233069525336901,0.592806390048367,29.269675970798758,-0.07788936449745719,-0.9880460297104522,0.36283185840707965
24,3,0.3,none,2.0,3,T1_liquid,2486,59.05711987127916,-0.4343306144642197,-2.432803800394257,-1.3940956381092862,-7.808982829794613,-0.10176898158197789,-0.5700557465750068,0.4870719622037688,6.414887191685327,-0.03318026170210474,-0.8821687885269766,0.46983105390185037
24,3,0.3,none,2.0,3,T2_mid,2486,58.71198712791633,3.143175574096031,-1.5290950523769296,9.396857714742499,-4.580722360499118,0.6859706131762024,-0.3343927323164356,0.5531616836457556,13.977580075241619,-0.07148685794040366,-0.7377692669004652,0.47948511665325827
24,3,0.3,none,2.0,3,T3_illiquid,2486,58.50603378921963,4.273792213863292,-5.801532804486356,12.378312610019295,-16.891363360779465,0.9036168205314086,-1.233069525336901,0.592806390048367,29.269675970798758,-0.07788936449745719,-0.9880460297104522,0.36283185840707965
24,6,0.1,demean,2.0,6,T1_liquid,1243,19.050683829444893,0.012979202932603604,-0.8706005870588454,0.18044628507229502,-12.107261559956546,0.006586289405138768,-0.44191504693841394,0.937550078418944,12.287707845028843,-0.039418897160343816,-0.891916548149502,0.504424778761062
24,6,0.1,demean,2.0,6,T2_mid,1243,18.98793242156074,2.812578377684969,0.6654611031797222,34.30817245237394,8.118578112236566,1.2522482945116487,0.29632810109663466,1.0495852386640803,26.189594340137383,-0.09091768224726068,-0.622626421317962,0.5655671761866452
24,6,0.1,demean,2.0,6,T3_illiquid,1243,18.942880128720837,3.829791890714279,-1.1281684838214465,42.2305575348691,-12.436913346801303,1.5414153500227221,-0.45394733715824753,1.1144135586412336,54.6674708816704,-0.09978141568264856,-0.9040956011304275,0.4666130329847144
24,6,0.1,none,2.0,6,T1_liquid,1243,19.050683829444893,0.012979202932603604,-0.8706005870588454,0.18044628507229502,-12.107261559956546,0.006586289405138768,-0.44191504693841394,0.937550078418944,12.287707845028843,-0.039418897160343816,-0.891916548149502,0.504424778761062
24,6,0.1,none,2.0,6,T2_mid,1243,18.98793242156074,2.812578377684969,0.6654611031797222,34.30817245237394,8.118578112236566,1.2522482945116487,0.29632810109663466,1.0495852386640803,26.189594340137383,-0.09091768224726068,-0.622626421317962,0.5655671761866452
24,6,0.1,none,2.0,6,T3_illiquid,1243,18.942880128720837,3.829791890714279,-1.1281684838214465,42.2305575348691,-12.436913346801303,1.5414153500227221,-0.45394733715824753,1.1144135586412336,54.6674708816704,-0.09978141568264856,-0.9040956011304275,0.4666130329847144
24,6,0.2,demean,2.0,6,T1_liquid,1243,39.17135961383749,-0.2548053904522958,-1.449010253836695,-2.2656352548954675,-12.884261127039665,-0.08269568680368457,-0.47027553113694776,0.8068448313126352,10.618625872144195,-0.039418897160343816,-0.8497617323802975,0.47385358004827033
24,6,0.2,demean,2.0,6,T2_mid,1243,39.02654867256637,3.205621799082922,0.29997531179660897,24.9776852162615,2.3373226006788683,0.9116855103935447,0.08531227492477869,0.8998217034372518,22.640362615582628,-0.09091768224726068,-0.4832153436488561,0.5333869670152857
24,6,0.2,demean,2.0,6,T3_illiquid,1243,38.921962992759454,4.187160524671168,-1.923174800178797,31.73395458770553,-14.541497858018115,1.158289342451252,-0.5307646718176612,0.9404929611921351,46.275452445723644,-0.09978141568264856,-0.8955227772673762,0.43925985518905875
24,6,0.2,none,2.0,6,T1_liquid,1243,39.17135961383749,-0.2548053904522958,-1.449010253836695,-2.2656352548954675,-12.884261127039665,-0.08269568680368457,-0.47027553113694776,0.8068448313126352,10.618625872144195,-0.039418897160343816,-0.8497617323802975,0.47385358004827033
24,6,0.2,none,2.0,6,T2_mid,1243,39.02654867256637,3.205621799082922,0.29997531179660897,24.9776852162615,2.3373226006788683,0.9116855103935447,0.08531227492477869,0.8998217034372518,22.640362615582628,-0.09091768224726068,-0.4832153436488561,0.5333869670152857
24,6,0.2,none,2.0,6,T3_illiquid,1243,38.921962992759454,4.187160524671168,-1.923174800178797,31.73395458770553,-14.541497858018115,1.158289342451252,-0.5307646718176612,0.9404929611921351,46.275452445723644,-0.09978141568264856,-0.8955227772673762,0.43925985518905875
24,6,0.3,demean,2.0,6,T1_liquid,1243,59.05872888173773,-0.29495243385373604,-1.658045677284351,-2.007263723864714,-11.283727935640004,-0.07326512592106206,-0.41185606965086013,0.7020164874768161,9.27646421177529,-0.039418897160343816,-0.7990311331186317,0.4658085277554304
24,6,0.3,demean,2.0,6,T2_mid,1243,58.72405470635559,2.8771903963221224,-0.3211723176386356,17.811742741607087,-1.9887543251059645,0.6501286100686587,-0.07258953286636771,0.7821757202070481,19.800497066713053,-0.09091768224726068,-0.46647855363143476,0.5116653258246179
24,6,0.3,demean,2.0,6,T3_illiquid,1243,58.511665325824616,4.405328559250293,-2.1416038913740043,26.996817873314516,-13.166585714221686,0.9853838523759798,-0.4805803785690915,0.8155489515463913,40.1634035875362,-0.09978141568264856,-0.8610260457344041,0.41995172968624295
24,6,0.3,none,2.0,6,T1_liquid,1243,59.05872888173773,-0.29495243385373604,-1.658045677284351,-2.007263723864714,-11.283727935640004,-0.07326512592106206,-0.41185606965086013,0.7020164874768161,9.27646421177529,-0.039418897160343816,-0.7990311331186317,0.4658085277554304
24,6,0.3,none,2.0,6,T2_mid,1243,58.72405470635559,2.8771903963221224,-0.3211723176386356,17.811742741607087,-1.9887543251059645,0.6501286100686587,-0.07258953286636771,0.7821757202070481,19.800497066713053,-0.09091768224726068,-0.46647855363143476,0.5116653258246179
24,6,0.3,none,2.0,6,T3_illiquid,1243,58.511665325824616,4.405328559250293,-2.1416038913740043,26.996817873314516,-13.166585714221686,0.9853838523759798,-0.4805803785690915,0.8155489515463913,40.1634035875362,-0.09978141568264856,-0.8610260457344041,0.41995172968624295
24,12,0.1,demean,2.0,12,T1_liquid,622,19.04823151125402,-0.6842450247325366,-1.3449983659543907,-17.363376997366274,-34.135954112105765,-0.3168816302019345,-0.6229811625459303,1.2776828343146671,16.772577114739494,-0.03419351351181528,-0.9268818941272172,0.4807073954983923
24,12,0.1,demean,2.0,12,T2_mid,622,18.990353697749196,1.263504805075356,-0.21286996530310673,29.89553520950494,-5.038478822640118,0.5455935175734652,-0.09195223851318216,1.4002474213889005,34.934014032145065,-0.08635053864326567,-0.6823453322745565,0.5434083601286174
24,12,0.1,demean,2.0,12,T3_illiquid,622,18.94855305466238,2.740042593652983,-0.56821217410199,58.11055162170479,-12.044261814680198,1.0605175670961124,-0.21980777811791363,1.4366038659447018,70.15481343638497,-0.08992880033492219,-0.7998413386710912,0.47106109324758844
24,12,0.1,none,2.0,12,T1_liquid,622,19.04823151125402,-0.6842450247325366,-1.3449983659543907,-17.363376997366274,-34.135954112105765,-0.3168816302019345,-0.6229811625459303,1.2776828343146671,16.772577114739494,-0.03419351351181528,-0.9268818941272172,0.4807073954983923
24,12,0.1,none,2.0,12,T2_mid,622,18.990353697749196,1.263504805075356,-0.21286996530310673,29.89553520950494,-5.038478822640118,0.5455935175734652,-0.09195223851318216,1.4002474213889005,34.934014032145065,-0.08635053864326567,-0.6823453322745565,0.5434083601286174
24,12,0.1,none,2.0,12,T3_illiquid,622,18.94855305466238,2.740042593652983,-0.56821217410199,58.11055162170479,-12.044261814680198,1.0605175670961124,-0.21980777811791363,1.4366038659447018,70.15481343638497,-0.08992880033492219,-0.7998413386710912,0.47106109324758844
24,12,0.2,demean,2.0,12,T1_liquid,622,39.167202572347264,-0.8041340349448368,-1.6851202932194749,-13.514214350048388,-28.337173611480658,-0.2466344118883831,-0.517153418409522,1.1232404184087346,14.822959261432265,-0.03419351351181528,-0.8622396050483803,0.454983922829582
24,12,0.2,demean,2.0,12,T2_mid,622,39.032154340836016,1.6610947643917142,-0.2935114610732613,26.369954324435167,-4.662850003131386,0.4812516664209418,-0.0850970125571478,1.2298044278039904,31.032804327566552,-0.08635053864326567,-0.5288954948067421,0.5112540192926045
24,12,0.2,demean,2.0,12,T3_illiquid,622,38.91961414790997,2.4693344850967054,-1.2852643729392872,40.385260050149405,-21.02908166381417,0.7370309959152266,-0.38378074036460863,1.2529712476442776,61.414341713963566,-0.08992880033492219,-0.7988009975485494,0.4228295819935691
24,12,0.2,none,2.0,12,T1_liquid,622,39.167202572347264,-0.8041340349448368,-1.6851202932194749,-13.514214350048388,-28.337173611480658,-0.2466344118883831,-0.517153418409522,1.1232404184087346,14.822959261432265,-0.03419351351181528,-0.8622396050483803,0.454983922829582
24,12,0.2,none,2.0,12,T2_mid,622,39.032154340836016,1.6610947643917142,-0.2935114610732613,26.369954324435167,-4.662850003131386,0.4812516664209418,-0.0850970125571478,1.2298044278039904,31.032804327566552,-0.08635053864326567,-0.5288954948067421,0.5112540192926045
24,12,0.2,none,2.0,12,T3_illiquid,622,38.91961414790997,2.4693344850967054,-1.2852643729392872,40.385260050149405,-21.02908166381417,0.7370309959152266,-0.38378074036460863,1.2529712476442776,61.414341713963566,-0.08992880033492219,-0.7988009975485494,0.4228295819935691
24,12,0.3,demean,2.0,12,T1_liquid,622,59.054662379421224,-0.9351328750330784,-1.973090548794283,-11.864398633272813,-25.04613561785783,-0.21652527505722882,-0.4570919750259054,0.9942336135047459,13.181736984585019,-0.03419351351181528,-0.8165124503497889,0.42765273311897106
24,12,0.3,demean,2.0,12,T2_mid,622,58.72347266881029,1.906149358046372,-0.44602098562902825,22.472404393164997,-5.266070486802027,0.4101213801752612,-0.09610578638413698,1.0912978616555675,27.738474879967022,-0.08635053864326567,-0.4708533105080167,0.4983922829581994
24,12,0.3,demean,2.0,12,T3_illiquid,622,58.51768488745981,2.924346341364983,-1.3283930500643926,37.096172214351135,-16.8997503007903,0.6770051429119083,-0.30842044298942295,1.1008674443605535,53.995922515141444,-0.08992880033492219,-0.7011326399905251,0.4228295819935691
24,12,0.3,none,2.0,12,T1_liquid,622,59.054662379421224,-0.9351328750330784,-1.973090548794283,-11.864398633272813,-25.04613561785783,-0.21652527505722882,-0.4570919750259054,0.9942336135047459,13.181736984585019,-0.03419351351181528,-0.8165124503497889,0.42765273311897106
24,12,0.3,none,2.0,12,T2_mid,622,58.72347266881029,1.906149358046372,-0.44602098562902825,22.472404393164997,-5.266070486802027,0.4101213801752612,-0.09610578638413698,1.0912978616555675,27.738474879967022,-0.08635053864326567,-0.4708533105080167,0.4983922829581994
24,12,0.3,none,2.0,12,T3_illiquid,622,58.51768488745981,2.924346341364983,-1.3283930500643926,37.096172214351135,-16.8997503007903,0.6770051429119083,-0.30842044298942295,1.1008674443605535,53.995922515141444,-0.08992880033492219,-0.7011326399905251,0.4228295819935691
24,24,0.1,demean,2.0,24,T1_liquid,311,19.05466237942122,-0.3814810285936678,-0.8278175331076204,-19.303919619837288,-41.88881496743361,-0.17614826653101523,-0.3822354365778317,1.7128884156215347,22.584895347596312,-0.03536658438798585,-0.8413958209321445,0.4758842443729904
24,24,0.1,demean,2.0,24,T2_mid,311,18.9967845659164,0.49659571564740557,-0.502155114872883,22.38971204522426,-22.657314838217417,0.20430612241267138,-0.20674799789873394,1.8049335801747377,45.047026883441674,-0.07561322621414604,-0.7088743660099383,0.4790996784565916
24,24,0.1,demean,2.0,24,T3_illiquid,311,18.964630225080384,1.0897478188172525,-1.1624478061603059,42.60483964327882,-45.41611821272727,0.38876916174491927,-0.41442207869113634,1.8140041898080483,88.02095785600608,-0.07955661521869974,-0.7960134920998896,0.44694533762057875
24,24,0.1,none,2.0,24,T1_liquid,311,19.05466237942122,-0.3814810285936678,-0.8278175331076204,-19.303919619837288,-41.88881496743361,-0.17614826653101523,-0.3822354365778317,1.7128884156215347,22.584895347596312,-0.03536658438798585,-0.8413958209321445,0.4758842443729904
24,24,0.1,none,2.0,24,T2_mid,311,18.9967845659164,0.49659571564740557,-0.502155114872883,22.38971204522426,-22.657314838217417,0.20430612241267138,-0.20674799789873394,1.8049335801747377,45.047026883441674,-0.07561322621414604,-0.7088743660099383,0.4790996784565916
24,24,0.1,none,2.0,24,T3_illiquid,311,18.964630225080384,1.0897478188172525,-1.1624478061603059,42.60483964327882,-45.41611821272727,0.38876916174491927,-0.41442207869113634,1.8140041898080483,88.02095785600608,-0.07955661521869974,-0.7960134920998896,0.44694533762057875
24,24,0.2,demean,2.0,24,T1_liquid,311,39.18327974276527,-0.4297643901127594,-1.0584566084032068,-14.152522865595625,-34.863379456947584,-0.12914177114856007,-0.3181283375446467,1.5630725586031278,20.710856591351952,-0.03536658438798585,-0.6845244352240194,0.4565916398713826
24,24,0.2,demean,2.0,24,T2_mid,311,39.035369774919616,0.5477625759181421,-0.7309166802553644,18.050284996756826,-24.09202041277764,0.16470885059540605,-0.21983968626659595,1.6659968800970995,42.142305409534465,-0.07561322621414604,-0.6603763706417853,0.4855305466237942
24,24,0.2,demean,2.0,24,T3_illiquid,311,38.945337620578776,1.7441590292914173,-0.829291361064694,55.51003730218292,-26.411365314602545,0.5065290903824192,-0.2410037084957482,1.6795009957345124,81.92140261678547,-0.07955661521869974,-0.6799440449902142,0.4437299035369775
24,24,0.2,none,2.0,24,T1_liquid,311,39.18327974276527,-0.4297643901127594,-1.0584566084032068,-14.152522865595625,-34.863379456947584,-0.12914177114856007,-0.3181283375446467,1.5630725586031278,20.710856591351952,-0.03536658438798585,-0.6845244352240194,0.4565916398713826
24,24,0.2,none,2.0,24,T2_mid,311,39.035369774919616,0.5477625759181421,-0.7309166802553644,18.050284996756826,-24.09202041277764,0.16470885059540605,-0.21983968626659595,1.6659968800970995,42.142305409534465,-0.07561322621414604,-0.6603763706417853,0.4855305466237942
24,24,0.2,none,2.0,24,T3_illiquid,311,38.945337620578776,1.7441590292914173,-0.829291361064694,55.51003730218292,-26.411365314602545,0.5065290903824192,-0.2410037084957482,1.6795009957345124,81.92140261678547,-0.07955661521869974,-0.6799440449902142,0.4437299035369775
24,24,0.3,demean,2.0,24,T1_liquid,311,59.067524115755624,-0.3009266645380269,-1.0337728124171006,-7.791002105266075,-26.78695341929509,-0.07109289421055293,-0.2444309499510677,1.4262107404942217,18.995951314029018,-0.03536658438798585,-0.5722194187546422,0.4694533762057878
24,24,0.3,demean,2.0,24,T2_mid,311,58.752411575562704,0.7510135717866644,-0.8241353950532155,18.496860164662824,-20.304887842417568,0.16878384900254825,-0.1852821015620603,1.5215492771139738,38.80174800708039,-0.07561322621414604,-0.586570491233505,0.4565916398713826
24,24,0.3,demean,2.0,24,T3_illiquid,311,58.559485530546624,1.8145240035213326,-1.3420699154087408,42.709963726356,-31.625957282063233,0.38972841900299854,-0.288586860198827,1.5227801856382168,74.33592100841925,-0.07955661521869974,-0.6647068051944133,0.4212218649517685
24,24,0.3,none,2.0,24,T1_liquid,311,59.067524115755624,-0.3009266645380269,-1.0337728124171006,-7.791002105266075,-26.78695341929509,-0.07109289421055293,-0.2444309499510677,1.4262107404942217,18.995951314029018,-0.03536658438798585,-0.5722194187546422,0.4694533762057878
24,24,0.3,none,2.0,24,T2_mid,311,58.752411575562704,0.7510135717866644,-0.8241353950532155,18.496860164662824,-20.304887842417568,0.16878384900254825,-0.1852821015620603,1.5215492771139738,38.80174800708039,-0.07561322621414604,-0.586570491233505,0.4565916398713826
24,24,0.3,none,2.0,24,T3_illiquid,311,58.559485530546624,1.8145240035213326,-1.3420699154087408,42.709963726356,-31.625957282063233,0.38972841900299854,-0.288586860198827,1.5227801856382168,74.33592100841925,-0.07955661521869974,-0.6647068051944133,0.4212218649517685
3,3,0.1,demean,4.0,3,T1_liquid,2486,19.045856798069188,-1.5243976936532526,-6.01238116128102,-9.117962508971445,-35.98947292400559,-0.6656112631549154,-2.627231523452408,1.671724906228124,26.871510415034145,-0.008252100524747773,-0.9999117936581126,0.4098954143201931
3,3,0.1,demean,4.0,3,T2_mid,2486,18.983105390185035,0.20977340457166055,-11.663564954292658,1.2074261523843466,-67.22385383517077,0.0881421091240573,-4.907341329967466,1.711095569532818,68.43127998755513,-0.031841733661228715,-0.9999999592859266,0.2912308930008045
3,3,0.1,demean,4.0,3,T3_illiquid,2486,18.942880128720837,0.6667085210868418,-27.653966461808764,3.6862662483685535,-154.3347264623265,0.2690974361309044,-11.266435031749834,1.7708401246112426,158.02099271069503,-0.051247279619191094,-1.0,0.08688656476267095
3,3,0.1,none,4.0,3,T1_liquid,2486,19.045856798069188,-1.5243976936532526,-6.01238116128102,-9.117962508971445,-35.98947292400559,-0.6656112631549154,-2.627231523452408,1.671724906228124,26.871510415034145,-0.008252100524747773,-0.9999117936581126,0.4098954143201931
3,3,0.1,none,4.0,3,T2_mid,2486,18.983105390185035,0.20977340457166055,-11.663564954292658,1.2074261523843466,-67.22385383517077,0.0881421091240573,-4.907341329967466,1.711095569532818,68.43127998755513,-0.031841733661228715,-0.9999999592859266,0.2912308930008045
3,3,0.1,none,4.0,3,T3_illiquid,2486,18.942880128720837,0.6667085210868418,-27.653966461808764,3.6862662483685535,-154.3347264623265,0.2690974361309044,-11.266435031749834,1.7708401246112426,158.02099271069503,-0.051247279619191094,-1.0,0.08688656476267095
3,3,0.2,demean,4.0,3,T1_liquid,2486,39.16492357200322,-2.153019409048377,-8.63913973462324,-8.188072793367672,-32.86877362272414,-0.59772931391584,-2.3994204744588625,1.5329766372632319,24.680700829356468,-0.008252100524747773,-0.9997595748862854,0.35197103781174577
3,3,0.2,demean,4.0,3,T2_mid,2486,39.02413515687852,-0.2933951233904871,-17.58981970414502,-1.0775810015774077,-64.76185298981399,-0.07866341311515075,-4.727615268256421,1.586786779149985,63.68427198823658,-0.031841733661228715,-0.9999999109992208,0.1906677393403057
3,3,0.2,demean,4.0,3,T3_illiquid,2486,38.9195494770716,1.0271563146449816,-39.41606788617564,3.6687324071264613,-142.52869565225674,0.2678174657202317,-10.404594782614742,1.6346926758713571,146.19742805938318,-0.051247279619191094,-0.9999999999999997,0.045454545454545456
3,3,0.2,none,4.0,3,T1_liquid,2486,39.16492357200322,-2.153019409048377,-8.63913973462324,-8.188072793367672,-32.86877362272414,-0.59772931391584,-2.3994204744588625,1.5329766372632319,24.680700829356468,-0.008252100524747773,-0.9997595748862854,0.35197103781174577
3,3,0.2,none,4.0,3,T2_mid,2486,39.02413515687852,-0.2933951233904871,-17.58981970414502,-1.0775810015774077,-64.76185298981399,-0.07866341311515075,-4.727615268256421,1.586786779149985,63.68427198823658,-0.031841733661228715,-0.9999999109992208,0.1906677393403057
3,3,0.2,none,4.0,3,T3_illiquid,2486,38.9195494770716,1.0271563146449816,-39.41606788617564,3.6687324071264613,-142.52869565225674,0.2678174657202317,-10.404594782614742,1.6346926758713571,146.19742805938318,-0.051247279619191094,-0.9999999999999997,0.045454545454545456
3,3,0.3,demean,4.0,3,T1_liquid,2486,59.05711987127916,-2.2106388531598764,-10.03985444039631,-6.360715176555667,-28.91214451032729,-0.4643322078885637,-2.110586549253892,1.3988672046436292,22.551429333771623,-0.008252100524747773,-0.9993044655859332,0.33024939662107805
3,3,0.3,demean,4.0,3,T2_mid,2486,58.71761866452132,-0.6198448906550904,-21.64978851171396,-1.7074169810476179,-59.8907508742473,-0.12464143961647611,-4.372024813820054,1.4467559612635925,58.183333893199695,-0.031841733661228715,-0.999999686725884,0.1568785197103781
3,3,0.3,demean,4.0,3,T3_illiquid,2486,58.50603378921963,0.7636604249246854,-45.92341635518576,2.13594025417225,-130.35258401072284,0.15592363855457428,-9.515738632782766,1.4803749437522256,132.48852426489506,-0.051247279619191094,-0.9999999999999937,0.03177795655671762
3,3,0.3,none,4.0,3,T1_liquid,2486,59.05711987127916,-2.2106388531598764,-10.03985444039631,-6.360715176555667,-28.91214451032729,-0.4643322078885637,-2.110586549253892,1.3988672046436292,22.551429333771623,-0.008252100524747773,-0.9993044655859332,0.33024939662107805
3,3,0.3,none,4.0,3,T2_mid,2486,58.71761866452132,-0.6198448906550904,-21.64978851171396,-1.7074169810476179,-59.8907508742473,-0.12464143961647611,-4.372024813820054,1.4467559612635925,58.183333893199695,-0.031841733661228715,-0.999999686725884,0.1568785197103781
3,3,0.3,none,4.0,3,T3_illiquid,2486,58.50603378921963,0.7636604249246854,-45.92341635518576,2.13594025417225,-130.35258401072284,0.15592363855457428,-9.515738632782766,1.4803749437522256,132.48852426489506,-0.051247279619191094,-0.9999999999999937,0.03177795655671762
3,6,0.1,demean,4.0,6,T1_liquid,1243,19.050683829444893,0.48375080023835837,-1.6694283859379537,6.100734061071239,-21.05880977401564,0.22267679322910022,-0.7686465567515708,1.6834773432520818,27.159543835086875,-0.01912435716768792,-0.9505897705092271,0.46419951729686243
3,6,0.1,demean,4.0,6,T2_mid,1243,18.98793242156074,2.338138793124998,-3.241814459096499,28.99157433639557,-40.205256777873196,1.0581924632784383,-1.4674918723923718,1.7304341832298389,69.19683111426878,-0.04179703008645556,-0.9957531776624274,0.40466613032984716
3,6,0.1,demean,4.0,6,T3_illiquid,1243,18.942880128720837,2.348963688502323,-11.200348953584575,27.149661868460292,-129.62532704492364,0.9909626581988007,-4.731324437139713,1.7660997110514405,156.77498891338394,-0.07104318427370142,-0.9999999315052148,0.1737731295253419
3,6,0.1,none,4.0,6,T1_liquid,1243,19.050683829444893,0.48375080023835837,-1.6694283859379537,6.100734061071239,-21.05880977401564,0.22267679322910022,-0.7686465567515708,1.6834773432520818,27.159543835086875,-0.01912435716768792,-0.9505897705092271,0.46419951729686243
3,6,0.1,none,4.0,6,T2_mid,1243,18.98793242156074,2.338138793124998,-3.241814459096499,28.99157433639557,-40.205256777873196,1.0581924632784383,-1.4674918723923718,1.7304341832298389,69.19683111426878,-0.04179703008645556,-0.9957531776624274,0.40466613032984716
3,6,0.1,none,4.0,6,T3_illiquid,1243,18.942880128720837,2.348963688502323,-11.200348953584575,27.149661868460292,-129.62532704492364,0.9909626581988007,-4.731324437139713,1.7660997110514405,156.77498891338394,-0.07104318427370142,-0.9999999315052148,0.1737731295253419
3,6,0.2,demean,4.0,6,T1_liquid,1243,39.17135961383749,0.07092578844236705,-3.01296370307845,0.5686491910926881,-24.187530599355448,0.020755695474883117,-0.8828448668764739,1.5290952410698508,24.756179790448137,-0.01912435716768792,-0.9577642295022376,0.42880128720836685
3,6,0.2,demean,4.0,6,T2_mid,1243,39.02654867256637,1.5959068788700044,-6.522227229592238,12.39259556100919,-50.66759634706774,0.4523297379768354,-1.8493672666679728,1.5673442965901063,63.06019190807693,-0.04179703008645556,-0.9984022463332419,0.32260659694288013
3,6,0.2,demean,4.0,6,T3_illiquid,1243,38.921962992759454,2.9080916081335793,-16.6479839227235,21.229837184836654,-121.61979256531102,0.7748890572465379,-4.439122428633852,1.6039510378346562,142.8496297501477,-0.07104318427370142,-0.9999997700073099,0.11504424778761062
3,6,0.2,none,4.0,6,T1_liquid,1243,39.17135961383749,0.07092578844236705,-3.01296370307845,0.5686491910926881,-24.187530599355448,0.020755695474883117,-0.8828448668764739,1.5290952410698508,24.756179790448137,-0.01912435716768792,-0.9577642295022376,0.42880128720836685
3,6,0.2,none,4.0,6,T2_mid,1243,39.02654867256637,1.5959068788700044,-6.522227229592238,12.39259556100919,-50.66759634706774,0.4523297379768354,-1.8493672666679728,1.5673442965901063,63.06019190807693,-0.04179703008645556,-0.9984022463332419,0.32260659694288013
3,6,0.2,none,4.0,6,T3_illiquid,1243,38.921962992759454,2.9080916081335793,-16.6479839227235,21.229837184836654,-121.61979256531102,0.7748890572465379,-4.439122428633852,1.6039510378346562,142.8496297501477,-0.07104318427370142,-0.9999997700073099,0.11504424778761062
3,6,0.3,demean,4.0,6,T1_liquid,1243,59.05872888173773,0.04521324256126636,-3.5646193422080974,0.2796451666805736,-22.069615216796794,0.010207048583840937,-0.805540955413083,1.3776228807084827,22.349260383477368,-0.01912435716768792,-0.9409778452711445,0.415124698310539
3,6,0.3,demean,4.0,6,T2_mid,1243,58.730490748189865,1.143120632761588,-8.325039767343023,6.859521440153411,-50.03533192788622,0.2503725325655995,-1.826289615367847,1.4088089552173706,56.89485336803963,-0.04179703008645556,-0.9981489678940562,0.2751407884151247
3,6,0.3,demean,4.0,6,T3_illiquid,1243,58.511665325824616,2.5492477340803625,-19.483846747843536,14.701624235623653,-112.55508490988818,0.5366092846002632,-4.108260599210919,1.42767689127981,127.25670914551183,-0.07104318427370142,-0.9999992518333897,0.08447304907481899
3,6,0.3,none,4.0,6,T1_liquid,1243,59.05872888173773,0.04521324256126636,-3.5646193422080974,0.2796451666805736,-22.069615216796794,0.010207048583840937,-0.805540955413083,1.3776228807084827,22.349260383477368,-0.01912435716768792,-0.9409778452711445,0.415124698310539
3,6,0.3,none,4.0,6,T2_mid,1243,58.730490748189865,1.143120632761588,-8.325039767343023,6.859521440153411,-50.03533192788622,0.2503725325655995,-1.826289615367847,1.4088089552173706,56.89485336803963,-0.04179703008645556,-0.9981489678940562,0.2751407884151247
3,6,0.3,none,4.0,6,T3_illiquid,1243,58.511665325824616,2.5492477340803625,-19.483846747843536,14.701624235623653,-112.55508490988818,0.5366092846002632,-4.108260599210919,1.42767689127981,127.25670914551183,-0.07104318427370142,-0.9999992518333897,0.08447304907481899
3,12,0.1,demean,4.0,12,T1_liquid,622,19.04823151125402,-0.14591816734753216,-1.377456321013533,-3.2736046083512202,-30.88781701259578,-0.05974328410240977,-0.5637026604798729,1.7007676094894748,27.614212404244558,-0.010301116558981062,-0.8937655352279562,0.4630225080385852
3,12,0.1,demean,4.0,12,T2_mid,622,18.990353697749196,1.0519120920784784,-2.289290029621959,22.214860614082937,-48.36445626856995,0.4054212062070136,-0.8826513269014016,1.7602172969938243,70.57931688265289,-0.029347274554698762,-0.9621471191478473,0.41479099678456594
3,12,0.1,demean,4.0,12,T3_illiquid,622,18.94855305466238,1.7156513163186122,-5.626327813543333,36.61228992488906,-120.42544346087487,0.6681742911292254,-2.1977643431609666,1.7815164158813677,157.03773338576394,-0.054052997940791915,-0.9996303717732127,0.2266881028938907
3,12,0.1,none,4.0,12,T1_liquid,622,19.04823151125402,-0.14591816734753216,-1.377456321013533,-3.2736046083512202,-30.88781701259578,-0.05974328410240977,-0.5637026604798729,1.7007676094894748,27.614212404244558,-0.010301116558981062,-0.8937655352279562,0.4630225080385852
3,12,0.1,none,4.0,12,T2_mid,622,18.990353697749196,1.0519120920784784,-2.289290029621959,22.214860614082937,-48.36445626856995,0.4054212062070136,-0.8826513269014016,1.7602172969938243,70.57931688265289,-0.029347274554698762,-0.9621471191478473,0.41479099678456594
3,12,0.1,none,4.0,12,T3_illiquid,622,18.94855305466238,1.7156513163186122,-5.626327813543333,36.61228992488906,-120.42544346087487,0.6681742911292254,-2.1977643431609666,1.7815164158813677,157.03773338576394,-0.054052997940791915,-0.9996303717732127,0.2266881028938907
3,12,0.2,demean,4.0,12,T1_liquid,622,39.167202572347264,-0.12159714878319738,-1.8850352504274777,-1.730049333434596,-26.820744526842876,-0.03157340033518138,-0.4894785876148825,1.537118247238296,25.090695193408283,-0.010301116558981062,-0.8374316051104277,0.4292604501607717
3,12,0.2,demean,4.0,12,T2_mid,622,39.032154340836016,0.8624274066350989,-3.7737350444349738,12.010998803028128,-52.51730748601999,0.21920072815526334,-0.9584408616198647,1.5937180393401895,64.5283062890481,-0.029347274554698762,-0.9659778969062318,0.33440514469453375
3,12,0.2,demean,4.0,12,T3_illiquid,622,38.91961414790997,1.746992006394871,-9.013128921229251,22.860239084961215,-118.57918698923147,0.4171993633005422,-2.1640701625534744,1.5988496171813014,141.43942607419265,-0.054052997940791915,-0.9994546867528686,0.1864951768488746
3,12,0.2,none,4.0,12,T1_liquid,622,39.167202572347264,-0.12159714878319738,-1.8850352504274777,-1.730049333434596,-26.820744526842876,-0.03157340033518138,-0.4894785876148825,1.537118247238296,25.090695193408283,-0.010301116558981062,-0.8374316051104277,0.4292604501607717
3,12,0.2,none,4.0,12,T2_mid,622,39.032154340836016,0.8624274066350989,-3.7737350444349738,12.010998803028128,-52.51730748601999,0.21920072815526334,-0.9584408616198647,1.5937180393401895,64.5283062890481,-0.029347274554698762,-0.9659778969062318,0.33440514469453375
3,12,0.2,none,4.0,12,T3_illiquid,622,38.91961414790997,1.746992006394871,-9.013128921229251,22.860239084961215,-118.57918698923147,0.4171993633005422,-2.1640701625534744,1.5988496171813014,141.43942607419265,-0.054052997940791915,-0.9994546867528686,0.1864951768488746
3,12,0.3,demean,4.0,12,T1_liquid,622,59.054662379421224,-0.08875630450757413,-2.153886751090862,-0.9732279205841103,-23.6279669747869,-0.017761409550660013,-0.43121039728986094,1.3829029041453351,22.65473905420279,-0.010301116558981062,-0.7855218987125235,0.42765273311897106
3,12,0.3,demean,4.0,12,T2_mid,622,58.72990353697749,0.6140015638429711,-4.648597517100451,6.778350434105848,-51.35853381308618,0.12370489542243172,-0.9372932420888229,1.4277232661217976,58.136884247192036,-0.029347274554698762,-0.9612984879616918,0.31511254019292606
3,12,0.3,demean,4.0,12,T3_illiquid,622,58.51768488745981,1.6553373236057543,-9.711853924468267,18.280608956240812,-107.69797122345686,0.3336211134513948,-1.9654879748280878,1.422996756728159,125.9785801796977,-0.054052997940791915,-0.9988997005566475,0.1607717041800643
3,12,0.3,none,4.0,12,T1_liquid,622,59.054662379421224,-0.08875630450757413,-2.153886751090862,-0.9732279205841103,-23.6279669747869,-0.017761409550660013,-0.43121039728986094,1.3829029041453351,22.65473905420279,-0.010301116558981062,-0.7855218987125235,0.42765273311897106
3,12,0.3,none,4.0,12,T2_mid,622,58.72990353697749,0.6140015638429711,-4.648597517100451,6.778350434105848,-51.35853381308618,0.12370489542243172,-0.9372932420888229,1.4277232661217976,58.136884247192036,-0.029347274554698762,-0.9612984879616918,0.31511254019292606
3,12,0.3,none,4.0,12,T3_illiquid,622,58.51768488745981,1.6553373236057543,-9.711853924468267,18.280608956240812,-107.69797122345686,0.3336211134513948,-1.9654879748280878,1.422996756728159,125.9785801796977,-0.054052997940791915,-0.9988997005566475,0.1607717041800643
3,24,0.1,demean,4.0,24,T1_liquid,311,19.05466237942122,0.060354793499739275,-0.6085507708799265,2.530177052592164,-25.494694538838914,0.023087865604903494,-0.23263908766690508,1.7123035592488969,28.024871591431083,-0.008119112059176443,-0.6261896023446528,0.47266881028938906
3,24,0.1,demean,4.0,24,T2_mid,311,18.9967845659164,0.7075697502113094,-1.0475126421672565,28.90331225458218,-42.77274006929973,0.2637427243230624,-0.3903012531323601,1.778610287533117,71.6760523238819,-0.029772311603811486,-0.848919977219444,0.4855305466237942
3,24,0.1,demean,4.0,24,T3_illiquid,311,18.964630225080384,1.1627535076376498,-2.6132553125957125,48.24059069440092,-108.80574763143899,0.4401953900864084,-0.9928524471368808,1.8017923841074965,157.04633832583994,-0.05653421590075332,-0.9758201598885032,0.2829581993569132
3,24,0.1,none,4.0,24,T1_liquid,311,19.05466237942122,0.060354793499739275,-0.6085507708799265,2.530177052592164,-25.494694538838914,0.023087865604903494,-0.23263908766690508,1.7123035592488969,28.024871591431083,-0.008119112059176443,-0.6261896023446528,0.47266881028938906
3,24,0.1,none,4.0,24,T2_mid,311,18.9967845659164,0.7075697502113094,-1.0475126421672565,28.90331225458218,-42.77274006929973,0.2637427243230624,-0.3903012531323601,1.778610287533117,71.6760523238819,-0.029772311603811486,-0.848919977219444,0.4855305466237942
3,24,0.1,none,4.0,24,T3_illiquid,311,18.964630225080384,1.1627535076376498,-2.6132553125957125,48.24059069440092,-108.80574763143899,0.4401953900864084,-0.9928524471368808,1.8017923841074965,157.04633832583994,-0.05653421590075332,-0.9758201598885032,0.2829581993569132
3,24,0.2,demean,4.0,24,T1_liquid,311,39.18327974276527,-0.5027184804850665,-1.4350964902305205,-13.90327523630418,-39.66731129958219,-0.12686738653127566,-0.36196421560868747,1.555928517580364,25.76403606327801,-0.008119112059176443,-0.7273114341657179,0.4630225080385852
3,24,0.2,demean,4.0,24,T2_mid,311,39.035369774919616,0.2991849164652932,-2.0489305537257216,8.40498157401219,-57.56853412393491,0.07669545686286124,-0.5253128738809061,1.6145016096973859,65.9735156979471,-0.029772311603811486,-0.8503434592603787,0.4115755627009646
3,24,0.2,demean,4.0,24,T3_illiquid,311,38.945337620578776,1.1164151512951326,-4.22325711772072,29.745144239845864,-112.95511298740567,0.2714244411885935,-1.0307154060100767,1.630592186912415,142.7002572272515,-0.05653421590075332,-0.974341374572661,0.2572347266881029
3,24,0.2,none,4.0,24,T1_liquid,311,39.18327974276527,-0.5027184804850665,-1.4350964902305205,-13.90327523630418,-39.66731129958219,-0.12686738653127566,-0.36196421560868747,1.555928517580364,25.76403606327801,-0.008119112059176443,-0.7273114341657179,0.4630225080385852
3,24,0.2,none,4.0,24,T2_mid,311,39.035369774919616,0.2991849164652932,-2.0489305537257216,8.40498157401219,-57.56853412393491,0.07669545686286124,-0.5253128738809061,1.6145016096973859,65.9735156979471,-0.029772311603811486,-0.8503434592603787,0.4115755627009646
3,24,0.2,none,4.0,24,T3_illiquid,311,38.945337620578776,1.1164151512951326,-4.22325711772072,29.745144239845864,-112.95511298740567,0.2714244411885935,-1.0307154060100767,1.630592186912415,142.7002572272515,-0.05653421590075332,-0.974341374572661,0.2572347266881029
3,24,0.3,demean,4.0,24,T1_liquid,311,59.067524115755624,-0.4282551353687323,-1.4863763240541876,-9.457102755842136,-32.77584738058488,-0.0862960626470595,-0.29907960734783706,1.3968616164033747,23.318744624742735,-0.008119112059176443,-0.6501908086780666,0.44694533762057875
3,24,0.3,demean,4.0,24,T2_mid,311,58.758842443729904,0.03810392563725012,-2.617478840475216,0.855463746253784,-58.807187507104004,0.007806106684565778,-0.5366155860023241,1.4449140646808958,59.66265125335777,-0.029772311603811486,-0.842268751484914,0.3954983922829582
3,24,0.3,demean,4.0,24,T3_illiquid,311,58.559485530546624,1.1495988467041813,-4.435089659129141,25.945623307214202,-100.5392113234796,0.2367538126783296,-0.9174203033267514,1.4455802478095392,126.48483463069384,-0.05653421590075332,-0.9590385278863919,0.19935691318327975
3,24,0.3,none,4.0,24,T1_liquid,311,59.067524115755624,-0.4282551353687323,-1.4863763240541876,-9.457102755842136,-32.77584738058488,-0.0862960626470595,-0.29907960734783706,1.3968616164033747,23.318744624742735,-0.008119112059176443,-0.6501908086780666,0.44694533762057875
3,24,0.3,none,4.0,24,T2_mid,311,58.758842443729904,0.03810392563725012,-2.617478840475216,0.855463746253784,-58.807187507104004,0.007806106684565778,-0.5366155860023241,1.4449140646808958,59.66265125335777,-0.029772311603811486,-0.842268751484914,0.3954983922829582
3,24,0.3,none,4.0,24,T3_illiquid,311,58.559485530546624,1.1495988467041813,-4.435089659129141,25.945623307214202,-100.5392113234796,0.2367538126783296,-0.9174203033267514,1.4455802478095392,126.48483463069384,-0.05653421590075332,-0.9590385278863919,0.19935691318327975
6,3,0.1,demean,4.0,3,T1_liquid,2486,19.045856798069188,0.29944900894069704,-2.825115697614521,1.9015837568611103,-17.949026935744758,0.13881561425086106,-1.3102789663093672,1.2332705575465028,19.850610692605866,-0.020440582806888225,-0.9920996703260498,0.4493161705551086
6,3,0.1,demean,4.0,3,T2_mid,2486,18.983105390185035,2.0881554418570487,-6.625959644928184,12.406604953407012,-39.523452096229676,0.9056821615987118,-2.8852120030247663,1.3003380402113305,51.930057049636694,-0.04201629702151432,-0.9999591267415451,0.3797264682220434
6,3,0.1,demean,4.0,3,T3_illiquid,2486,18.942880128720837,2.5778452484289,-19.73606055399987,13.84242919338672,-107.78348744048445,1.0104973311172305,-7.868194583155365,1.3669631320677176,121.62591663387119,-0.06803754855353321,-0.9999999999985203,0.1592920353982301
6,3,0.1,none,4.0,3,T1_liquid,2486,19.045856798069188,0.29944900894069704,-2.825115697614521,1.9015837568611103,-17.949026935744758,0.13881561425086106,-1.3102789663093672,1.2332705575465028,19.850610692605866,-0.020440582806888225,-0.9920996703260498,0.4493161705551086
6,3,0.1,none,4.0,3,T2_mid,2486,18.983105390185035,2.0881554418570487,-6.625959644928184,12.406604953407012,-39.523452096229676,0.9056821615987118,-2.8852120030247663,1.3003380402113305,51.930057049636694,-0.04201629702151432,-0.9999591267415451,0.3797264682220434
6,3,0.1,none,4.0,3,T3_illiquid,2486,18.942880128720837,2.5778452484289,-19.73606055399987,13.84242919338672,-107.78348744048445,1.0104973311172305,-7.868194583155365,1.3669631320677176,121.62591663387119,-0.06803754855353321,-0.9999999999985203,0.1592920353982301
6,3,0.2,demean,4.0,3,T1_liquid,2486,39.16492357200322,-0.06327470811701091,-4.495892557697297,-0.2511035212415739,-17.870087627635925,-0.018330557050634896,-1.3045163968174225,1.0914800474035413,17.618984106394347,-0.020440582806888225,-0.9898657707310552,0.4235720032180209
6,3,0.2,demean,4.0,3,T2_mid,2486,39.02413515687852,1.7267485998313523,-10.5893166317955,6.4421669967694895,-39.70596403316386,0.4702781907641727,-2.898535374420962,1.1495187634715485,46.14813102993336,-0.04201629702151432,-0.9999539178571017,0.29806918744971844
6,3,0.2,demean,4.0,3,T3_illiquid,2486,38.9195494770716,2.8365618410917937,-26.03642095948791,10.322877736878963,-96.7874106569338,0.7535700747921643,-7.065480977956168,1.200456123627497,107.11028839381277,-0.06803754855353321,-0.9999999999718675,0.10539018503620273
6,3,0.2,none,4.0,3,T1_liquid,2486,39.16492357200322,-0.06327470811701091,-4.495892557697297,-0.2511035212415739,-17.870087627635925,-0.018330557050634896,-1.3045163968174225,1.0914800474035413,17.618984106394347,-0.020440582806888225,-0.9898657707310552,0.4235720032180209
6,3,0.2,none,4.0,3,T2_mid,2486,39.02413515687852,1.7267485998313523,-10.5893166317955,6.4421669967694895,-39.70596403316386,0.4702781907641727,-2.898535374420962,1.1495187634715485,46.14813102993336,-0.04201629702151432,-0.9999539178571017,0.29806918744971844
6,3,0.2,none,4.0,3,T3_illiquid,2486,38.9195494770716,2.8365618410917937,-26.03642095948791,10.322877736878963,-96.7874106569338,0.7535700747921643,-7.065480977956168,1.200456123627497,107.11028839381277,-0.06803754855353321,-0.9999999999718675,0.10539018503620273
6,3,0.3,demean,4.0,3,T1_liquid,2486,59.05711987127916,-0.25006693900333626,-5.447191335571579,-0.7549845065336014,-16.4887015115946,-0.055113868976952904,-1.2036752103464057,0.972608406523465,15.733717005060997,-0.020440582806888225,-0.9845525925266999,0.4090909090909091
6,3,0.3,demean,4.0,3,T2_mid,2486,58.716814159292035,1.4733874685607844,-13.026048961129945,4.136788687815651,-36.85646457015896,0.3019855742105425,-2.690521913621604,1.0173594804947061,40.99325325797461,-0.04201629702151432,-0.9999019432054931,0.26387771520514886
6,3,0.3,demean,4.0,3,T3_illiquid,2486,58.50603378921963,2.736670502365091,-28.764898754797766,7.980058990638453,-85.86665128927928,0.582544306316607,-6.268265544117387,1.0509675105246314,93.84671027991774,-0.06803754855353321,-0.9999999995463493,0.08769106999195495
6,3,0.3,none,4.0,3,T1_liquid,2486,59.05711987127916,-0.25006693900333626,-5.447191335571579,-0.7549845065336014,-16.4887015115946,-0.055113868976952904,-1.2036752103464057,0.972608406523465,15.733717005060997,-0.020440582806888225,-0.9845525925266999,0.4090909090909091
6,3,0.3,none,4.0,3,T2_mid,2486,58.716814159292035,1.4733874685607844,-13.026048961129945,4.136788687815651,-36.85646457015896,0.3019855742105425,-2.690521913621604,1.0173594804947061,40.99325325797461,-0.04201629702151432,-0.9999019432054931,0.26387771520514886
6,3,0.3,none,4.0,3,T3_illiquid,2486,58.50603378921963,2.736670502365091,-28.764898754797766,7.980058990638453,-85.86665128927928,0.582544306316607,-6.268265544117387,1.0509675105246314,93.84671027991774,-0.06803754855353321,-0.9999999995463493,0.08769106999195495
6,6,0.1,demean,4.0,6,T1_liquid,1243,19.050683829444893,1.0449805955044433,-0.9667274355322965,14.081851276182832,-13.03786595125765,0.5139875715806733,-0.47588210722090424,1.6819629463233645,27.11971722744048,-0.0330528142980567,-0.8735373249696995,0.4778761061946903
6,6,0.1,demean,4.0,6,T2_mid,1243,18.98793242156074,2.7369946325998873,-2.670970444337352,35.24055618355101,-34.43369654369851,1.2862803006996117,-1.2568299238449956,1.7434814760639379,69.67425272724951,-0.057078578925860074,-0.990427268201705,0.4416733708769107
6,6,0.1,demean,4.0,6,T3_illiquid,1243,18.942880128720837,3.304970966650646,-10.74913768978313,37.339782646619234,-121.66784735411214,1.362902066601602,-4.440876428425093,1.791551476145201,159.00763000073138,-0.08859690062393502,-0.9999998113988713,0.20193081255028159
6,6,0.1,none,4.0,6,T1_liquid,1243,19.050683829444893,1.0449805955044433,-0.9667274355322965,14.081851276182832,-13.03786595125765,0.5139875715806733,-0.47588210722090424,1.6819629463233645,27.11971722744048,-0.0330528142980567,-0.8735373249696995,0.4778761061946903
6,6,0.1,none,4.0,6,T2_mid,1243,18.98793242156074,2.7369946325998873,-2.670970444337352,35.24055618355101,-34.43369654369851,1.2862803006996117,-1.2568299238449956,1.7434814760639379,69.67425272724951,-0.057078578925860074,-0.990427268201705,0.4416733708769107
6,6,0.1,none,4.0,6,T3_illiquid,1243,18.942880128720837,3.304970966650646,-10.74913768978313,37.339782646619234,-121.66784735411214,1.362902066601602,-4.440876428425093,1.791551476145201,159.00763000073138,-0.08859690062393502,-0.9999998113988713,0.20193081255028159
6,6,0.2,demean,4.0,6,T1_liquid,1243,39.17135961383749,1.1262791255932887,-1.9280910156524744,9.209040362265064,-15.793959317107552,0.3361299732226748,-0.5764795150744256,1.5456818608626475,25.002999679372618,-0.0330528142980567,-0.8848353205635751,0.4497184231697506
6,6,0.2,demean,4.0,6,T2_mid,1243,39.02654867256637,2.804348061438414,-5.576961200972748,21.53854600296514,-42.9170842956202,0.7861569291082277,-1.5664735767901372,1.603489302387221,64.45563029858535,-0.057078578925860074,-0.9957906505451827,0.3419147224456959
6,6,0.2,demean,4.0,6,T3_illiquid,1243,38.921962992759454,3.513191541311301,-15.620633710500014,27.07781241957768,-120.66761017017127,0.9883401533145852,-4.404367771211252,1.6585381093556009,147.74542258974896,-0.08859690062393502,-0.9999997421373732,0.1255028157683025
6,6,0.2,none,4.0,6,T1_liquid,1243,39.17135961383749,1.1262791255932887,-1.9280910156524744,9.209040362265064,-15.793959317107552,0.3361299732226748,-0.5764795150744256,1.5456818608626475,25.002999679372618,-0.0330528142980567,-0.8848353205635751,0.4497184231697506
6,6,0.2,none,4.0,6,T2_mid,1243,39.02654867256637,2.804348061438414,-5.576961200972748,21.53854600296514,-42.9170842956202,0.7861569291082277,-1.5664735767901372,1.603489302387221,64.45563029858535,-0.057078578925860074,-0.9957906505451827,0.3419147224456959
6,6,0.2,none,4.0,6,T3_illiquid,1243,38.921962992759454,3.513191541311301,-15.620633710500014,27.07781241957768,-120.66761017017127,0.9883401533145852,-4.404367771211252,1.6585381093556009,147.74542258974896,-0.08859690062393502,-0.9999997421373732,0.1255028157683025
6,6,0.3,demean,4.0,6,T1_liquid,1243,59.05872888173773,1.0123773551752746,-2.612665609061094,6.368853869145412,-16.472896042095087,0.23246316622380755,-0.6012607055364707,1.4085612254721014,22.841749911240505,-0.0330528142980567,-0.8839453208223543,0.4344328238133548
6,6,0.3,demean,4.0,6,T2_mid,1243,58.72888173773129,2.723427030476938,-7.595272985870202,15.537485810101204,-43.43809577302479,0.5671182320686939,-1.5854904957154048,1.4612979046820804,58.97558158312599,-0.057078578925860074,-0.9956861001370272,0.3000804505229284
6,6,0.3,demean,4.0,6,T3_illiquid,1243,58.511665325824616,3.3298335559589076,-18.789746866327608,19.961733176009446,-113.68252210472549,0.7286032609243448,-4.149412056822481,1.4989080063446694,133.6442552807349,-0.08859690062393502,-0.9999993582977234,0.09573612228479485
6,6,0.3,none,4.0,6,T1_liquid,1243,59.05872888173773,1.0123773551752746,-2.612665609061094,6.368853869145412,-16.472896042095087,0.23246316622380755,-0.6012607055364707,1.4085612254721014,22.841749911240505,-0.0330528142980567,-0.8839453208223543,0.4344328238133548
6,6,0.3,none,4.0,6,T2_mid,1243,58.72888173773129,2.723427030476938,-7.595272985870202,15.537485810101204,-43.43809577302479,0.5671182320686939,-1.5854904957154048,1.4612979046820804,58.97558158312599,-0.057078578925860074,-0.9956861001370272,0.3000804505229284
6,6,0.3,none,4.0,6,T3_illiquid,1243,58.511665325824616,3.3298335559589076,-18.789746866327608,19.961733176009446,-113.68252210472549,0.7286032609243448,-4.149412056822481,1.4989080063446694,133.6442552807349,-0.08859690062393502,-0.9999993582977234,0.09573612228479485
6,12,0.1,demean,4.0,12,T1_liquid,622,19.04823151125402,0.5644393145786576,-0.596933800769254,13.354806422463355,-14.128197247678578,0.24372521720995624,-0.25783959977013404,1.6929274949773343,27.483003670141933,-0.02566062381651845,-0.7249680490431908,0.4871382636655949
6,12,0.1,demean,4.0,12,T2_mid,622,18.990353697749196,2.316258641355376,-0.9198075534715754,50.35720210321637,-19.987846279090846,0.9190189383836989,-0.36477819459340793,1.7561739930309062,70.34504838230723,-0.046270102108050847,-0.8359253475789888,0.46141479099678456
6,12,0.1,demean,4.0,12,T3_illiquid,622,18.94855305466238,2.4536657242257003,-4.561468046111032,54.831702786894375,-102.19785797924196,1.0006785758608223,-1.8651109081211656,1.7834728776047104,157.0295607661363,-0.0671845776969679,-0.9987773628644214,0.2604501607717042
6,12,0.1,none,4.0,12,T1_liquid,622,19.04823151125402,0.5644393145786576,-0.596933800769254,13.354806422463355,-14.128197247678578,0.24372521720995624,-0.25783959977013404,1.6929274949773343,27.483003670141933,-0.02566062381651845,-0.7249680490431908,0.4871382636655949
6,12,0.1,none,4.0,12,T2_mid,622,18.990353697749196,2.316258641355376,-0.9198075534715754,50.35720210321637,-19.987846279090846,0.9190189383836989,-0.36477819459340793,1.7561739930309062,70.34504838230723,-0.046270102108050847,-0.8359253475789888,0.46141479099678456
6,12,0.1,none,4.0,12,T3_illiquid,622,18.94855305466238,2.4536657242257003,-4.561468046111032,54.831702786894375,-102.19785797924196,1.0006785758608223,-1.8651109081211656,1.7834728776047104,157.0295607661363,-0.0671845776969679,-0.9987773628644214,0.2604501607717042
6,12,0.2,demean,4.0,12,T1_liquid,622,39.167202572347264,0.7705154905232398,-0.8662613431460624,11.897747265823151,-13.386980945094429,0.2171338876012725,-0.24431240224797335,1.5491913135656359,25.28472821091758,-0.02566062381651845,-0.6547058277650246,0.48231511254019294
6,12,0.2,demean,4.0,12,T2_mid,622,39.032154340836016,2.2540653355299174,-2.698781224465173,29.491634538310766,-35.30750345376293,0.5382223303241715,-0.6443619380311736,1.6024223577393266,64.7991379920737,-0.046270102108050847,-0.9033920764390343,0.38263665594855306
6,12,0.2,demean,4.0,12,T3_illiquid,622,38.91961414790997,2.508595560250818,-6.9814698400985575,37.62976530443577,-105.26101573796986,0.6867432168059528,-1.9210135372179498,1.6153296582820966,142.89078104240562,-0.0671845776969679,-0.998771916222617,0.21382636655948553
6,12,0.2,none,4.0,12,T1_liquid,622,39.167202572347264,0.7705154905232398,-0.8662613431460624,11.897747265823151,-13.386980945094429,0.2171338876012725,-0.24431240224797335,1.5491913135656359,25.28472821091758,-0.02566062381651845,-0.6547058277650246,0.48231511254019294
6,12,0.2,none,4.0,12,T2_mid,622,39.032154340836016,2.2540653355299174,-2.698781224465173,29.491634538310766,-35.30750345376293,0.5382223303241715,-0.6443619380311736,1.6024223577393266,64.7991379920737,-0.046270102108050847,-0.9033920764390343,0.38263665594855306
6,12,0.2,none,4.0,12,T3_illiquid,622,38.91961414790997,2.508595560250818,-6.9814698400985575,37.62976530443577,-105.26101573796986,0.6867432168059528,-1.9210135372179498,1.6153296582820966,142.89078104240562,-0.0671845776969679,-0.998771916222617,0.21382636655948553
6,12,0.3,demean,4.0,12,T1_liquid,622,59.054662379421224,0.67172643843631,-1.3103700604666657,7.770206100799666,-15.15963748582664,0.1418062613395939,-0.2766633841163362,1.3998298063013246,22.929843586626305,-0.02566062381651845,-0.6450859652936007,0.4646302250803859
6,12,0.3,demean,4.0,12,T2_mid,622,58.72668810289389,1.6306670939808863,-4.011993804378526,16.969190109025366,-41.759203553807986,0.3096877194897129,-0.7621054648569957,1.4439946912350554,58.72839366283335,-0.046270102108050847,-0.932399803937952,0.3408360128617363
6,12,0.3,demean,4.0,12,T3_illiquid,622,58.51768488745981,2.173038040072654,-8.08128729509964,27.020655711681314,-100.88705783504881,0.493126966738184,-1.8411888054896408,1.4444018803571352,127.90771354673012,-0.0671845776969679,-0.9983419735746938,0.18810289389067525
6,12,0.3,none,4.0,12,T1_liquid,622,59.054662379421224,0.67172643843631,-1.3103700604666657,7.770206100799666,-15.15963748582664,0.1418062613395939,-0.2766633841163362,1.3998298063013246,22.929843586626305,-0.02566062381651845,-0.6450859652936007,0.4646302250803859
6,12,0.3,none,4.0,12,T2_mid,622,58.72668810289389,1.6306670939808863,-4.011993804378526,16.969190109025366,-41.759203553807986,0.3096877194897129,-0.7621054648569957,1.4439946912350554,58.72839366283335,-0.046270102108050847,-0.932399803937952,0.3408360128617363
6,12,0.3,none,4.0,12,T3_illiquid,622,58.51768488745981,2.173038040072654,-8.08128729509964,27.020655711681314,-100.88705783504881,0.493126966738184,-1.8411888054896408,1.4444018803571352,127.90771354673012,-0.0671845776969679,-0.9983419735746938,0.18810289389067525
6,24,0.1,demean,4.0,24,T1_liquid,311,19.05466237942122,0.5580475979691714,-0.09347901903210908,23.997893918090043,-4.020018323294873,0.21898078200257165,-0.036682667200065716,1.7098959275808145,28.01791224138491,-0.013677487686231568,-0.5143315525405724,0.5048231511254019
6,24,0.1,demean,4.0,24,T2_mid,311,18.9967845659164,1.4421839997301529,-0.30982554384889527,58.513787048423474,-12.565750402335839,0.5339383068168643,-0.11466247242131453,1.7714968936030029,71.07953745075932,-0.05031237224383839,-0.5555027299780876,0.5080385852090032
6,24,0.1,demean,4.0,24,T3_illiquid,311,18.964630225080384,1.2285647227415644,-1.731096276352176,64.49727121911582,-90.92180795108877,0.5885375998744318,-0.829661497553685,1.7866927195705329,155.41907917020455,-0.07317673110216749,-0.961970221531488,0.3054662379421222
6,24,0.1,none,4.0,24,T1_liquid,311,19.05466237942122,0.5580475979691714,-0.09347901903210908,23.997893918090043,-4.020018323294873,0.21898078200257165,-0.036682667200065716,1.7098959275808145,28.01791224138491,-0.013677487686231568,-0.5143315525405724,0.5048231511254019
6,24,0.1,none,4.0,24,T2_mid,311,18.9967845659164,1.4421839997301529,-0.30982554384889527,58.513787048423474,-12.565750402335839,0.5339383068168643,-0.11466247242131453,1.7714968936030029,71.07953745075932,-0.05031237224383839,-0.5555027299780876,0.5080385852090032
6,24,0.1,none,4.0,24,T3_illiquid,311,18.964630225080384,1.2285647227415644,-1.731096276352176,64.49727121911582,-90.92180795108877,0.5885375998744318,-0.829661497553685,1.7866927195705329,155.41907917020455,-0.07317673110216749,-0.961970221531488,0.3054662379421222
6,24,0.2,demean,4.0,24,T1_liquid,311,39.18327974276527,0.13552381822184148,-0.7364817181773897,3.973531449501379,-21.59310019739822,0.03625847447670009,-0.19703703930125877,1.5455197194321146,25.566631646899598,-0.013677487686231568,-0.5527744774154202,0.4855305466237942
6,24,0.2,demean,4.0,24,T2_mid,311,39.035369774919616,0.8912610215471699,-1.5715648099529766,23.89554098948528,-42.11860260869555,0.2180468115290532,-0.38433224880434685,1.6153508771362914,66.01414359818082,-0.05031237224383839,-0.748508011016022,0.40836012861736337
6,24,0.2,demean,4.0,24,T3_illiquid,311,38.945337620578776,1.6009654464629441,-2.8023495182659497,51.727425888773126,-90.90223388491319,0.47201276123505476,-0.8294828841998328,1.6310436158238948,142.62965977368634,-0.07317673110216749,-0.9512664421040418,0.2508038585209003
6,24,0.2,none,4.0,24,T1_liquid,311,39.18327974276527,0.13552381822184148,-0.7364817181773897,3.973531449501379,-21.59310019739822,0.03625847447670009,-0.19703703930125877,1.5455197194321146,25.566631646899598,-0.013677487686231568,-0.5527744774154202,0.4855305466237942
6,24,0.2,none,4.0,24,T2_mid,311,39.035369774919616,0.8912610215471699,-1.5715648099529766,23.89554098948528,-42.11860260869555,0.2180468115290532,-0.38433224880434685,1.6153508771362914,66.01414359818082,-0.05031237224383839,-0.748508011016022,0.40836012861736337
6,24,0.2,none,4.0,24,T3_illiquid,311,38.945337620578776,1.6009654464629441,-2.8023495182659497,51.727425888773126,-90.90223388491319,0.47201276123505476,-0.8294828841998328,1.6310436158238948,142.62965977368634,-0.07317673110216749,-0.9512664421040418,0.2508038585209003
6,24,0.3,demean,4.0,24,T1_liquid,311,59.067524115755624,-0.1917616153344269,-1.1790547164943297,-4.511561659519375,-27.738824139504413,-0.041168000143114294,-0.25311677027297774,1.3939279754088505,23.22726247998504,-0.013677487686231568,-0.5946205331142451,0.45016077170418006
6,24,0.3,demean,4.0,24,T2_mid,311,58.752411575562704,0.8327710530284622,-1.9424833749915853,18.051801081662433,-42.13260433613289,0.1647226848701697,-0.3844600145672126,1.4607308487403259,60.184405417795325,-0.05031237224383839,-0.7351702701953271,0.3890675241157556
6,24,0.3,demean,4.0,24,T3_illiquid,311,58.559485530546624,1.6162843758085466,-3.4725696927187206,40.75337639894127,-87.510381976695,0.3718745596403391,-0.7985322355373419,1.4648877901505377,128.26375837563626,-0.07317673110216749,-0.942275205653331,0.22508038585209003
6,24,0.3,none,4.0,24,T1_liquid,311,59.067524115755624,-0.1917616153344269,-1.1790547164943297,-4.511561659519375,-27.738824139504413,-0.041168000143114294,-0.25311677027297774,1.3939279754088505,23.22726247998504,-0.013677487686231568,-0.5946205331142451,0.45016077170418006
6,24,0.3,none,4.0,24,T2_mid,311,58.752411575562704,0.8327710530284622,-1.9424833749915853,18.051801081662433,-42.13260433613289,0.1647226848701697,-0.3844600145672126,1.4607308487403259,60.184405417795325,-0.05031237224383839,-0.7351702701953271,0.3890675241157556
6,24,0.3,none,4.0,24,T3_illiquid,311,58.559485530546624,1.6162843758085466,-3.4725696927187206,40.75337639894127,-87.510381976695,0.3718745596403391,-0.7985322355373419,1.4648877901505377,128.26375837563626,-0.07317673110216749,-0.942275205653331,0.22508038585209003
12,3,0.1,demean,4.0,3,T1_liquid,2486,19.045856798069188,0.30803913991643644,-1.9119514237058863,2.0327911192075288,-12.630382392719,0.1483937517021496,-0.922017914668487,0.9090899513465885,14.663173511926528,-0.029265212626140288,-0.9737110039055499,0.4682220434432824
12,3,0.1,demean,4.0,3,T2_mid,2486,18.983105390185035,3.8048487204222563,-2.774774522671319,22.864997352248245,-16.725085510049016,1.669144806714122,-1.220931242233578,0.9916585838850522,39.590082862297265,-0.06507000039033005,-0.9884320557739099,0.4573612228479485
12,3,0.1,demean,4.0,3,T3_illiquid,2486,18.942880128720837,3.9723118218795315,-13.15435349377284,21.65229263194679,-72.68949064734656,1.5806173621321156,-5.3063328172562985,1.0631106780945878,94.34178327929332,-0.07884301259418858,-0.999999990288104,0.24617860016090104
12,3,0.1,none,4.0,3,T1_liquid,2486,19.045856798069188,0.30803913991643644,-1.9119514237058863,2.0327911192075288,-12.630382392719,0.1483937517021496,-0.922017914668487,0.9090899513465885,14.663173511926528,-0.029265212626140288,-0.9737110039055499,0.4682220434432824
12,3,0.1,none,4.0,3,T2_mid,2486,18.983105390185035,3.8048487204222563,-2.774774522671319,22.864997352248245,-16.725085510049016,1.669144806714122,-1.220931242233578,0.9916585838850522,39.590082862297265,-0.06507000039033005,-0.9884320557739099,0.4573612228479485
12,3,0.1,none,4.0,3,T3_illiquid,2486,18.942880128720837,3.9723118218795315,-13.15435349377284,21.65229263194679,-72.68949064734656,1.5806173621321156,-5.3063328172562985,1.0631106780945878,94.34178327929332,-0.07884301259418858,-0.999999990288104,0.24617860016090104
12,3,0.2,demean,4.0,3,T1_liquid,2486,39.16492357200322,0.09106912958867558,-2.9959210175160735,0.3733314947834724,-12.296991821308657,0.027253199119193484,-0.8976804029555319,0.7819810601878636,12.67032331609213,-0.029265212626140288,-0.962194107744566,0.4452936444086887
12,3,0.2,demean,4.0,3,T2_mid,2486,39.02413515687852,3.4532991060865355,-5.444817698576578,13.28006628371572,-21.002564300072624,0.9694448387112476,-1.5331871939053017,0.8528301743088936,34.28263058378835,-0.06507000039033005,-0.9951775844324021,0.3994368463395012
12,3,0.2,demean,4.0,3,T3_illiquid,2486,38.9195494770716,3.5974386069377715,-16.982803501247655,13.893562529945536,-66.72270251749507,1.014230064686024,-4.870757283777139,0.9058546661952154,80.61626504744058,-0.07884301259418858,-0.9999999493210984,0.17819790828640386
12,3,0.2,none,4.0,3,T1_liquid,2486,39.16492357200322,0.09106912958867558,-2.9959210175160735,0.3733314947834724,-12.296991821308657,0.027253199119193484,-0.8976804029555319,0.7819810601878636,12.67032331609213,-0.029265212626140288,-0.962194107744566,0.4452936444086887
12,3,0.2,none,4.0,3,T2_mid,2486,39.02413515687852,3.4532991060865355,-5.444817698576578,13.28006628371572,-21.002564300072624,0.9694448387112476,-1.5331871939053017,0.8528301743088936,34.28263058378835,-0.06507000039033005,-0.9951775844324021,0.3994368463395012
12,3,0.2,none,4.0,3,T3_illiquid,2486,38.9195494770716,3.5974386069377715,-16.982803501247655,13.893562529945536,-66.72270251749507,1.014230064686024,-4.870757283777139,0.9058546661952154,80.61626504744058,-0.07884301259418858,-0.9999999493210984,0.17819790828640386
12,3,0.3,demean,4.0,3,T1_liquid,2486,59.05711987127916,0.4256830308695287,-3.101233547630063,1.345105163185143,-9.810854788678284,0.09819267691251543,-0.7161923995735148,0.686206204833808,11.155959951863426,-0.029265212626140288,-0.925328990515052,0.4432823813354787
12,3,0.3,demean,4.0,3,T2_mid,2486,58.71520514883347,3.3637674517689256,-6.890460921668719,9.849418461897724,-20.260123636684355,0.7190075477185338,-1.4789890254779579,0.7455134026555552,30.10954209858208,-0.06507000039033005,-0.9939327247439849,0.37127916331456157
12,3,0.3,demean,4.0,3,T3_illiquid,2486,58.50603378921963,3.373477508268346,-19.42974773302995,10.076248817212834,-59.28781314590582,0.7355661636565368,-4.328010359651125,0.7789051428147303,69.36406196311866,-0.07884301259418858,-0.9999996547704167,0.16251005631536605
12,3,0.3,none,4.0,3,T1_liquid,2486,59.05711987127916,0.4256830308695287,-3.101233547630063,1.345105163185143,-9.810854788678284,0.09819267691251543,-0.7161923995735148,0.686206204833808,11.155959951863426,-0.029265212626140288,-0.925328990515052,0.4432823813354787
12,3,0.3,none,4.0,3,T2_mid,2486,58.71520514883347,3.3637674517689256,-6.890460921668719,9.849418461897724,-20.260123636684355,0.7190075477185338,-1.4789890254779579,0.7455134026555552,30.10954209858208,-0.06507000039033005,-0.9939327247439849,0.37127916331456157
12,3,0.3,none,4.0,3,T3_illiquid,2486,58.50603378921963,3.373477508268346,-19.42974773302995,10.076248817212834,-59.28781314590582,0.7355661636565368,-4.328010359651125,0.7789051428147303,69.36406196311866,-0.07884301259418858,-0.9999996547704167,0.16251005631536605
12,6,0.1,demean,4.0,6,T1_liquid,1243,19.050683829444893,0.1637365767209567,-1.3461526994588053,2.2145516658429636,-18.218226175784434,0.08083113580326816,-0.6649652554161318,1.2641726133882207,20.4327778416274,-0.033251548372839446,-0.9377106211324523,0.46098149637972646
12,6,0.1,demean,4.0,6,T2_mid,1243,18.98793242156074,3.5475854584259334,-0.8715795980070152,43.31318781395381,-10.647514514467737,1.5809313552093143,-0.3886342797780724,1.350115422701907,53.960702328421554,-0.08060020410560527,-0.8340445263022006,0.49718423169750603
12,6,0.1,demean,4.0,6,T3_illiquid,1243,18.942880128720837,4.1995774581688785,-6.234214952268462,49.752858886479395,-74.06740312334416,1.815979349356498,-2.703460214002062,1.399816374293446,123.82026200982355,-0.10246891923823896,-0.9999318259691802,0.2936444086886565
12,6,0.1,none,4.0,6,T1_liquid,1243,19.050683829444893,0.1637365767209567,-1.3461526994588053,2.2145516658429636,-18.218226175784434,0.08083113580326816,-0.6649652554161318,1.2641726133882207,20.4327778416274,-0.033251548372839446,-0.9377106211324523,0.46098149637972646
12,6,0.1,none,4.0,6,T2_mid,1243,18.98793242156074,3.5475854584259334,-0.8715795980070152,43.31318781395381,-10.647514514467737,1.5809313552093143,-0.3886342797780724,1.350115422701907,53.960702328421554,-0.08060020410560527,-0.8340445263022006,0.49718423169750603
12,6,0.1,none,4.0,6,T3_illiquid,1243,18.942880128720837,4.1995774581688785,-6.234214952268462,49.752858886479395,-74.06740312334416,1.815979349356498,-2.703460214002062,1.399816374293446,123.82026200982355,-0.10246891923823896,-0.9999318259691802,0.2936444086886565
12,6,0.2,demean,4.0,6,T1_liquid,1243,39.17135961383749,0.3233008063479751,-1.8063282592390535,2.736117217714655,-15.289521105872964,0.09986827844658491,-0.5580675203643631,1.1097099712761498,18.025638323587618,-0.033251548372839446,-0.8817397869399456,0.4553499597747385
12,6,0.2,demean,4.0,6,T2_mid,1243,39.02654867256637,3.204198907240071,-2.883185740023681,25.194899463610103,-22.658934042242898,0.9196138304217687,-0.8270510925418657,1.1888986572942388,47.85383350585301,-0.08060020410560527,-0.9477889562449008,0.44006436041834274
12,6,0.2,demean,4.0,6,T3_illiquid,1243,38.921962992759454,4.028821602240471,-8.848407637641026,34.088126451712355,-74.9829715743244,1.244216615487501,-2.7368784624628404,1.2285376480673944,109.07109802603675,-0.10246891923823896,-0.9999286939421154,0.22606596942880128
12,6,0.2,none,4.0,6,T1_liquid,1243,39.17135961383749,0.3233008063479751,-1.8063282592390535,2.736117217714655,-15.289521105872964,0.09986827844658491,-0.5580675203643631,1.1097099712761498,18.025638323587618,-0.033251548372839446,-0.8817397869399456,0.4553499597747385
12,6,0.2,none,4.0,6,T2_mid,1243,39.02654867256637,3.204198907240071,-2.883185740023681,25.194899463610103,-22.658934042242898,0.9196138304217687,-0.8270510925418657,1.1888986572942388,47.85383350585301,-0.08060020410560527,-0.9477889562449008,0.44006436041834274
12,6,0.2,none,4.0,6,T3_illiquid,1243,38.921962992759454,4.028821602240471,-8.848407637641026,34.088126451712355,-74.9829715743244,1.244216615487501,-2.7368784624628404,1.2285376480673944,109.07109802603675,-0.10246891923823896,-0.9999286939421154,0.22606596942880128
12,6,0.3,demean,4.0,6,T1_liquid,1243,59.05872888173773,0.6361000336800889,-1.852142438350638,4.093265764239638,-11.913803580119687,0.1494042003947468,-0.43485383067436856,0.9813166096231254,16.007069344359323,-0.033251548372839446,-0.8057725498173156,0.4456958970233307
12,6,0.3,demean,4.0,6,T2_mid,1243,58.72727272727273,2.9360793499921747,-3.9477469095232642,18.099063526942558,-24.296753472270574,0.6606158187334035,-0.886831501737876,1.0475009957283055,42.39581699921313,-0.08060020410560527,-0.955481757279201,0.40466613032984716
12,6,0.3,demean,4.0,6,T3_illiquid,1243,58.511665325824616,4.012624932119245,-11.289253232466224,25.043778743196935,-70.46078986214236,0.9140979241266881,-2.5718188299681963,1.074829628803192,95.50456860533929,-0.10246891923823896,-0.9998613665071165,0.19629927594529364
12,6,0.3,none,4.0,6,T1_liquid,1243,59.05872888173773,0.6361000336800889,-1.852142438350638,4.093265764239638,-11.913803580119687,0.1494042003947468,-0.43485383067436856,0.9813166096231254,16.007069344359323,-0.033251548372839446,-0.8057725498173156,0.4456958970233307
12,6,0.3,none,4.0,6,T2_mid,1243,58.72727272727273,2.9360793499921747,-3.9477469095232642,18.099063526942558,-24.296753472270574,0.6606158187334035,-0.886831501737876,1.0475009957283055,42.39581699921313,-0.08060020410560527,-0.955481757279201,0.40466613032984716
12,6,0.3,none,4.0,6,T3_illiquid,1243,58.511665325824616,4.012624932119245,-11.289253232466224,25.043778743196935,-70.46078986214236,0.9140979241266881,-2.5718188299681963,1.074829628803192,95.50456860533929,-0.10246891923823896,-0.9998613665071165,0.19629927594529364
12,12,0.1,demean,4.0,12,T1_liquid,622,19.04823151125402,-0.5662670160313318,-1.6949851233219881,-13.70657229943534,-41.021561186932274,-0.25014494446469493,-0.748643491661514,1.686399189413659,27.31498888749693,-0.025667569951209408,-0.9486467894511244,0.43890675241157556
12,12,0.1,demean,4.0,12,T2_mid,622,18.990353697749196,2.7028985487638315,-0.30263885402366286,64.21809267386648,-7.1918246551424865,1.1719801912980632,-0.1312507999563504,1.7847279060703498,71.40991732900898,-0.07432586622969645,-0.7414741595682529,0.4694533762057878
12,12,0.1,demean,4.0,12,T3_illiquid,622,18.94855305466238,2.947028644964611,-3.9433006288029007,68.10806817474499,-91.08844559640706,1.242972244189096,-1.6623641321344287,1.8066438964750862,159.19651377115204,-0.08742285724928102,-0.9975260484931042,0.2942122186495177
12,12,0.1,none,4.0,12,T1_liquid,622,19.04823151125402,-0.5662670160313318,-1.6949851233219881,-13.70657229943534,-41.021561186932274,-0.25014494446469493,-0.748643491661514,1.686399189413659,27.31498888749693,-0.025667569951209408,-0.9486467894511244,0.43890675241157556
12,12,0.1,none,4.0,12,T2_mid,622,18.990353697749196,2.7028985487638315,-0.30263885402366286,64.21809267386648,-7.1918246551424865,1.1719801912980632,-0.1312507999563504,1.7847279060703498,71.40991732900898,-0.07432586622969645,-0.7414741595682529,0.4694533762057878
12,12,0.1,none,4.0,12,T3_illiquid,622,18.94855305466238,2.947028644964611,-3.9433006288029007,68.10806817474499,-91.08844559640706,1.242972244189096,-1.6623641321344287,1.8066438964750862,159.19651377115204,-0.08742285724928102,-0.9975260484931042,0.2942122186495177
12,12,0.2,demean,4.0,12,T1_liquid,622,39.167202572347264,-0.20429077861102768,-1.8133469987998088,-3.2002144825156362,-28.411745620348963,-0.05840391430591036,-0.5185143575713685,1.547105555923805,25.211531137833322,-0.025667569951209408,-0.8607483345848628,0.4405144694533762
12,12,0.2,demean,4.0,12,T2_mid,622,39.032154340836016,2.5938515540066747,-1.7428528504042795,39.44658290586656,-26.498295143257668,0.7199001380320648,-0.48359388636445244,1.6348500978414957,65.94487804912423,-0.07432586622969645,-0.8529013799409619,0.40192926045016075
12,12,0.2,demean,4.0,12,T3_illiquid,622,38.91961414790997,2.349678057011598,-6.338511289413514,39.92568527245485,-107.93546601663034,0.728643756222301,-1.9698222548035038,1.6707517602049768,147.86115128908517,-0.08742285724928102,-0.9990152808917865,0.2090032154340836
12,12,0.2,none,4.0,12,T1_liquid,622,39.167202572347264,-0.20429077861102768,-1.8133469987998088,-3.2002144825156362,-28.411745620348963,-0.05840391430591036,-0.5185143575713685,1.547105555923805,25.211531137833322,-0.025667569951209408,-0.8607483345848628,0.4405144694533762
12,12,0.2,none,4.0,12,T2_mid,622,39.032154340836016,2.5938515540066747,-1.7428528504042795,39.44658290586656,-26.498295143257668,0.7199001380320648,-0.48359388636445244,1.6348500978414957,65.94487804912423,-0.07432586622969645,-0.8529013799409619,0.40192926045016075
12,12,0.2,none,4.0,12,T3_illiquid,622,38.91961414790997,2.349678057011598,-6.338511289413514,39.92568527245485,-107.93546601663034,0.728643756222301,-1.9698222548035038,1.6707517602049768,147.86115128908517,-0.08742285724928102,-0.9990152808917865,0.2090032154340836
12,12,0.3,demean,4.0,12,T1_liquid,622,59.054662379421224,-0.042130816105108465,-1.8936388254379144,-0.5244564054178759,-23.58102838686424,-0.009571329398876236,-0.43035376806027237,1.4083442391531467,23.056571981446364,-0.025667569951209408,-0.8000557765563615,0.43729903536977494
12,12,0.3,demean,4.0,12,T2_mid,622,58.72668810289389,2.436581737879016,-2.8129748828649928,28.15545112267148,-32.4958075476978,0.5138369829887545,-0.5930484877454849,1.4933522380655675,60.65125867036928,-0.07432586622969645,-0.8816294957083881,0.36012861736334406
12,12,0.3,demean,4.0,12,T3_illiquid,622,58.51768488745981,2.1925741032524675,-8.065797528277711,28.614990730481704,-105.50800386146744,0.5222235808312911,-1.9255210704717807,1.5139286529917155,134.12299459194915,-0.08742285724928102,-0.9987840789955803,0.18167202572347266
12,12,0.3,none,4.0,12,T1_liquid,622,59.054662379421224,-0.042130816105108465,-1.8936388254379144,-0.5244564054178759,-23.58102838686424,-0.009571329398876236,-0.43035376806027237,1.4083442391531467,23.056571981446364,-0.025667569951209408,-0.8000557765563615,0.43729903536977494
12,12,0.3,none,4.0,12,T2_mid,622,58.72668810289389,2.436581737879016,-2.8129748828649928,28.15545112267148,-32.4958075476978,0.5138369829887545,-0.5930484877454849,1.4933522380655675,60.65125867036928,-0.07432586622969645,-0.8816294957083881,0.36012861736334406
12,12,0.3,none,4.0,12,T3_illiquid,622,58.51768488745981,2.1925741032524675,-8.065797528277711,28.614990730481704,-105.50800386146744,0.5222235808312911,-1.9255210704717807,1.5139286529917155,134.12299459194915,-0.08742285724928102,-0.9987840789955803,0.18167202572347266
12,24,0.1,demean,4.0,24,T1_liquid,311,19.05466237942122,0.016197353060491113,-0.5312858612693748,0.8303910215948132,-27.23079084762563,0.00757731807205267,-0.24848096648458387,1.718300019023492,28.06118186922046,-0.0231658820417878,-0.7233803638207552,0.4758842443729904
12,24,0.1,demean,4.0,24,T2_mid,311,18.9967845659164,1.512755368469116,-0.13114005114854002,65.59850223103369,-5.691011301164732,0.5985863328581824,-0.051930478123128176,1.7812218417523884,71.28951353219844,-0.06567618741050393,-0.705164945372454,0.4758842443729904
12,24,0.1,demean,4.0,24,T3_illiquid,311,18.964630225080384,1.5755282334446008,-1.8162632207455363,72.56204740264099,-83.59916102986968,0.662128682549099,-0.7628423443975608,1.791510998826111,156.16120843251065,-0.08237871007539688,-0.944481111079601,0.33440514469453375
12,24,0.1,none,4.0,24,T1_liquid,311,19.05466237942122,0.016197353060491113,-0.5312858612693748,0.8303910215948132,-27.23079084762563,0.00757731807205267,-0.24848096648458387,1.718300019023492,28.06118186922046,-0.0231658820417878,-0.7233803638207552,0.4758842443729904
12,24,0.1,none,4.0,24,T2_mid,311,18.9967845659164,1.512755368469116,-0.13114005114854002,65.59850223103369,-5.691011301164732,0.5985863328581824,-0.051930478123128176,1.7812218417523884,71.28951353219844,-0.06567618741050393,-0.705164945372454,0.4758842443729904
12,24,0.1,none,4.0,24,T3_illiquid,311,18.964630225080384,1.5755282334446008,-1.8162632207455363,72.56204740264099,-83.59916102986968,0.662128682549099,-0.7628423443975608,1.791510998826111,156.16120843251065,-0.08237871007539688,-0.944481111079601,0.33440514469453375
12,24,0.2,demean,4.0,24,T1_liquid,311,39.18327974276527,-0.10643513688488684,-0.9340029621989192,-3.3287217750621374,-29.182868113826814,-0.030374586197442002,-0.2662936715386697,1.565584582084534,25.854146338764682,-0.0231658820417878,-0.6248123996363855,0.4790996784565916
12,24,0.2,demean,4.0,24,T2_mid,311,39.035369774919616,1.0828629454380843,-1.0038189527472714,34.316985891043736,-31.86889298277689,0.3131424962557741,-0.2908036484678391,1.6277347071820258,66.18587887382063,-0.06567618741050393,-0.7281498246911384,0.41479099678456594
12,24,0.2,demean,4.0,24,T3_illiquid,311,38.945337620578776,2.051278769730715,-2.5935304265861876,62.725763322350964,-79.09480028470719,0.5723725903164526,-0.721740052597953,1.6212441865180665,141.82056360705815,-0.08237871007539688,-0.9268737083325067,0.29260450160771706
12,24,0.2,none,4.0,24,T1_liquid,311,39.18327974276527,-0.10643513688488684,-0.9340029621989192,-3.3287217750621374,-29.182868113826814,-0.030374586197442002,-0.2662936715386697,1.565584582084534,25.854146338764682,-0.0231658820417878,-0.6248123996363855,0.4790996784565916
12,24,0.2,none,4.0,24,T2_mid,311,39.035369774919616,1.0828629454380843,-1.0038189527472714,34.316985891043736,-31.86889298277689,0.3131424962557741,-0.2908036484678391,1.6277347071820258,66.18587887382063,-0.06567618741050393,-0.7281498246911384,0.41479099678456594
12,24,0.2,none,4.0,24,T3_illiquid,311,38.945337620578776,2.051278769730715,-2.5935304265861876,62.725763322350964,-79.09480028470719,0.5723725903164526,-0.721740052597953,1.6212441865180665,141.82056360705815,-0.08237871007539688,-0.9268737083325067,0.29260450160771706
12,24,0.3,demean,4.0,24,T1_liquid,311,59.067524115755624,-0.021142861564475954,-0.9518537211895732,-0.5365417085673683,-24.121303606338564,-0.0048959430906772355,-0.2201068954078394,1.4168460539873546,23.584761897771198,-0.0231658820417878,-0.5497690161452328,0.4662379421221865
12,24,0.3,demean,4.0,24,T2_mid,311,58.752411575562704,0.8487709579477694,-1.7056838841799253,20.0802470324717,-40.43541507930826,0.18323225417130426,-0.3689731625986878,1.4730998863607505,60.51566211177995,-0.06567618741050393,-0.7602170962017918,0.39228295819935693
12,24,0.3,demean,4.0,24,T3_illiquid,311,58.559485530546624,1.5650244983410468,-3.2484321466237436,41.437839937844004,-85.82762079755098,0.3781202894328265,-0.7831770397776526,1.4541593690243255,127.26546073539498,-0.08237871007539688,-0.9394361033763086,0.22508038585209003
12,24,0.3,none,4.0,24,T1_liquid,311,59.067524115755624,-0.021142861564475954,-0.9518537211895732,-0.5365417085673683,-24.121303606338564,-0.0048959430906772355,-0.2201068954078394,1.4168460539873546,23.584761897771198,-0.0231658820417878,-0.5497690161452328,0.4662379421221865
12,24,0.3,none,4.0,24,T2_mid,311,58.752411575562704,0.8487709579477694,-1.7056838841799253,20.0802470324717,-40.43541507930826,0.18323225417130426,-0.3689731625986878,1.4730998863607505,60.51566211177995,-0.06567618741050393,-0.7602170962017918,0.39228295819935693
12,24,0.3,none,4.0,24,T3_illiquid,311,58.559485530546624,1.5650244983410468,-3.2484321466237436,41.437839937844004,-85.82762079755098,0.3781202894328265,-0.7831770397776526,1.4541593690243255,127.26546073539498,-0.08237871007539688,-0.9394361033763086,0.22508038585209003
24,3,0.1,demean,4.0,3,T1_liquid,2486,19.045856798069188,-0.18873380013981747,-1.8063416557977212,-1.252265256385115,-11.994169704846282,-0.0914153637161134,-0.8755743884537787,0.6642165390254691,10.741904448461165,-0.03318026170210474,-0.9710144712198945,0.47224456958970235
24,3,0.1,demean,4.0,3,T2_mid,2486,18.983105390185035,3.632836424535372,-1.5718461265782175,21.068447649657926,-9.12564907555304,1.5379966784250285,-0.6661723825153719,0.7565671076934151,30.194096725210965,-0.07148685794040366,-0.9326228094794996,0.4915526950925181
24,3,0.1,demean,4.0,3,T3_illiquid,2486,18.942880128720837,3.8720743682320777,-10.002314393906543,20.420759294335838,-53.1716806202682,1.4907154284865163,-3.881532685279579,0.8323270052554043,73.59243991460404,-0.07788936449745719,-0.9999987964021027,0.29806918744971844
24,3,0.1,none,4.0,3,T1_liquid,2486,19.045856798069188,-0.18873380013981747,-1.8063416557977212,-1.252265256385115,-11.994169704846282,-0.0914153637161134,-0.8755743884537787,0.6642165390254691,10.741904448461165,-0.03318026170210474,-0.9710144712198945,0.47224456958970235
24,3,0.1,none,4.0,3,T2_mid,2486,18.983105390185035,3.632836424535372,-1.5718461265782175,21.068447649657926,-9.12564907555304,1.5379966784250285,-0.6661723825153719,0.7565671076934151,30.194096725210965,-0.07148685794040366,-0.9326228094794996,0.4915526950925181
24,3,0.1,none,4.0,3,T3_illiquid,2486,18.942880128720837,3.8720743682320777,-10.002314393906543,20.420759294335838,-53.1716806202682,1.4907154284865163,-3.881532685279579,0.8323270052554043,73.59243991460404,-0.07788936449745719,-0.9999987964021027,0.29806918744971844
24,3,0.2,demean,4.0,3,T1_liquid,2486,39.16492357200322,-0.12189131937267508,-2.314657985188399,-0.5109097963863443,-9.709732007756932,-0.037296415136203125,-0.708810436566256,0.565334109590388,9.198822211370588,-0.03318026170210474,-0.9337294928757621,0.46983105390185037
24,3,0.2,demean,4.0,3,T2_mid,2486,39.02413515687852,3.587245393782963,-3.220971660393506,13.54973480135041,-12.217032347055632,0.98913064049858,-0.891843361335061,0.6399719874077684,25.766767148406043,-0.07148685794040366,-0.9623962952198122,0.4440868865647627
24,3,0.2,demean,4.0,3,T3_illiquid,2486,38.9195494770716,4.060724866275689,-12.577353891496614,14.935551264124536,-46.529516830448124,1.0902952422810912,-3.396654728622713,0.6929632752728669,61.465068094572665,-0.07788936449745719,-0.9999925455144802,0.24014481094127113
24,3,0.2,none,4.0,3,T1_liquid,2486,39.16492357200322,-0.12189131937267508,-2.314657985188399,-0.5109097963863443,-9.709732007756932,-0.037296415136203125,-0.708810436566256,0.565334109590388,9.198822211370588,-0.03318026170210474,-0.9337294928757621,0.46983105390185037
24,3,0.2,none,4.0,3,T2_mid,2486,39.02413515687852,3.587245393782963,-3.220971660393506,13.54973480135041,-12.217032347055632,0.98913064049858,-0.891843361335061,0.6399719874077684,25.766767148406043,-0.07148685794040366,-0.9623962952198122,0.4440868865647627
24,3,0.2,none,4.0,3,T3_illiquid,2486,38.9195494770716,4.060724866275689,-12.577353891496614,14.935551264124536,-46.529516830448124,1.0902952422810912,-3.396654728622713,0.6929632752728669,61.465068094572665,-0.07788936449745719,-0.9999925455144802,0.24014481094127113
24,3,0.3,demean,4.0,3,T1_liquid,2486,59.05711987127916,-0.4343306144642197,-2.9137267918386107,-1.3940956381092862,-9.353150399442253,-0.10176898158197789,-0.6827799791592845,0.4870719622037688,7.959054761332966,-0.03318026170210474,-0.9194011860227566,0.46017699115044247
24,3,0.3,demean,4.0,3,T2_mid,2486,58.71198712791633,3.143175574096031,-4.340059588828133,9.396857714742499,-13.026685599283182,0.6859706131762024,-0.9509480487476722,0.5531616836457556,22.42354331402568,-0.07148685794040366,-0.9671026538607597,0.416733708769107
24,3,0.3,demean,4.0,3,T3_illiquid,2486,58.50603378921963,4.273792213863292,-13.688421591626387,12.378312610019295,-40.23297543109455,0.9036168205314086,-2.9370072064699024,0.592806390048367,52.61128804111385,-0.07788936449745719,-0.9999626440143294,0.23129525341914722
24,3,0.3,none,4.0,3,T1_liquid,2486,59.05711987127916,-0.4343306144642197,-2.9137267918386107,-1.3940956381092862,-9.353150399442253,-0.10176898158197789,-0.6827799791592845,0.4870719622037688,7.959054761332966,-0.03318026170210474,-0.9194011860227566,0.46017699115044247
24,3,0.3,none,4.0,3,T2_mid,2486,58.71198712791633,3.143175574096031,-4.340059588828133,9.396857714742499,-13.026685599283182,0.6859706131762024,-0.9509480487476722,0.5531616836457556,22.42354331402568,-0.07148685794040366,-0.9671026538607597,0.416733708769107
24,3,0.3,none,4.0,3,T3_illiquid,2486,58.50603378921963,4.273792213863292,-13.688421591626387,12.378312610019295,-40.23297543109455,0.9036168205314086,-2.9370072064699024,0.592806390048367,52.61128804111385,-0.07788936449745719,-0.9999626440143294,0.23129525341914722
24,6,0.1,demean,4.0,6,T1_liquid,1243,19.050683829444893,0.012979202932603604,-1.0798606893719338,0.18044628507229502,-15.01946862079595,0.006586289405138768,-0.5482106046590521,0.937550078418944,15.199914905868248,-0.039418897160343816,-0.9221148662371597,0.49718423169750603
24,6,0.1,demean,4.0,6,T2_mid,1243,18.98793242156074,2.812578377684969,-0.6206566347892387,34.30817245237394,-7.575163841260019,1.2522482945116487,-0.2764934802059907,1.0495852386640803,41.88333629363396,-0.09091768224726068,-0.7948417454506225,0.5309734513274337
24,6,0.1,demean,4.0,6,T3_illiquid,1243,18.942880128720837,3.829791890714279,-5.066315987256161,42.2305575348691,-55.96024864205937,1.5414153500227221,-2.0425490754351667,1.1144135586412336,98.19080617692846,-0.09978141568264856,-0.9993882419867246,0.34513274336283184
24,6,0.1,none,4.0,6,T1_liquid,1243,19.050683829444893,0.012979202932603604,-1.0798606893719338,0.18044628507229502,-15.01946862079595,0.006586289405138768,-0.5482106046590521,0.937550078418944,15.199914905868248,-0.039418897160343816,-0.9221148662371597,0.49718423169750603
24,6,0.1,none,4.0,6,T2_mid,1243,18.98793242156074,2.812578377684969,-0.6206566347892387,34.30817245237394,-7.575163841260019,1.2522482945116487,-0.2764934802059907,1.0495852386640803,41.88333629363396,-0.09091768224726068,-0.7948417454506225,0.5309734513274337
24,6,0.1,none,4.0,6,T3_illiquid,1243,18.942880128720837,3.829791890714279,-5.066315987256161,42.2305575348691,-55.96024864205937,1.5414153500227221,-2.0425490754351667,1.1144135586412336,98.19080617692846,-0.09978141568264856,-0.9993882419867246,0.34513274336283184
24,6,0.2,demean,4.0,6,T1_liquid,1243,39.17135961383749,-0.2548053904522958,-1.7356927832284264,-2.2656352548954675,-15.434438686057504,-0.08269568680368457,-0.5633570120410989,0.8068448313126352,13.16880343116204,-0.039418897160343816,-0.8902449867361218,0.46419951729686243
24,6,0.2,demean,4.0,6,T2_mid,1243,39.02654867256637,3.205621799082922,-1.4503267744923376,24.9776852162615,-11.304822980531242,0.9116855103935447,-0.41262603878939036,0.8998217034372518,36.28250819679274,-0.09091768224726068,-0.8280540529211333,0.4923572003218021
24,6,0.2,demean,4.0,6,T3_illiquid,1243,38.921962992759454,4.187160524671168,-6.792613511769108,31.73395458770553,-51.4120206918204,1.158289342451252,-1.8765387552514448,0.9404929611921351,83.14597527952597,-0.09978141568264856,-0.9986560958205078,0.28881737731295254
24,6,0.2,none,4.0,6,T1_liquid,1243,39.17135961383749,-0.2548053904522958,-1.7356927832284264,-2.2656352548954675,-15.434438686057504,-0.08269568680368457,-0.5633570120410989,0.8068448313126352,13.16880343116204,-0.039418897160343816,-0.8902449867361218,0.46419951729686243
24,6,0.2,none,4.0,6,T2_mid,1243,39.02654867256637,3.205621799082922,-1.4503267744923376,24.9776852162615,-11.304822980531242,0.9116855103935447,-0.41262603878939036,0.8998217034372518,36.28250819679274,-0.09091768224726068,-0.8280540529211333,0.4923572003218021
24,6,0.2,none,4.0,6,T3_illiquid,1243,38.921962992759454,4.187160524671168,-6.792613511769108,31.73395458770553,-51.4120206918204,1.158289342451252,-1.8765387552514448,0.9404929611921351,83.14597527952597,-0.09978141568264856,-0.9986560958205078,0.28881737731295254
24,6,0.3,demean,4.0,6,T1_liquid,1243,59.05872888173773,-0.29495243385373604,-1.9895248895093547,-2.007263723864714,-13.540027272647134,-0.07326512592106206,-0.49421099545162034,0.7020164874768161,11.532763548782418,-0.039418897160343816,-0.8477510343363133,0.45454545454545453
24,6,0.3,demean,4.0,6,T2_mid,1243,58.72405470635559,2.8771903963221224,-2.2544187071755095,17.811742741607087,-13.967494189748535,0.6501286100686587,-0.5098135379258215,0.7821757202070481,31.779236931355623,-0.09091768224726068,-0.8703388272440955,0.45213193885760256
24,6,0.3,demean,4.0,6,T3_illiquid,1243,58.511665325824616,4.405328559250293,-7.304896718373812,26.996817873314516,-45.17449978629398,0.9853838523759798,-1.6488692421997302,0.8155489515463913,72.17131765960849,-0.09978141568264856,-0.9969344863738124,0.27996781979082863
24,6,0.3,none,4.0,6,T1_liquid,1243,59.05872888173773,-0.29495243385373604,-1.9895248895093547,-2.007263723864714,-13.540027272647134,-0.07326512592106206,-0.49421099545162034,0.7020164874768161,11.532763548782418,-0.039418897160343816,-0.8477510343363133,0.45454545454545453
24,6,0.3,none,4.0,6,T2_mid,1243,58.72405470635559,2.8771903963221224,-2.2544187071755095,17.811742741607087,-13.967494189748535,0.6501286100686587,-0.5098135379258215,0.7821757202070481,31.779236931355623,-0.09091768224726068,-0.8703388272440955,0.45213193885760256
24,6,0.3,none,4.0,6,T3_illiquid,1243,58.511665325824616,4.405328559250293,-7.304896718373812,26.996817873314516,-45.17449978629398,0.9853838523759798,-1.6488692421997302,0.8155489515463913,72.17131765960849,-0.09978141568264856,-0.9969344863738124,0.27996781979082863
24,12,0.1,demean,4.0,12,T1_liquid,622,19.04823151125402,-0.6842450247325366,-1.5023683228743945,-17.363376997366274,-38.131702883698594,-0.3168816302019345,-0.6959035776274993,1.2776828343146671,20.768325886332313,-0.03419351351181528,-0.941677636464101,0.4758842443729904
24,12,0.1,demean,4.0,12,T2_mid,622,18.990353697749196,1.263504805075356,-1.0967775032001297,29.89553520950494,-25.97001864089618,0.5455935175734652,-0.47395284019635525,1.4002474213889005,55.86555385040112,-0.08635053864326567,-0.8800064064041012,0.5096463022508039
24,12,0.1,demean,4.0,12,T3_illiquid,622,18.94855305466238,2.740042593652983,-3.1982557833354495,58.11055162170479,-67.83303659161814,1.0605175670961124,-1.2379529177970312,1.4366038659447018,125.94358821332294,-0.08992880033492219,-0.9894956155202417,0.3520900321543408
24,12,0.1,none,4.0,12,T1_liquid,622,19.04823151125402,-0.6842450247325366,-1.5023683228743945,-17.363376997366274,-38.131702883698594,-0.3168816302019345,-0.6959035776274993,1.2776828343146671,20.768325886332313,-0.03419351351181528,-0.941677636464101,0.4758842443729904
24,12,0.1,none,4.0,12,T2_mid,622,18.990353697749196,1.263504805075356,-1.0967775032001297,29.89553520950494,-25.97001864089618,0.5455935175734652,-0.47395284019635525,1.4002474213889005,55.86555385040112,-0.08635053864326567,-0.8800064064041012,0.5096463022508039
24,12,0.1,none,4.0,12,T3_illiquid,622,18.94855305466238,2.740042593652983,-3.1982557833354495,58.11055162170479,-67.83303659161814,1.0605175670961124,-1.2379529177970312,1.4366038659447018,125.94358821332294,-0.08992880033492219,-0.9894956155202417,0.3520900321543408
24,12,0.2,demean,4.0,12,T1_liquid,622,39.167202572347264,-0.8041340349448368,-1.898317865895867,-13.514214350048388,-31.927728688825574,-0.2466344118883831,-0.5826810485710667,1.1232404184087346,18.41351433877719,-0.03419351351181528,-0.8893370471719418,0.4453376205787781
24,12,0.2,demean,4.0,12,T2_mid,622,39.032154340836016,1.6610947643917142,-1.4719011962277828,26.369954324435167,-23.397610052658035,0.4812516664209418,-0.42700638346100916,1.2298044278039904,49.7675643770932,-0.08635053864326567,-0.8210445377669151,0.45016077170418006
24,12,0.2,demean,4.0,12,T3_illiquid,622,38.91961414790997,2.4693344850967054,-4.26642160297558,40.385260050149405,-69.91371090133495,0.7370309959152266,-1.275925223949363,1.2529712476442776,110.29897095148435,-0.08992880033492219,-0.9898245431349587,0.2909967845659164
24,12,0.2,none,4.0,12,T1_liquid,622,39.167202572347264,-0.8041340349448368,-1.898317865895867,-13.514214350048388,-31.927728688825574,-0.2466344118883831,-0.5826810485710667,1.1232404184087346,18.41351433877719,-0.03419351351181528,-0.8893370471719418,0.4453376205787781
24,12,0.2,none,4.0,12,T2_mid,622,39.032154340836016,1.6610947643917142,-1.4719011962277828,26.369954324435167,-23.397610052658035,0.4812516664209418,-0.42700638346100916,1.2298044278039904,49.7675643770932,-0.08635053864326567,-0.8210445377669151,0.45016077170418006
24,12,0.2,none,4.0,12,T3_illiquid,622,38.91961414790997,2.4693344850967054,-4.26642160297558,40.385260050149405,-69.91371090133495,0.7370309959152266,-1.275925223949363,1.2529712476442776,110.29897095148435,-0.08992880033492219,-0.9898245431349587,0.2909967845659164
24,12,0.3,demean,4.0,12,T1_liquid,622,59.054662379421224,-0.9351328750330784,-2.227998656399589,-11.864398633272813,-28.285536467395385,-0.21652527505722882,-0.5162110405299658,0.9942336135047459,16.421137834122575,-0.03419351351181528,-0.8497250712325672,0.41479099678456594
24,12,0.3,demean,4.0,12,T2_mid,622,58.72347266881029,1.906149358046372,-1.8687754454712528,22.472404393164997,-22.091566750213378,0.4101213801752612,-0.40317109319139416,1.0912978616555675,44.56397114337837,-0.08635053864326567,-0.7917612961101173,0.4340836012861736
24,12,0.3,demean,4.0,12,T3_illiquid,622,58.51768488745981,2.924346341364983,-4.6882463108780374,37.096172214351135,-59.88699837232621,0.6770051429119083,-1.0929377202949533,1.1008674443605535,96.98317058667735,-0.08992880033492219,-0.9788835659036454,0.2845659163987138
24,12,0.3,none,4.0,12,T1_liquid,622,59.054662379421224,-0.9351328750330784,-2.227998656399589,-11.864398633272813,-28.285536467395385,-0.21652527505722882,-0.5162110405299658,0.9942336135047459,16.421137834122575,-0.03419351351181528,-0.8497250712325672,0.41479099678456594
24,12,0.3,none,4.0,12,T2_mid,622,58.72347266881029,1.906149358046372,-1.8687754454712528,22.472404393164997,-22.091566750213378,0.4101213801752612,-0.40317109319139416,1.0912978616555675,44.56397114337837,-0.08635053864326567,-0.7917612961101173,0.4340836012861736
24,12,0.3,none,4.0,12,T3_illiquid,622,58.51768488745981,2.924346341364983,-4.6882463108780374,37.096172214351135,-59.88699837232621,0.6770051429119083,-1.0929377202949533,1.1008674443605535,96.98317058667735,-0.08992880033492219,-0.9788835659036454,0.2845659163987138
24,24,0.1,demean,4.0,24,T1_liquid,311,19.05466237942122,-0.3814810285936678,-0.9356185303878201,-19.303919619837288,-47.34482615881458,-0.17614826653101523,-0.432021538699183,1.7128884156215347,28.040906538977275,-0.03536658438798585,-0.8639774957514493,0.47266881028938906
24,24,0.1,demean,4.0,24,T2_mid,311,18.9967845659164,0.49659571564740557,-1.0998437811599164,22.38971204522426,-49.655005919911716,0.20430612241267138,-0.45310192901919444,1.8049335801747377,72.04471796513597,-0.07561322621414604,-0.8611569597030364,0.4662379421221865
24,24,0.1,demean,4.0,24,T3_illiquid,311,18.964630225080384,1.0897478188172525,-2.951776364910078,42.60483964327882,-115.29703417065288,0.38876916174491927,-1.0520854368072075,1.8140041898080483,157.9018738139317,-0.07955661521869974,-0.9771654839420365,0.34726688102893893
24,24,0.1,none,4.0,24,T1_liquid,311,19.05466237942122,-0.3814810285936678,-0.9356185303878201,-19.303919619837288,-47.34482615881458,-0.17614826653101523,-0.432021538699183,1.7128884156215347,28.040906538977275,-0.03536658438798585,-0.8639774957514493,0.47266881028938906
24,24,0.1,none,4.0,24,T2_mid,311,18.9967845659164,0.49659571564740557,-1.0998437811599164,22.38971204522426,-49.655005919911716,0.20430612241267138,-0.45310192901919444,1.8049335801747377,72.04471796513597,-0.07561322621414604,-0.8611569597030364,0.4662379421221865
24,24,0.1,none,4.0,24,T3_illiquid,311,18.964630225080384,1.0897478188172525,-2.951776364910078,42.60483964327882,-115.29703417065288,0.38876916174491927,-1.0520854368072075,1.8140041898080483,157.9018738139317,-0.07955661521869974,-0.9771654839420365,0.34726688102893893
24,24,0.2,demean,4.0,24,T1_liquid,311,39.18327974276527,-0.4297643901127594,-1.2126040392162971,-14.152522865595625,-39.94351046226824,-0.12914177114856007,-0.36448453296819777,1.5630725586031278,25.79098759667263,-0.03536658438798585,-0.7269379538490945,0.4405144694533762
24,24,0.2,demean,4.0,24,T2_mid,311,39.035369774919616,0.5477625759181421,-1.5035559477166485,18.050284996756826,-49.5743570213411,0.16470885059540605,-0.4523660078197375,1.6659968800970995,67.62464201809792,-0.07561322621414604,-0.8424492260163037,0.4437299035369775
24,24,0.2,demean,4.0,24,T3_illiquid,311,38.945337620578776,1.7441590292914173,-2.8713185268910477,55.51003730218292,-91.53775797404292,0.5065290903824192,-0.8352820415131416,1.6795009957345124,147.0477952762258,-0.07955661521869974,-0.9528291409530268,0.2990353697749196
24,24,0.2,none,4.0,24,T1_liquid,311,39.18327974276527,-0.4297643901127594,-1.2126040392162971,-14.152522865595625,-39.94351046226824,-0.12914177114856007,-0.36448453296819777,1.5630725586031278,25.79098759667263,-0.03536658438798585,-0.7269379538490945,0.4405144694533762
24,24,0.2,none,4.0,24,T2_mid,311,39.035369774919616,0.5477625759181421,-1.5035559477166485,18.050284996756826,-49.5743570213411,0.16470885059540605,-0.4523660078197375,1.6659968800970995,67.62464201809792,-0.07561322621414604,-0.8424492260163037,0.4437299035369775
24,24,0.2,none,4.0,24,T3_illiquid,311,38.945337620578776,1.7441590292914173,-2.8713185268910477,55.51003730218292,-91.53775797404292,0.5065290903824192,-0.8352820415131416,1.6795009957345124,147.0477952762258,-0.07955661521869974,-0.9528291409530268,0.2990353697749196
24,24,0.3,demean,4.0,24,T1_liquid,311,59.067524115755624,-0.3009266645380269,-1.2162369589016537,-7.791002105266075,-31.520797328381892,-0.07109289421055293,-0.28762727562148477,1.4262107404942217,23.729795223115822,-0.03536658438798585,-0.6253943145209495,0.45016077170418006
24,24,0.3,demean,4.0,24,T2_mid,311,58.752411575562704,0.7510135717866644,-1.7807689630290746,18.496860164662824,-43.89114307835821,0.16878384900254825,-0.4005066805900187,1.5215492771139738,62.38800324302103,-0.07561322621414604,-0.8008376164370545,0.38263665594855306
24,24,0.3,demean,4.0,24,T3_illiquid,311,58.559485530546624,1.8145240035213326,-3.8437682237976873,42.709963726356,-90.73407643410032,0.38972841900299854,-0.8279484474611655,1.5227801856382168,133.44404016045632,-0.07955661521869974,-0.9468371200029426,0.28938906752411575
24,24,0.3,none,4.0,24,T1_liquid,311,59.067524115755624,-0.3009266645380269,-1.2162369589016537,-7.791002105266075,-31.520797328381892,-0.07109289421055293,-0.28762727562148477,1.4262107404942217,23.729795223115822,-0.03536658438798585,-0.6253943145209495,0.45016077170418006
24,24,0.3,none,4.0,24,T2_mid,311,58.752411575562704,0.7510135717866644,-1.7807689630290746,18.496860164662824,-43.89114307835821,0.16878384900254825,-0.4005066805900187,1.5215492771139738,62.38800324302103,-0.07561322621414604,-0.8008376164370545,0.38263665594855306
24,24,0.3,none,4.0,24,T3_illiquid,311,58.559485530546624,1.8145240035213326,-3.8437682237976873,42.709963726356,-90.73407643410032,0.38972841900299854,-0.8279484474611655,1.5227801856382168,133.44404016045632,-0.07955661521869974,-0.9468371200029426,0.28938906752411575
