{
  "BTC_FUNDING": {
    "funding_8h_pct": 0.1033263576768119,
    "funding_ann_pct": 0.11270163025341166,
    "funding_7d_avg_ann": 0.11677805117827021,
    "funding_trend": 0.013097727523372741,
    "funding_pct_positive": 0.04470865466985341,
    "funding_volatility": 0.02631213453871032,
    "basis_pct": 0.07931044375291836,
    "basis_7d_avg": 0.02968963844563011,
    "basis_trend_24h": 0.007121279594995071,
    "spot_vol_24h_ann": 0.005520999841826223,
    "vol_regime": 0.00440665931674487,
    "cfg_min_funding_norm": 0.4566818092851626,
    "cfg_hold_days_norm": 2.129808736551986e-05,
    "cfg_min_pct_pos_norm": 0.000323315834926912
  },
  "ETH_FUNDING": {
    "funding_8h_pct": 0.1124067195842398,
    "funding_ann_pct": 0.12675114004702304,
    "funding_7d_avg_ann": 0.07486152269320884,
    "funding_trend": 0.013859928066113462,
    "funding_pct_positive": 0.03408955184029714,
    "funding_volatility": 0.02351068348026606,
    "basis_pct": 0.07649177393491449,
    "basis_7d_avg": 0.024547142072148948,
    "basis_trend_24h": 0.008067604104634835,
    "spot_vol_24h_ann": 0.003340738782395964,
    "vol_regime": 0.002347708187765362,
    "cfg_min_funding_norm": 0.49954748343571476,
    "cfg_hold_days_norm": 4.9840425251615304e-05,
    "cfg_min_pct_pos_norm": 0.00012816334602587406
  },
  "SOL_FUNDING": {
    "funding_8h_pct": 0.12498100816343417,
    "funding_ann_pct": 0.14012840769543072,
    "funding_7d_avg_ann": 0.07629816193587309,
    "funding_trend": 0.02008312862553028,
    "funding_pct_positive": 0.05117435030499018,
    "funding_volatility": 0.022435119698284944,
    "basis_pct": 0.10365040815853944,
    "basis_7d_avg": 0.028958091375151297,
    "basis_trend_24h": 0.007715488619762557,
    "spot_vol_24h_ann": 0.005245868688621337,
    "vol_regime": 0.004004647064754615,
    "cfg_min_funding_norm": 0.41490068445746886,
    "cfg_hold_days_norm": 2.157886053598483e-05,
    "cfg_min_pct_pos_norm": 0.00040305635162263834
  },
  "XRP_FUNDING": {
    "funding_8h_pct": 0.0733952749328044,
    "funding_ann_pct": 0.07965056814064364,
    "funding_7d_avg_ann": 0.08584196699059782,
    "funding_trend": 0.01319740720278028,
    "funding_pct_positive": 0.03623500729426269,
    "funding_volatility": 0.026867093118658637,
    "basis_pct": 0.07617975936901958,
    "basis_7d_avg": 0.04343674825842683,
    "basis_trend_24h": 0.007438055623980664,
    "spot_vol_24h_ann": 0.00929332246637581,
    "vol_regime": 0.010264658533465042,
    "cfg_min_funding_norm": 0.5377937352733939,
    "cfg_hold_days_norm": 0.0001283869534999828,
    "cfg_min_pct_pos_norm": 0.00027801584209071644
  },
  "ADA_FUNDING": {
    "funding_8h_pct": 0.08962705812856492,
    "funding_ann_pct": 0.09395303167103033,
    "funding_7d_avg_ann": 0.07680579086939805,
    "funding_trend": 0.015923106235905874,
    "funding_pct_positive": 0.034806752669471225,
    "funding_volatility": 0.021717219030390488,
    "basis_pct": 0.07820645440198443,
    "basis_7d_avg": 0.03491222007992315,
    "basis_trend_24h": 0.008631672938946197,
    "spot_vol_24h_ann": 0.005150664828388497,
    "vol_regime": 0.005689027699286052,
    "cfg_min_funding_norm": 0.5324445510252401,
    "cfg_hold_days_norm": 4.921108963946669e-05,
    "cfg_min_pct_pos_norm": 0.002083239331831135
  },
  "AVAX_FUNDING": {
    "funding_8h_pct": 0.12368541200601947,
    "funding_ann_pct": 0.13358405865832676,
    "funding_7d_avg_ann": 0.20260026554392263,
    "funding_trend": 0.01659511264243139,
    "funding_pct_positive": 0.06570145307942428,
    "funding_volatility": 0.03203321503359942,
    "basis_pct": 0.06147859351677537,
    "basis_7d_avg": 0.09921931368142173,
    "basis_trend_24h": 0.0033837590805168463,
    "spot_vol_24h_ann": 0.006257033654670233,
    "vol_regime": 0.005393941133354401,
    "cfg_min_funding_norm": 0.24550192307777435,
    "cfg_hold_days_norm": 3.9186901011988916e-05,
    "cfg_min_pct_pos_norm": 0.0045267319907511495
  }
}