{
  "MPC_PSX": {
    "spread_z_eod": 0.037743327511369815,
    "spread_vol_5d": 0.027581203889613878,
    "vol_ratio": 0.030907431736017062,
    "hurst_20d": 0.0,
    "vr_5": 0.04178987437156632,
    "corr_20d": 0.04709645336466524,
    "spread_ret_5d": 0.03474761701710239,
    "intraday_vol": 0.04688428802073827,
    "cfg_lookback_minutes": 0.2934298504242684,
    "cfg_entry_z": 0.43925929990337387,
    "cfg_exit_z": 0.00044176852630937265,
    "cfg_stop_z": 0.00011888523497541743
  },
  "MTCH_PAYC": {
    "spread_z_eod": 0.040310693497262476,
    "spread_vol_5d": 0.04113630000079757,
    "vol_ratio": 0.05619606256647064,
    "hurst_20d": 0.0,
    "vr_5": 0.036066937467581196,
    "corr_20d": 0.05455095199790982,
    "spread_ret_5d": 0.037143842849568676,
    "intraday_vol": 0.0830987396323535,
    "cfg_lookback_minutes": 0.20083167933250362,
    "cfg_entry_z": 0.45030061851868075,
    "cfg_exit_z": 0.0003182481768324741,
    "cfg_stop_z": 4.592596003931576e-05
  },
  "GIS_CAG": {
    "spread_z_eod": 0.027830178343184818,
    "spread_vol_5d": 0.04518605860165332,
    "vol_ratio": 0.028825735033542937,
    "hurst_20d": 0.0,
    "vr_5": 0.033140820439347025,
    "corr_20d": 0.04754202786082174,
    "spread_ret_5d": 0.025824760432450425,
    "intraday_vol": 0.03483005051654825,
    "cfg_lookback_minutes": 0.3287115803586796,
    "cfg_entry_z": 0.42710486259828295,
    "cfg_exit_z": 0.0008564315701199846,
    "cfg_stop_z": 0.00014749424536899468
  },
  "PAYX_ADP": {
    "spread_z_eod": 0.027994354440398928,
    "spread_vol_5d": 0.04944302781913215,
    "vol_ratio": 0.07088864686896065,
    "hurst_20d": 0.0,
    "vr_5": 0.032459121231829334,
    "corr_20d": 0.04262172121278939,
    "spread_ret_5d": 0.041016225306509016,
    "intraday_vol": 0.042592753227338055,
    "cfg_lookback_minutes": 0.282431436395651,
    "cfg_entry_z": 0.4101719981543912,
    "cfg_exit_z": 0.0002840414423646675,
    "cfg_stop_z": 9.667390063566278e-05
  },
  "PG_CHD": {
    "spread_z_eod": 0.03002562632865113,
    "spread_vol_5d": 0.06881553229404136,
    "vol_ratio": 0.027387565982183136,
    "hurst_20d": 0.0,
    "vr_5": 0.07363750027907882,
    "corr_20d": 0.04355360173562977,
    "spread_ret_5d": 0.03567476899812855,
    "intraday_vol": 0.03110692857488621,
    "cfg_lookback_minutes": 0.2980322090475874,
    "cfg_entry_z": 0.3912678327075893,
    "cfg_exit_z": 0.00035877713411821925,
    "cfg_stop_z": 0.00013965691810611245
  },
  "CVX_DVN": {
    "spread_z_eod": 0.030352020142824045,
    "spread_vol_5d": 0.03090212598913774,
    "vol_ratio": 0.02811025866852814,
    "hurst_20d": 0.0,
    "vr_5": 0.02519168702003646,
    "corr_20d": 0.03170392446271699,
    "spread_ret_5d": 0.03879241734849144,
    "intraday_vol": 0.0424737478292621,
    "cfg_lookback_minutes": 0.32716254837651326,
    "cfg_entry_z": 0.4449138571723509,
    "cfg_exit_z": 0.00030329876275859426,
    "cfg_stop_z": 9.411422738016553e-05
  },
  "AIG_L": {
    "spread_z_eod": 0.040065503639190946,
    "spread_vol_5d": 0.05038589695906818,
    "vol_ratio": 0.050674485911136116,
    "hurst_20d": 0.0,
    "vr_5": 0.038180092141238235,
    "corr_20d": 0.03334931745474801,
    "spread_ret_5d": 0.025573523116654194,
    "intraday_vol": 0.035043330747422496,
    "cfg_lookback_minutes": 0.24720288577642033,
    "cfg_entry_z": 0.47927239732269317,
    "cfg_exit_z": 0.00020673592606952046,
    "cfg_stop_z": 4.583100535878434e-05
  },
  "GDDY_KKR": {
    "spread_z_eod": 0.0468435724547949,
    "spread_vol_5d": 0.04443327187037807,
    "vol_ratio": 0.05901275664812764,
    "hurst_20d": 0.0,
    "vr_5": 0.03974255084381402,
    "corr_20d": 0.05473240619360489,
    "spread_ret_5d": 0.041280888457746315,
    "intraday_vol": 0.036140339208328424,
    "cfg_lookback_minutes": 0.17050527050623798,
    "cfg_entry_z": 0.5069240191372141,
    "cfg_exit_z": 0.00021418789309593175,
    "cfg_stop_z": 0.00017073678665781785
  },
  "KDP_AES": {
    "spread_z_eod": 0.05557005364749046,
    "spread_vol_5d": 0.0646708486522019,
    "vol_ratio": 0.035885919480852596,
    "hurst_20d": 0.0,
    "vr_5": 0.056841989633680735,
    "corr_20d": 0.023005943371164312,
    "spread_ret_5d": 0.054594827086016325,
    "intraday_vol": 0.030294593307262134,
    "cfg_lookback_minutes": 0.24895032711393844,
    "cfg_entry_z": 0.42975725672547505,
    "cfg_exit_z": 0.0003220278255522756,
    "cfg_stop_z": 0.00010621315636596757
  },
  "LRCX_AMAT": {
    "spread_z_eod": 0.030052083732378075,
    "spread_vol_5d": 0.0781145428662855,
    "vol_ratio": 0.037221786512384676,
    "hurst_20d": 0.0,
    "vr_5": 0.04544295713722064,
    "corr_20d": 0.027993265086173384,
    "spread_ret_5d": 0.024298067430663425,
    "intraday_vol": 0.07067520191851245,
    "cfg_lookback_minutes": 0.279862988893168,
    "cfg_entry_z": 0.40607091364959896,
    "cfg_exit_z": 0.0002099195914309625,
    "cfg_stop_z": 5.827318218411447e-05
  },
  "AMGN_HSY": {
    "spread_z_eod": 0.04362820433203482,
    "spread_vol_5d": 0.026930511565092338,
    "vol_ratio": 0.03154458187369265,
    "hurst_20d": 0.0,
    "vr_5": 0.031158210047490434,
    "corr_20d": 0.03982310189970743,
    "spread_ret_5d": 0.03925632233576581,
    "intraday_vol": 0.03434741360753667,
    "cfg_lookback_minutes": 0.34700016474444295,
    "cfg_entry_z": 0.4059342872255785,
    "cfg_exit_z": 0.0002897777194625004,
    "cfg_stop_z": 8.742464919591089e-05
  },
  "ESS_AVB": {
    "spread_z_eod": 0.058645859144601166,
    "spread_vol_5d": 0.07927304603806522,
    "vol_ratio": 0.09737540904536567,
    "hurst_20d": 0.0,
    "vr_5": 0.04468717752389117,
    "corr_20d": 0.054660809079080094,
    "spread_ret_5d": 0.07953469786374147,
    "intraday_vol": 0.037573481114615226,
    "cfg_lookback_minutes": 0.10976400267063986,
    "cfg_entry_z": 0.43817938528595385,
    "cfg_exit_z": 0.0002121507875386948,
    "cfg_stop_z": 9.398144650764063e-05
  },
  "ALGN_EQR": {
    "spread_z_eod": 0.06813052275201005,
    "spread_vol_5d": 0.05250885357603012,
    "vol_ratio": 0.07765963176907406,
    "hurst_20d": 0.0,
    "vr_5": 0.029682663297608644,
    "corr_20d": 0.04398392361816619,
    "spread_ret_5d": 0.05693872705679049,
    "intraday_vol": 0.032318280267755,
    "cfg_lookback_minutes": 0.254927114107215,
    "cfg_entry_z": 0.3834756139735611,
    "cfg_exit_z": 0.00030541967388472414,
    "cfg_stop_z": 6.924990790462248e-05
  },
  "ADBE_AKAM": {
    "spread_z_eod": 0.04062402160637969,
    "spread_vol_5d": 0.06227832124252138,
    "vol_ratio": 0.05221399623206374,
    "hurst_20d": 0.0,
    "vr_5": 0.056515632698475766,
    "corr_20d": 0.06042149319538851,
    "spread_ret_5d": 0.028696000368258687,
    "intraday_vol": 0.028185501543064866,
    "cfg_lookback_minutes": 0.2336830667186093,
    "cfg_entry_z": 0.4369681616645214,
    "cfg_exit_z": 0.0002820477713321641,
    "cfg_stop_z": 0.0001317569593845057
  },
  "BLDR_PHM": {
    "spread_z_eod": 0.03027501252493549,
    "spread_vol_5d": 0.02912641028869547,
    "vol_ratio": 0.04726238163283018,
    "hurst_20d": 0.0,
    "vr_5": 0.024589979105073732,
    "corr_20d": 0.044900583461304544,
    "spread_ret_5d": 0.027298110287014423,
    "intraday_vol": 0.04952314485351676,
    "cfg_lookback_minutes": 0.28090326068763,
    "cfg_entry_z": 0.4656094314059552,
    "cfg_exit_z": 0.0004466263037531306,
    "cfg_stop_z": 6.505944929109908e-05
  },
  "BXP_USB": {
    "spread_z_eod": 0.032693403317230176,
    "spread_vol_5d": 0.05112036904078119,
    "vol_ratio": 0.0399527066500802,
    "hurst_20d": 0.0,
    "vr_5": 0.030223341210181366,
    "corr_20d": 0.03226883741624282,
    "spread_ret_5d": 0.03316962774907068,
    "intraday_vol": 0.04069265795383548,
    "cfg_lookback_minutes": 0.26424086017133597,
    "cfg_entry_z": 0.4750789877157634,
    "cfg_exit_z": 0.0003934005361258307,
    "cfg_stop_z": 0.00016580823935283604
  },
  "AJG_BRO": {
    "spread_z_eod": 0.04560517012727185,
    "spread_vol_5d": 0.04213545170197649,
    "vol_ratio": 0.03312530125720684,
    "hurst_20d": 0.0,